不食人间烟火而已,512338767,22,2,210000,210800,,这首太好听了，刚出的时候还没太听懂，最近才细看,6039408199,1,2024-01-14 04:09:09
醒骨望春,1770245970,21,1,210000,210100,你一寐我梦如飞，你一醒我魂皆归,啥意思,6039107514,1,2024-01-13 20:51:01
最猴的猴儿,1577489728,0,0,0,100,Take it easy.,没有工作，觉得自己的生活很黑暗很焦虑。希望能快点熬过去。,6039088860,1,2024-01-13 20:19:42
阿勤嘿嘿嘿,1389765749,24,2,370000,370100,青年干饭王,我该如何追问，最热烈青春,6038769422,3,2024-01-13 07:38:14
studyhardforthedream,1401743455,0,1,0,100,,临姐四专目前最爱的一首！也有三专琉璃那种大无畏风格,6038334174,2,2024-01-12 12:20:38
墨默陌水,1735830828,19,2,410000,410100,人间是万象横看，竖成诗篇。,爱死编曲了,6037596478,1,2024-01-11 07:23:38
-玫瑰公爵小姐的望眼欲穿-,355665264,23,0,330000,330100,,西湖边有秋瑾墓好像..,6037475063,1,2024-01-11 00:46:50
捂住耳朵谢绝,274411502,27,1,360000,360300,人生之所幸，饱餐与被爱,我可为爱翻高山，越阔海，这辈子也只想为爱而活。只是，在遥远未来，真的会有那么一个人，孑然一身为我等待吗？,6037316744,1,2024-01-10 19:48:47
封印寂寞sqh,1441175021,40,2,1000000,1001900,,好诗！但似乎不是这首,6037146428,1,2024-01-10 11:00:52
玄澜瑾,1319847282,0,2,340000,340100,Die Luft der Freiheit weht.,灰原穷的编曲永远有梦幻灵动的特色 太好听了,6036966488,2,2024-01-09 22:55:34
sgjncvjj,1564889438,0,0,0,100,,她们是英雌,6036779700,1,2024-01-09 15:34:33
醒骨望春,1770245970,21,1,210000,210100,你一寐我梦如飞，你一醒我魂皆归,蝶恋花·代吕碧城赋作于西安场《沧海飞尘》后词笔重温旧忆醒，历历寒川，冷月磨天镜。可叹冬来无雁影，万纸思绝飞雪岭。远寄相思空记省，恨渺音尘，情字几成病。两地沉吟心共景，来日白头雪中定。,6036681600,3,2024-01-09 10:35:54
studyhardforthedream,1401743455,0,1,0,100,,加一，目前四专最爱这一首；穷叔也是永远滴神！,6035712527,1,2024-01-07 23:58:58
昵称已被占用-QAQ,2122735093,0,2,0,100,等风来 不如追风去,我心里四专目前的top1，果然还得是穷叔的编曲[多多可怜],6035107266,5,2024-01-07 01:46:13
亦时泠雨,554701442,21,2,500000,500108,桾薇，门马，银临的迷妹(手动菜灰🌚),吕碧城和秋瑾，可以去B站这首歌的pv下面，我有科普,6034099491,0,2024-01-05 12:52:58
littlelittlerice,417997934,26,2,640000,640100,little little cute rice五行缺水,这首歌背景什么，很好奇，一直找不到,6034081057,0,2024-01-05 12:20:30
KassUSa宇佐,386970492,0,1,0,100,做我想做，爱好不会成为饭碗，其他我不在意，我只想一点一点进步，直到有一天做出让自己满意的东西,drill？,6033708976,1,2024-01-04 17:52:00
silhouettes__,317821979,25,1,500000,500101,Money Power Glory.,这个鼓听着很drill啊,6033135628,2,2024-01-03 16:49:52
长水天涟,4872437846,0,0,620000,620100,,这首质量太高了，以后多让灰灰作曲[星星眼][星星眼],6032585339,7,2024-01-02 17:29:46
浮山生,1539485349,17,1,330000,330100,若有知音见采，不辞遍唱阳春,这首的笛声真的很有感觉！,6031110817,3,2023-12-31 09:40:07
pokuds,1863795262,30,1,440000,440100,心有猛虎，细嗅蔷薇,希望银临师姐天天开心，提前在这里祝你新年快乐，你一定要快乐啊师姐[多多大笑],6031042128,4,2023-12-31 02:56:04
一人之间1996,1749618467,0,1,320000,320300,,从无题雪等了四年了，女神太棒了,6030443836,3,2023-12-30 01:00:13
秒针失格,1529456131,20,2,510000,511500,,感觉新专每首的立意和主题都好新颖好特别好喜欢😍,6028874957,3,2023-12-27 09:48:14
东木依涵,1920229200,0,2,330000,330200,当我的敌人，战胜我的固执。,太好听了 也喜欢故事传递的情感,6027835822,2,2023-12-25 16:57:25
Omarion1021,105870664,0,1,0,100,,开场甚至给了我一种月華の螺旋的怀古感觉，真是太赞了！,6027802157,3,2023-12-25 15:31:29
心轩梦恋,1441142256,28,2,640000,640500,,愿风能吹散你的烦恼,6027770023,1,2023-12-25 13:58:55
天將明YS,3397994055,21,1,460000,469032,一生奔赴一场大无畏梦境，世人轻慢或艳羡着你。,我倒是觉得那里最好听，有种宿命感[多多耍酷],6027425824,1,2023-12-24 23:42:10
ikun的双木,1512769113,0,1,460000,469005,韩流算什么，我们坤流才是最吊的。,好听好听好听好听好听好听,6027264822,5,2023-12-24 19:58:57
GURRIN,597196256,25,1,0,100,无限扩大的思维，带着你的灵魂，飞跃……,思梦乡园，浮尘入海,6027199001,4,2023-12-24 17:39:34
削个椰子普梨斯,63131352,29,1,500000,500101,不负韶华，流光溢彩,啊银临子从不让人失望,6026722793,3,2023-12-23 21:53:06
南纬66海岸线,282064165,45,1,500000,500101,,词曲很好 就是最后高潮部分 人声快被淹没了啊 伴奏元素太多了 听不过来了 太纷繁了,6026347480,4,2023-12-23 01:43:27
烟岚离箫,512822361,22,1,350000,350100,欢乐沙雕,年度歌曲哩,6025963158,5,2023-12-22 10:43:56
huashui---3,1442761941,26,2,150000,150900,,君子无罪，怀璧其罪。匹夫无罪，偃鼓之罪。,6025591557,3,2023-12-21 15:46:37
咖啡飞卡布,578198970,0,2,0,100,好女孩上天堂，坏女孩走四方,山色有无中最喜欢的一首目前🙉🙉❤️,6025163288,2,2023-12-20 18:46:39
OB_Blues悦怿,1506786261,0,1,130000,130600,命由天，天由我。,年度歌曲打卡[多多耍酷],6025056792,2,2023-12-20 14:13:29
我萝莉控骄傲,1441068399,11,0,510000,513200,,若非有人为知己，何故折枝赠行人,6024474368,3,2023-12-19 16:06:08
阳春面有菜色,8861550815,0,0,0,100,,曾闻有书剑，应是别人收，,6024179883,5,2023-12-18 22:18:25
墨微明,1431156069,0,2,440000,440300,,两位英雌！,6023049448,6,2023-12-16 16:32:41
绯辞Rachel,1514341531,6,2,330000,330600,以为此生只消兵来将挡哪知因一人溃不能防,[多多大哭][多多大哭]宝宝欢迎你回家,6022654164,0,2023-12-15 21:21:48
在阿斯加德游手好闲,1544395460,0,2,0,100,,好听哭了………,6022426193,3,2023-12-15 11:15:02
清风做饰,1965082200,0,0,220000,220200,,泪目了😭,6022148768,4,2023-12-14 21:09:08
鹤栖竹云间,1778487976,0,2,320000,320200,,优秀,6021714183,2,2023-12-14 01:21:55
葳蕤惟微,1742544804,0,2,0,100,听鸿毛入水  沧海自起飞尘,渡关山重洋 逐陌路的黄昏,6021311192,2,2023-12-13 20:07:28
映或,479477759,0,0,0,100,,我听歌几乎只听旋律，但是，看了这首歌寄托的感情，突然好想哭，一种注定相逢的感觉，情谊如千金重，女人之间爱惜从来不需要理由,6020598799,3,2023-12-12 21:28:05
清歌换与烈酒,1760414436,0,2,440000,441400,人的一生应该怎样度过？,好美的歌，哭了,6020119172,4,2023-12-11 21:00:43
焰红云,581868852,0,1,140000,140200,,绣上,6019999070,2,2023-12-11 16:11:07
泉台歧路,1745223062,0,1,0,100,宁如飞萤赴火 不作樗木长春,真的好好哭o(╥﹏╥)o,6019527018,2,2023-12-10 15:55:26
青璃zi,1661545198,53,2,110000,110101,文思泉涌，畅而无穷。,听得我嗷嗷哭,6019428211,2,2023-12-10 12:14:14
烟岚离箫,512822361,22,1,350000,350100,欢乐沙雕,几天不见评论少了好多,6019212637,1,2023-12-09 23:41:44
挑灯问意,1884090844,16,2,0,100,only fools do what I do,呜呜呜呜呜呜呜好听,6019182006,1,2023-12-09 22:47:28
---xiaofeng---,579522197,1,1,330000,330300,,有没有听说唱的 感觉2:12后面beat有点像drill[心碎],6018936093,1,2023-12-09 14:14:35
jannyblue,271878758,28,0,120000,120104,,这首歌太好哭了,6018828504,2,2023-12-09 09:52:23
何须问_fly,484432530,22,2,330000,330100,咿呀——,看看我等级,6018316113,1,2023-12-08 14:11:14
乐者情之动也,8910805971,0,0,0,100,,点灯,6018238553,0,2023-12-08 10:40:35
wao_jr,509807169,24,0,510000,510100,,念月,6018222576,1,2023-12-08 09:53:46
天將明YS,3397994055,21,1,460000,469032,一生奔赴一场大无畏梦境，世人轻慢或艳羡着你。,第1001楼。,6017621978,5,2023-12-06 23:42:36
盐梭鱼梨,557080114,0,2,0,100,“情有独钟的是轻狂年岁，独上高楼宣苍龙来会”——《焦骨》本命银临、子弥、慕寒，墙头不才、司夏、贰婶……,怎么感觉评论总是在减少,6017574754,1,2023-12-06 22:22:03
盐梭鱼梨,557080114,0,2,0,100,“情有独钟的是轻狂年岁，独上高楼宣苍龙来会”——《焦骨》本命银临、子弥、慕寒，墙头不才、司夏、贰婶……,助力999,6017573333,1,2023-12-06 22:21:45
是无寄,1774619160,18,0,410000,411700,颜狗一只～,常听常新～[色],6017556260,2,2023-12-06 21:52:57
是无寄,1774619160,18,0,410000,411700,颜狗一只～,还是临姐喜欢的女性故事！！[亲亲][亲亲],6017555660,1,2023-12-06 21:52:26
是无寄,1774619160,18,0,410000,411700,颜狗一只～,循环无数遍咯[亲亲][亲亲],6017557108,1,2023-12-06 21:51:48
是无寄,1774619160,18,0,410000,411700,颜狗一只～,好听～,6017559808,1,2023-12-06 21:51:32
步步惊雩,8629722314,0,0,0,100,,OK啦，破999了,6017358640,1,2023-12-06 16:56:19
亦真如假,260951294,0,1,0,100,,蜉蝣渡海的感觉扑面而来。,6017340547,1,2023-12-06 16:35:37
studyhardforthedream,1401743455,0,1,0,100,,每日至少一遍,6017342991,1,2023-12-06 16:25:16
幽白黑乌云,286295634,0,2,0,100,词作。完整词作作品见歌单，主页显示不全，只关注私信的话其实很多歌也不会发私信的_(:з」∠)_,他所有评论大概都发了有几万条了，居然一条一条全删光了[惊恐],6017340786,3,2023-12-06 16:21:00
studyhardforthedream,1401743455,0,1,0,100,,怀念盖楼侠[大哭],6017034318,3,2023-12-05 22:58:15
落霞云归归,370770787,0,2,510000,511300,不遇东篱不知醉，静候十年待君归。,好听哭了,6016886991,2,2023-12-05 19:30:03
小太阳是你呀,477515114,0,2,0,100,,鸿毛入水沧海起飞尘,6016765441,3,2023-12-05 17:36:49
小秦西施,1319329156,24,2,370000,371500,字为骨血。心怀蒹葭，负雪流浪。,女性作家[拜],6016708168,0,2023-12-05 14:24:17
不倦的风总会吹向你_,1297745951,0,2,500000,500101,等我们老了就定居在重庆,一个名字，归属两个偶遇的灵魂。,6016471171,1,2023-12-04 23:59:48
不倦的风总会吹向你_,1297745951,0,2,500000,500101,等我们老了就定居在重庆,姐什么时候来重庆求求了,6016472746,1,2023-12-04 23:58:54
不倦的风总会吹向你_,1297745951,0,2,500000,500101,等我们老了就定居在重庆,今年最爱,6016471854,1,2023-12-04 23:58:43
-有枝-,3353464874,0,0,420000,421100,,原来如此 我说怎么评论突然少了这么多[惊恐][惊恐],6016458284,2,2023-12-04 23:37:20
杯中春露冷,1350585278,20,1,440000,440100,巧者劳而知者忧，无能者无所求,逐陌路的黄昏,6016322625,1,2023-12-04 19:08:54
白噪音-Rachel,3988035518,0,0,0,100,,这首的词曲都好有临味！好爱好爱[亲亲][亲亲],6016187355,1,2023-12-04 12:21:46
是七月啊seven,33348746,18,0,0,100,,超级喜欢这首歌,6016163281,1,2023-12-04 10:57:44
是七月啊seven,33348746,18,0,0,100,,沧海飞尘的评论还没到999[呆],6016163235,3,2023-12-04 10:57:02
幽白黑乌云,286295634,0,2,0,100,词作。完整词作作品见歌单，主页显示不全，只关注私信的话其实很多歌也不会发私信的_(:з」∠)_,咦那个盖楼的怎么把他评论全删了呀[惊恐],6016155320,5,2023-12-04 10:31:44
小秦西施,1319329156,24,2,370000,371500,字为骨血。心怀蒹葭，负雪流浪。,[亲亲],6016145415,0,2023-12-04 10:02:30
抱朴bp,1440135312,19,2,320000,320100,银库的碎银子,好的好的!upup,6016146955,1,2023-12-04 09:57:54
小秦西施,1319329156,24,2,370000,371500,字为骨血。心怀蒹葭，负雪流浪。,这里需要纠偏一下，秋瑾牺牲后，她的诸多女性伙伴都冒着生命危险以各种形式表达对秋瑾的支持，详情可参见颜海平老师的《中国现代女性写作与中国革命》,6016144956,27,2023-12-04 09:52:20
棠花吹雪,532109807,0,0,610000,610100,,临姐，见了你后，更意难平了,6016066606,7,2023-12-04 01:52:15
须瑅,611723396,5,2,350000,350800,,很有临味的一首歌，给我的感觉像无题雪，但是立意比它高得多,6015994384,16,2023-12-03 23:23:24
临溪寻花,402966068,0,2,0,100,,上次看到有一个女警也叫秋瑾，同名的故事一下子就想到了这首歌,6015822944,5,2023-12-03 18:07:55
云彻彻,137134512,30,1,530000,532900,我要这天地都为我让步,[流泪]越来越期待新专辑了，十一个故事，曾经多少故事都狠狠的触动,6015806037,3,2023-12-03 17:24:18
凉城深情gba,1441168798,14,0,230000,231200,,春回大地万物复苏,6015778975,1,2023-12-03 16:18:52
盐梭鱼梨,557080114,0,2,0,100,“情有独钟的是轻狂年岁，独上高楼宣苍龙来会”——《焦骨》本命银临、子弥、慕寒，墙头不才、司夏、贰婶……,助力999,6015733026,1,2023-12-03 14:39:57
十洲曲,581541550,23,2,360000,360100,因为春天来了，春天不会梦见死亡,你没见过我停我奔，我将未酬的夙愿殓入这孤坟……呜呜呜呜听哭了[流泪],6015722379,15,2023-12-03 14:21:18
步步惊雩,8629722314,0,0,610000,610100,,西安场听到了，超开心[色][色][色]，不才也来了，简直是双厨狂喜[亲亲][亲亲][亲亲][亲亲],6015691935,12,2023-12-03 13:17:01
陛下的天问,1504841938,0,2,360000,360100,,主歌太好听了,6015599944,3,2023-12-03 10:11:16
涯角er,1303687164,23,2,310000,310101,一世相伴，至赴涯角。,真的好沉迷这首歌谁懂，上次还是琉璃[流泪],6015355240,22,2023-12-02 22:34:02
躺被窝里起不来,1457648631,0,2,510000,511300,🌙,银临择荇灰原穷我的神[流泪][流泪][流泪][流泪][流泪][流泪][流泪][流泪][流泪][流泪],6015351443,3,2023-12-02 22:29:23
SirW001,1388863818,0,1,1000000,1000600,,春风夜雨谈及东海有惊雷，沧海自此起飞尘,6015162183,2,2023-12-02 15:32:58
夏葵飏月,325983847,0,2,0,100,and then there were none.,两个同样炽热的灵魂 以同一个名字交汇后迸发出更灿烂的光芒,6015162822,4,2023-12-02 15:28:28
东风第一枝-,627170942,0,0,0,100,芦荟一枚，爱王子，爱航天，爱古风！,音乐的旋律和银临的声音已经超级引人注目，听得如痴如醉，今天了解了歌词背后故事，更是感慨万千，爱不释手，潸然泪下！绝绝子哇～,6015079637,3,2023-12-02 12:26:03
人间新雪覆别离,545679639,27,2,440000,440200,“他教我收余恨，免娇嗔，且自新，改性情，休恋逝水，苦海回身，早悟兰因。”,这首歌越听越有后劲……,6014783444,3,2023-12-01 20:35:47
jannyblue,271878758,28,0,120000,120104,,书局分流了[大哭]实际我是在qq听了几天光看词儿觉得震撼想知道什么故事来的网抑云学习背景,6014433916,1,2023-12-01 09:59:07
巴别塔恶灵_,1426386214,0,0,1000000,1000500,,好羡慕[流泪],6014373806,0,2023-12-01 03:27:42
jannyblue,271878758,28,0,120000,120104,,感谢，真的是荡气回肠的故事与歌曲，热泪盈眶,6014114096,2,2023-11-30 18:59:50
ErrorL-,1761497263,0,1,0,100,青春永驻,气势就上来了，惊艳极了[SKR],6013729400,2,2023-11-29 22:43:54
studyhardforthedream,1401743455,0,1,0,100,,羡慕了!哪个学校这么有眼光呀？,6013600121,1,2023-11-29 17:56:49
studyhardforthedream,1401743455,0,1,0,100,,确实，都是一种大无畏的风格,6013599140,2,2023-11-29 17:56:15
回忆的照片,252059816,32,1,230000,230900,我会做我自己，别人怎么说那是他们的事,才子佳人,6013443098,1,2023-11-29 09:45:10
米兰精灵FF,1709612243,0,1,310000,310101,,听到了琉璃的感觉,6013281240,6,2023-11-28 23:06:42
ASDEFTRG,574313811,21,1,330000,330100,,好听好听好听,6013249820,1,2023-11-28 22:11:06
云彻彻,137134512,30,1,530000,532900,我要这天地都为我让步,别人问为什么喜欢银临，因为在里面听了太多的故事，从锦鲤抄开始就出不来了,6013076408,3,2023-11-28 15:26:38
水是剧毒的i,1442067436,21,1,340000,340100,,长沙场唱了终身成就,6012980000,1,2023-11-28 10:41:34
钰锋_,1459645093,0,1,150000,150900,,好好好,6012927881,1,2023-11-28 07:30:18
盗版吾一芥,1803539053,18,0,500000,500101,。,今天晚上校园广播放了[流泪]爷的青春值得了[流泪][流泪][流泪][流泪][流泪][流泪][流泪][流泪],6012685858,4,2023-11-27 18:51:51
桐叶_YZ,1773236594,20,2,0,100,万人中万幸得以相逢。,重名……好新颖的题材,6012324217,4,2023-11-26 21:34:01
studyhardforthedream,1401743455,0,1,0,100,,可能有相似的地方，毕竟这么多音乐，这在所难免；但绝对不是抄袭,6012028453,1,2023-11-26 10:55:26
传递正能量3_宽容包容大度心量大,1847822190,33,1,430000,430800,海纳百川，有容乃大! 心包太虚! 大度能容，容天下难容之事! 祝福大家智慧充满，身心健康，万事如意! 如果有打扰到您，对不起，请原谅!,生命是一道算术题，人生有加法、有减法，我们人生要加入自己高贵品格的力量，再加入财富、慈悲、关爱别人，要减去多余的物质、贪心的欲望、心灵负担、烦恼忧愁，安排人生进取的退舍。加法是成长，减法是一种成熟，人生有进有退，忍辱就是退，精进就是前。,6011741190,1,2023-11-25 20:38:17
三沐-,560997151,21,2,210000,210100,,挺好听的。  虽然好多地方我下意识就跟jj的愿与愁接上了（） 说不太出来 就是感觉风格很像？,6011632725,2,2023-11-25 17:07:43
studyhardforthedream,1401743455,0,1,0,100,,大概率会有的，这首歌发布之后长沙和成都场都有,6011486388,1,2023-11-25 10:52:18
studyhardforthedream,1401743455,0,1,0,100,,确实，临姐四专中目前我最喜欢的一首，是像三专《琉璃》那样的大无畏风格“燃歌”呢。,6011484526,5,2023-11-25 10:51:45
赛博萨摩,498620126,22,2,210000,210100,^ ^,真的好听，说不出来但是感觉有古早味道了,6010843611,9,2023-11-24 11:06:27
杏子不要酱,1793505674,23,2,650000,650100,姐有未婚夫，他叫查理苏,"我该如何追问，最热烈的青春，渡关山重洋，逐陌路的黄昏✨️",6010597040,3,2023-11-23 21:37:30
乄汐颜乀,4916315994,36,1,320000,320500,,致敬秋瑾和吕碧城,6010504670,4,2023-11-23 18:18:01
MY名佚,446326086,0,2,320000,320100,,呜呜呜呜南京要是也能听到现场唱这首就好了呜呜呜,6010491183,1,2023-11-23 17:31:08
秋衡_,342738514,0,2,0,100,,好听哦,6010467693,1,2023-11-23 16:17:45
千秋是个小朋友,6414576476,0,0,120000,120101,多情种，无情人,长沙那个现场我去了，我真的是佩服一个大哥，别人都是跟唱，他直接和声。都说临临古风圈女版伍佰，此言不虚，她不用唱，跟唱，和声都有，她就在上面跳一宿大家都捧[亲亲],6010378643,11,2023-11-23 11:14:04
_谁先松手,277260729,25,1,610000,610100,遇到好听的歌便会单曲循环,希望西安场能听到哈[色][色],6010226545,1,2023-11-22 23:57:38
窥见月光退,1626374628,20,1,450000,451000,,这首歌的前奏真的好戳我[色][色][色],6009847732,3,2023-11-22 13:20:57
甜糖和风,3986862423,0,2,420000,420100,我纵身一跃，跳进人的海洋,长沙听了现场！！！,6009576431,2,2023-11-21 21:16:47
听雨歌楼上-_,567309009,22,2,0,100,,好好听,6009446808,2,2023-11-21 14:17:41
迟小迟w,1340686057,0,0,450000,450400,,好喜欢好喜欢这首歌(◦˙▽˙◦) 反复单曲循环,6009157943,1,2023-11-20 21:08:06
人参君,126394510,0,0,360000,360300,,现场第一次听，回来补。,6008989613,1,2023-11-20 12:54:06
月亮是个哑巴_,1764359307,17,2,430000,430200,捱过冬尽春来，难捱人心更改,没抢到票啊啊啊啊,6008985144,1,2023-11-20 12:39:54
亦卿鸢,1289850328,0,2,0,100,何谓枯荣又何谓云泥,评论终于破千了，1w5红心只有1000评论这合理吗[心碎],6008977398,4,2023-11-20 12:11:49
偏爱漫漫长夜,377084740,21,2,430000,430100,佳,长沙场听了！最近最爱的，没想到可以现场听！,6008642089,1,2023-11-19 18:28:28
2Vesper7,1979399977,17,2,1000000,1007700,我用尽全力寻找的人是你吗,长沙场唱了，好感动[流泪],6008508086,2,2023-11-19 12:42:00
apxsbenvid,2072494771,0,0,0,100,,谁！不！是！呢！,6008346544,1,2023-11-19 01:47:44
映或,479477759,0,0,0,100,,长沙唱了！！！！！！！！我好爱啊啊啊啊啊,6008288472,8,2023-11-19 00:07:09
三九木那个染,553379453,0,0,0,100,"St Lawrence river， a quarter to five.",真的好喜欢，还得是穷叔这句话我要说烂了,6008097690,5,2023-11-18 18:32:54
原创写词布朗族阿三,8938435502,0,1,530000,530900,地头写词田间唱歌，爱写词的璞曼族山寨农民阿三。布朗族是布朗族、濮族、乌族和璞曼族几个少数民族的统称，布朗族九万多人口。双江的璞曼族一千多人,@原创写词布朗族阿三 [强][强][强],6008072482,0,2023-11-18 17:31:02
羡喵溜毛球,1483365336,22,2,500000,500101,不论功名，不计得失,碧城明因,6007994725,1,2023-11-18 14:17:01
阑兰蓝岚拦,3245996969,0,0,0,100,随心听 随心享 随心念,上次有这种感觉的是琉璃 我最爱的,6007758715,8,2023-11-17 23:41:43
-菜头菜花菜小狗,434840090,19,1,310000,310101,坟头长花儿赠故人,确实,6007740236,4,2023-11-17 23:03:19
uni_一只黑土土,1857886397,0,2,1000000,1005500,人生不摆烂，快乐少一半,编曲上较不老梦还是差了一点,6007735685,0,2023-11-17 22:58:12
uni_一只黑土土,1857886397,0,2,1000000,1005500,人生不摆烂，快乐少一半,像是回到了17年那时候的《蚍蜉渡海》,6007735491,6,2023-11-17 22:56:14
天將明YS,3397994055,21,1,460000,469032,一生奔赴一场大无畏梦境，世人轻慢或艳羡着你。,俺！也！一！样！,6007546943,1,2023-11-17 18:41:27
秒针失格,1529456131,20,2,510000,511500,,我！也！是！,6007240835,2,2023-11-16 23:47:39
云村村民164947310255557,7805116963,0,0,510000,510100,,我！好！喜！欢！银！临！,6007048536,6,2023-11-16 16:09:23
西山陌雨,357263549,0,2,0,100,,这首牛，是早些年的味道,6006890346,3,2023-11-16 02:53:37
在果汁厂抹水泥,1361276236,0,0,510000,513400,,像日本的《星屑》[呆],6006766254,0,2023-11-15 22:11:24
L5276,2023834320,0,0,0,100,5276,每日一听,6006757945,2,2023-11-15 21:50:32
L5276,2023834320,0,0,0,100,5276,哇，破999啦,6006758826,2,2023-11-15 21:49:35
天將明YS,3397994055,21,1,460000,469032,一生奔赴一场大无畏梦境，世人轻慢或艳羡着你。,一千被你抢到了[大笑],6006736534,2,2023-11-15 21:12:07
wy_7437,534141782,0,2,0,100,词作 忘韵,质量太高了，棒棒！,6006720820,1,2023-11-15 20:27:10
小西施眠了ovo,1474960583,22,2,330000,330400,,终于破999啦,6006658816,1,2023-11-15 17:43:00
风尘过兮,247909692,27,1,110000,110101,醉千秋，龙影随风；寻万载，沧浪剑赋,我提一句古剑2有人懂吗,6006652097,2,2023-11-15 17:25:02
迷途猫丶Kbsj,137635631,33,0,420000,420100,,战战站,6006626267,1,2023-11-15 16:01:35
鹤芪er,1497141156,20,2,0,100,失我者永失，世间再无我,落泪，临子这首质量太高了，有19年那味了,6006535619,81,2023-11-15 11:30:57
烟岚离箫,512822361,22,1,350000,350100,欢乐沙雕,终于999了，有种看着孩子长大的感觉,6006479880,7,2023-11-15 08:09:12
寐霜,1430115258,3,2,0,100,水成冰，春风吹不皱,蹲个 999+,6006144085,1,2023-11-14 22:44:24
未眠呀i,533974807,0,2,420000,420100,,好！,6006087243,1,2023-11-14 21:08:08
秒针失格,1529456131,20,2,510000,511500,,新思路,6006086873,2,2023-11-14 21:04:21
秒针失格,1529456131,20,2,510000,511500,,新专出了的应该都会唱[吐舌],6006085015,1,2023-11-14 21:03:12
秒针失格,1529456131,20,2,510000,511500,,真的很爱，听到了线下首唱[憨笑][憨笑],6006085809,3,2023-11-14 21:02:37
不倦的风总会吹向你_,1297745951,0,2,500000,500101,等我们老了就定居在重庆,真的好喜欢,6006018078,2,2023-11-14 18:40:02
东-羊,1781620990,20,2,440000,440500,,卷娘真的太会写了[流泪]银子姐唱的也很绝，听一次哭一次[多多大哭],6005946425,1,2023-11-14 14:55:09
时雨秋风道尽凄凉画扇,1758328717,0,0,110000,110101,,这两首歌真的好好听啊，好好听,6005872793,2,2023-11-14 10:23:27
明月落在秦弦外,261996653,0,2,360000,360900,,来听歌了,6005696215,1,2023-11-13 22:47:00
未眠呀i,533974807,0,2,420000,420100,,希望长沙场有[多多比耶],6005645593,2,2023-11-13 21:22:08
沐兮攸宁,1846966728,0,2,0,100,识得君音，三生有幸,预言必唱的歌：眠花去 沧海飞尘,6005574660,5,2023-11-13 18:43:04
mm暝,1886620102,0,0,510000,510100,,[多多比耶][多多比耶],6005571898,1,2023-11-13 18:26:44
陆千灯,123671127,21,2,420000,420200,我欲穿花寻路，直入白云深处。,原来我们遴选过，心有灵犀的某个称谓，署名在动荡的年岁。碧城的故事太让人心潮沸滚。,6005547570,8,2023-11-13 17:20:43
昔年书寒窗,437539259,0,2,0,100,平面设计@寒窗,哈哈哈一看就是成都场的姐妹！,6005551076,1,2023-11-13 17:19:36
mm暝,1886620102,0,0,510000,510100,,有幸听了线下首唱[多多大笑][多多大笑]狠狠爱上了,6005525365,4,2023-11-13 15:56:54
HF-某人眉毛会唱歌,113570686,33,2,500000,500101,舞低杨柳楼心月,故事很好,6005430342,2,2023-11-13 10:10:43
天將明YS,3397994055,21,1,460000,469032,一生奔赴一场大无畏梦境，世人轻慢或艳羡着你。,嘿嘿，早上好[可爱],6005415380,1,2023-11-13 09:17:11
潘塔罗涅KD,1547866026,22,2,130000,130400,为你所向披靡,真的好好听,6005402643,2,2023-11-13 08:12:02
天將明YS,3397994055,21,1,460000,469032,一生奔赴一场大无畏梦境，世人轻慢或艳羡着你。,反向预测[大哭],6005400524,3,2023-11-13 08:01:20
Lcreams,1738096062,0,1,510000,510100,,来还愿！！还是临姐第一次现场唱！！！,6005397519,1,2023-11-13 07:58:43
言希mio,78731055,0,0,0,100,一身荣光为你加冕。,这首个人风格好强烈啊，两个人都是,6005319622,1,2023-11-13 00:25:42
幽白黑乌云,286295634,0,2,0,100,词作。完整词作作品见歌单，主页显示不全，只关注私信的话其实很多歌也不会发私信的_(:з」∠)_,来还愿！！！昨晚听到了这首的现场啊啊啊啊啊啊啊啊啊啊啊！！！[多多大哭][多多大哭][多多大哭][多多大哭][多多大哭][多多大哭],6005247556,10,2023-11-12 22:30:14
孤竹流萤,633544996,23,2,510000,510100,琴瑟愿与，共沐春秋。,第一句总是觉得耳熟，想了一下，和花与酒第一句的调子有点像“像流沙之中未覆灭的枯泉”,6005200655,7,2023-11-12 20:59:04
寒牵,1502211822,0,2,320000,320100,“等到风雨停歇 就是我们快要见面的时刻”,真的好喜欢这首！一耳朵爱上,6005195664,1,2023-11-12 20:47:30
乱世舞,1530603168,19,1,440000,440500,,我的歌单，他化自在，应时代品味大劫而生，喜phonk者不容错过,6005155448,1,2023-11-12 19:18:01
汝南兮_,1918610426,23,2,230000,230200,,哭死，致敬两位伟大的女士,6005130749,2,2023-11-12 18:04:29
汝南兮_,1918610426,23,2,230000,230200,,眼看沧海竟成尘，寂锁荒陬百感频。,6005125706,5,2023-11-12 18:04:00
盐梭鱼梨,557080114,0,2,0,100,“情有独钟的是轻狂年岁，独上高楼宣苍龙来会”——《焦骨》本命银临、子弥、慕寒，墙头不才、司夏、贰婶……,长沙见！,6004985619,1,2023-11-12 12:58:44
云匿Rachel-,1890070289,21,2,330000,330100,账号已注销,四五,6004961294,1,2023-11-12 11:57:24
云匿Rachel-,1890070289,21,2,330000,330100,账号已注销,四四,6004962009,1,2023-11-12 11:57:19
云匿Rachel-,1890070289,21,2,330000,330100,账号已注销,四三,6004963792,1,2023-11-12 11:55:34
云匿Rachel-,1890070289,21,2,330000,330100,账号已注销,四二,6004961156,1,2023-11-12 11:55:30
云匿Rachel-,1890070289,21,2,330000,330100,账号已注销,肆意,6004960297,1,2023-11-12 11:55:25
云匿Rachel-,1890070289,21,2,330000,330100,账号已注销,四十,6004961848,1,2023-11-12 11:55:19
云匿Rachel-,1890070289,21,2,330000,330100,账号已注销,三九,6004961839,1,2023-11-12 11:55:14
云匿Rachel-,1890070289,21,2,330000,330100,账号已注销,三八,6004959274,1,2023-11-12 11:54:06
云匿Rachel-,1890070289,21,2,330000,330100,账号已注销,三七,6004960190,1,2023-11-12 11:54:01
云匿Rachel-,1890070289,21,2,330000,330100,账号已注销,三六,6004960182,1,2023-11-12 11:53:54
真的好想喝1点点,395057504,0,2,0,100,听情歌是因为嗑拉了,好吧好久不特意听银临这些人的歌了，但是日推一开口就听出是谁了,6004910751,2,2023-11-12 09:46:30
云印雪,4005256462,16,2,440000,440100,除却巫山不是云,潇湘水断，宛委山倾珠沉园折，玉碎连城甫瞻松槚，静听坟茔千年万岁，椒花颂声,6004761896,2,2023-11-11 23:42:34
宬ch,8821093380,24,0,510000,510100,拨雪寻春，烧灯续昼。,把旧规则 全都摔破，劲风谁能锁，天衢辽阔 光阴磅礴，重写平戎策。,6004748481,1,2023-11-11 23:25:32
小满啊zy,1862296868,16,2,610000,610400,苍梧白头北岸，春秋信笺俱烧与南辕。,分明你我都背负不约而同的怀璧之罪，签订在韶华的结尾。,6004729989,2,2023-11-11 22:48:47
刘某某181017,1643678651,16,2,130000,130900,,银临女神四专加油！这是琉璃之后又三年了，我始终在这里支持着永不离去，银临总能带给我震撼[多多大哭],6004682963,5,2023-11-11 21:27:08
沉沉Aria,3885340088,20,2,320000,320100,,好听！,6004626795,2,2023-11-11 19:24:46
亦书亦乐,4031117187,0,0,0,100,,临姐写歌的角度好特别，都能听到临姐的思考[多多大笑],6004579688,7,2023-11-11 17:42:14
年年在听呀,348494783,0,2,440000,440600,,每一句歌词都好戳我[多多大哭][多多大哭]真的感觉身临其境，回到那个动荡年代，见证了两位伟大女性的一生,6004525696,11,2023-11-11 15:58:41
银临小仙女,250903847,26,2,440000,440300,银临小仙女是我的！,女神的歌曲质量越来越好了,6004514692,3,2023-11-11 15:23:55
烟岚离箫,512822361,22,1,350000,350100,欢乐沙雕,999冲冲冲,6004459334,2,2023-11-11 12:52:08
陌小卿w,6311253844,20,2,330000,330100,天道酬勤 自在随心,我感觉 可能是在微小的事/人物在历史的长河中也能产生一定的影响？（hhh可以去看看热评[奸笑],6004420261,0,2023-11-11 11:07:49
凤嫣,301331333,22,0,140000,140100,随我一起化作明灯。,这样的歌曲就应该大爆！！！,6004408864,1,2023-11-11 10:26:59
凤嫣,301331333,22,0,140000,140100,随我一起化作明灯。,助力999,6004407947,1,2023-11-11 10:26:40
自赏摇滚猫猫,595135176,0,0,0,100,猫猫无处不在,好听到哭了 太美了,6004291343,3,2023-11-11 00:32:49
自赏摇滚猫猫,595135176,0,0,0,100,猫猫无处不在,这首非常不错,6004291210,2,2023-11-11 00:31:25
扬羔发发_,2072273679,21,2,310000,310101,,啊啊啊好听,6004236410,1,2023-11-10 23:23:10
l-南风知我意-l,8551164442,15,2,360000,360100,,好听[憨笑],6004225394,4,2023-11-10 23:01:16
L5276,2023834320,0,0,0,100,5276,太好听了,6004210167,2,2023-11-10 22:33:02
默落morrol,3583746877,21,1,140000,140600,,正在准备明天的考试，突然发现临姐更新了，听到耳机里传来临姐的声音，还是一如既往地让人安心，从初中到大三，陪伴了我无数个日日夜夜，是我最无法割舍掉的底色,6004153840,5,2023-11-10 20:32:22
宴袊,1764058563,0,2,0,100,,啊啊啊啊啊啊啊好好听啊啊啊～我该如何追问最热烈青春～,6004128519,1,2023-11-10 19:41:17
梧桐苑中有家雀,1406990158,0,1,440000,440600,它朝若是两相望，再从头多少美好不放手！,听哭了(´;︵;`),6004114066,1,2023-11-10 18:54:49
顾瑶晞,600534360,0,2,0,100,~o(〃'▽'〃)o,好喜欢！！！两个追寻自由的灵魂的相遇[流泪],6004102535,2,2023-11-10 18:28:25
谁为谁何,325650476,21,0,370000,371000,,ht,6004097225,1,2023-11-10 18:09:59
云村村民165406939221588,7881635157,0,0,440000,440100,,为什么叫沧海飞尘？不懂就问,6004006412,0,2023-11-10 13:17:17
云村村民165406939221588,7881635157,0,0,440000,440100,,致敬两位女性烈士[拜][拜][拜][拜][拜],6004005550,7,2023-11-10 13:14:41
汋录,129301292,23,2,510000,510100,浪漫三分。,明天见！,6003942718,1,2023-11-10 10:22:55
是揪揪不是啾啾_,1330303201,0,2,0,100,南风知我意，吹梦到西洲。,明天见！,6003915861,1,2023-11-10 08:32:32
何须借明月,396252482,0,2,0,100,现世比诗更浪漫,“署名在动荡的年岁”,6000332852,1,2023-11-10 00:22:47
何须借明月,396252482,0,2,0,100,现世比诗更浪漫,“署名在动荡的年岁”,6000378841,1,2023-11-10 00:21:44
刹那芳飞,74889466,28,1,330000,330300,,支持,6003816130,1,2023-11-10 00:08:38
柠檬小奶绿,48223112,0,2,0,100,杠精真多，不如好好听歌。,可能网易云的用户流失太多了,6003777213,0,2023-11-09 23:09:29
爱杰杰真是太好了Zz,280466387,0,0,500000,500101,,哈哈,6003727166,1,2023-11-09 21:35:52
春日迟迟采繁祁祁,3305780082,33,2,350000,350100,,女孩子之间的牵绊与联系即使过了很多年，也在历史的洪流中闪闪发光熠熠生辉,6003660316,10,2023-11-09 19:25:30
抱朴bp,1440135312,19,2,320000,320100,银库的碎银子,“我将未酬的夙愿殓入这孤坟”1907年，秋瑾遇害，无一人敢为其收尸，惟有吕碧城不顾安危，偷偷拿回秋瑾尸体，将其葬在了西湖的西泠湖畔。,6003630628,209,2023-11-09 18:20:55
天將明YS,3397994055,21,1,460000,469032,一生奔赴一场大无畏梦境，世人轻慢或艳羡着你。,啊？,6003559569,0,2023-11-09 14:52:16
rachelsdream,1846237406,19,1,610000,610100,这个人很懒，什么也没有没有留下,助力,6003539340,3,2023-11-09 13:30:11
旋转不爱中,5194441890,24,1,440000,445300,孰道可死有人舍，多少葬在相离别。,你应该手指微微颤抖地在右面轻轻点个赞 傻小子,6003518462,0,2023-11-09 12:36:13
步步惊雩,8629722314,0,0,610000,610100,,这么好听的歌评论这么少，不应该呀,6003493845,3,2023-11-09 10:58:24
阿呆亦相随,310250637,23,1,440000,440100,彩虹岛我喜欢,还是好听,6003489144,1,2023-11-09 10:43:23
studyhardforthedream,1401743455,0,1,0,100,,北京场小银子表示很赞[多多笑哭],6003356817,1,2023-11-09 00:19:58
微凉杏雨,3223622361,0,2,350000,350100,,我该凭谁相认最热烈青春，渡关山重洋，逐陌路的黄昏。茫茫碧草孤城，谁唤我一生，听鸿毛入水， 沧海自起飞尘。,6003228073,12,2023-11-08 20:37:43
超人心Miles,545107241,22,1,510000,510100,,太好听了，期待巡演上能有这首,6003229899,4,2023-11-08 20:36:14
爵迹风津道,101808541,0,0,0,100,快乐就好,好爱,6003219870,1,2023-11-08 20:20:21
是西瓜呀w,1324725723,0,0,230000,230900,,好好听，为什么评论这么少,6003199624,2,2023-11-08 19:38:14
鹤芪er,1497141156,20,2,0,100,失我者永失，世间再无我,都是原装配对啊，择荇灰原穷，是风动那两位[流泪],6003176024,0,2023-11-08 18:35:13
旋转不爱中,5194441890,24,1,440000,445300,孰道可死有人舍，多少葬在相离别。,银临的歌到现在还是小家子气小家子意思[大哭],6003141903,1,2023-11-08 16:56:53
十一月也,1618068955,19,2,330000,330100,人生没有对错，只有值不值得.,助力999+，这么好的曲子不该不火[大笑],6003108882,2,2023-11-08 14:53:54
十一月也,1618068955,19,2,330000,330100,人生没有对错，只有值不值得.,“我该凭谁相认最热烈青春”,6003104600,3,2023-11-08 14:53:29
凤归_,1387371903,20,1,500000,500101,喜欢银临和黄诗扶T^T！不解释不接受反驳,我也觉得很奇怪。。但是这次的宣传已经很到位了，b站有宣传视频，微博临姐和工作室都有宣传，连巡演都是跟四专同名，眠花去甚至已经有两次线下了……不知道为什么评论这么少,6002935489,1,2023-11-08 01:05:14
-有枝-,3353464874,0,0,420000,421100,,好听好听,6002908599,2,2023-11-08 00:14:54
岑吹,1737428579,17,2,330000,330300,“众生庸俗且可爱”,“认定你我都绝非 倒悬江河中泛泛之辈”,6002870515,1,2023-11-07 23:11:50
岑吹,1737428579,17,2,330000,330300,“众生庸俗且可爱”,“你没见过我停 我奔 我将 未酬的夙愿殓入这孤坟 一个名字 归属两个偶遇的灵魂”,6002869560,7,2023-11-07 23:11:10
岑吹,1737428579,17,2,330000,330300,“众生庸俗且可爱”,“分明你我都背负 不约而同的怀璧之罪 签订在韶华的结尾”,6002869488,6,2023-11-07 23:10:22
鸣珂Rachel,4990792968,0,1,0,100,,助力！,6002822694,1,2023-11-07 21:44:37
studyhardforthedream,1401743455,0,1,0,100,,个人感觉可能还是因为古风圈缺乏足够的流量和资本推动吧，在这个快节奏的流量为王的时代，反倒是那些所谓抖音热歌更容易吸引流量播放量更高，实在是让人感到可悲。不过有一说一临姐这首歌质量还是挺高的，可惜的是缺乏流量。,6002776625,8,2023-11-07 20:12:48
南巷清风_,78733829,19,2,130000,130300,如果不爱，也请别伤害她。,太喜欢了[流泪][流泪][流泪],6002773180,1,2023-11-07 20:02:02
WLNIGHTINGALE,3899740411,19,0,350000,350100,,尽管trap成分还是流俗了 但是songwriting功底确实厉害,6002708728,2,2023-11-07 17:11:27
天將明YS,3397994055,21,1,460000,469032,一生奔赴一场大无畏梦境，世人轻慢或艳羡着你。,连古风榜都没上过[流泪],6002596280,1,2023-11-07 10:50:03
唯剑与雪,4026691768,33,0,1000000,1003500,清风来对阵,这样吗[流泪],6002596217,1,2023-11-07 10:48:59
天將明YS,3397994055,21,1,460000,469032,一生奔赴一场大无畏梦境，世人轻慢或艳羡着你。,本来就是八百多[流泪][流泪],6002596194,2,2023-11-07 10:48:19
云遮了月光,3949547387,0,2,0,100,,打卡,6002493047,1,2023-11-07 00:54:36
唯剑与雪,4026691768,33,0,1000000,1003500,清风来对阵,前几天不是1000+了吗现在怎么800+什么情况,6002492781,2,2023-11-07 00:50:42
春霖甘露,435774566,0,2,460000,460200,,终于等到了！,6002411966,1,2023-11-06 22:33:52
kylin七林,541194613,25,2,510000,510100,好听的声音会让人很开心..,好好听[流泪][流泪],6002402546,3,2023-11-06 22:20:41
lhy1629,247622259,29,0,440000,440200,,真的是好听,6002397966,1,2023-11-06 22:09:35
不肯蓝域,1479771598,21,2,410000,411000,晚夜玉衡，北斗仙尊.,盖个楼,6002324937,1,2023-11-06 19:33:30
闲方好_,474265224,24,1,430000,431100,一生奔赴一场大无畏梦境。,认定你我都绝非 倒悬江河中泛泛之辈,6002272371,1,2023-11-06 16:58:08
姜箬ya,1313350250,0,2,0,100,我的少年那样朗然，那样温柔果敢，纵容我一生天真浪漫。,好听好听～,6002267361,1,2023-11-06 16:42:36
盐梭鱼梨,557080114,0,2,0,100,“情有独钟的是轻狂年岁，独上高楼宣苍龙来会”——《焦骨》本命银临、子弥、慕寒，墙头不才、司夏、贰婶……,助力,6002258672,1,2023-11-06 16:15:54
李常超今天营业了吗,481318269,0,2,0,100,。,不知道嘞，但是这个字，很乱很乱，跟之前专辑的题字天差地别，没感觉沧海飞尘，感觉拔丝地瓜（胡乱拉丝）除非是灰原穷写的当我没说（不是）,6002255698,0,2023-11-06 16:03:25
云清晴okay,3339791116,0,0,410000,411500,,题字是谁呀，感觉还挺好看的？,6002257975,0,2023-11-06 15:59:31
夜葵w,1296487179,0,1,360000,360800,,好喜欢！,6002246428,1,2023-11-06 15:25:13
六线的谱,1429179935,0,2,0,100,,是的是的，像之前离地专是QQ那边先上线，于是我又用回了好久不打开的QQ音乐，而且今年沧海飞尘上线的时候我的关注私信没有提醒，是我卡点进主页才显示的,6002246999,3,2023-11-06 15:18:46
寒尘子,406622173,24,2,330000,330100,终是人间相逢时,999助力,6002228082,3,2023-11-06 14:17:44
MAGICSEv3N,3576929118,0,0,0,100,,神曲无需多言,6002217638,5,2023-11-06 13:48:09
动商,107140608,0,0,0,100,银临资深迷妹||忘川风华录||老古风人||时之歌时泪,助力999+，真的太喜欢了每天十遍[流泪],6002172895,1,2023-11-06 11:11:27
幽白黑乌云,286295634,0,2,0,100,词作。完整词作作品见歌单，主页显示不全，只关注私信的话其实很多歌也不会发私信的_(:з」∠)_,我觉得也有听众分流的原因，之前临姐的歌基本只有网易云有所以大家都只能在网易云听，但近几年变成很多歌只有Q音有了，所以很多听众都去Q音了网易云这边听众就变少了[多多捂脸]另外19年底网易云抽了次风，在这之前就关注的很多人会收不到新歌私信了，评论也是那个时候变少的[禁止],6002135558,9,2023-11-06 09:05:52
谓之神隐,55755153,33,1,420000,420100,,卷娘真的好棒啊啊啊这个词和临子的演唱和灰哥的曲真的，相得益彰，互相成就，这词给我听哭了都快，太伟大了呜呜呜呜呜好喜欢卷娘的词风，完美的讲述了这个发生在乱世中的巾帼故事,6002085569,2,2023-11-06 02:44:47
六线的谱,1429179935,0,2,0,100,,感觉也有宣发问题TT近几年古风的热度是这样的，不过这首是真的好听😭😭,6002004337,3,2023-11-05 23:18:49
西氿氿,1414399047,17,2,330000,330200,,卷娘你是我的神呜呜呜呜,6002002152,1,2023-11-05 23:16:20
思你如沫亦是思沫,637108448,17,2,510000,511400,时间从未停歇,好听,6001989513,1,2023-11-05 22:57:25
uiliuilibb怪,3237420515,16,1,370000,370200,,沧海飞尘这么好听怎么还没有999+ 怒了💢 先投了500云币[怒],6001950392,8,2023-11-05 21:44:51
夜雨潇潇路漫长,1658050550,0,0,1000000,1003800,,支持,6001934538,2,2023-11-05 21:16:52
盐梭鱼梨,557080114,0,2,0,100,“情有独钟的是轻狂年岁，独上高楼宣苍龙来会”——《焦骨》本命银临、子弥、慕寒，墙头不才、司夏、贰婶……,不懂为什么现在评论这么少,6001916351,2,2023-11-05 20:39:57
魔法少女千夏,264672283,0,2,1000000,1005500,越长大越享受孤独。,这歌太美了（各方面），出不来了[流泪][流泪],6001913506,5,2023-11-05 20:34:24
LetsDancewith,1652867651,0,2,0,100,让我们过分天真地爱吧,主歌把前面的氛围烘托太高了，如果副歌再惊艳一点就更更更好了[大笑]穷叔挺会写歌的，会写多写啊啊啊,6001819743,1,2023-11-05 16:35:09
焦尾儿琴,425009277,0,2,110000,110105,,火前留名,6001808249,4,2023-11-05 16:12:33
好喜欢乙帅捏,1347301413,18,2,360000,360200,作业很多,刚刚从秋瑾故居出来[流泪][流泪]“认定你我都绝非倒悬江河中泛泛之辈，是重名的乱世萍水。”,6001782904,21,2023-11-05 14:59:08
夏虫不可语冰Rachel,6424982247,0,1,610000,610100,开成花灾的玫瑰，不是灿烂，而是荒凉,好听哭了,6001782819,1,2023-11-05 14:57:56
光玉之守护,421373490,25,1,110000,110101,无论将来发生什么事情，都请不要后悔与我的相遇。,真的很爱这首。临味足，反复循环[多多大笑],6001781851,4,2023-11-05 14:55:29
光玉之守护,421373490,25,1,110000,110101,无论将来发生什么事情，都请不要后悔与我的相遇。,999助攻[好听哭了],6001777568,2,2023-11-05 14:54:32
阿允布谷布谷,352216408,23,1,0,100,合窗之前风一瓣瓣，如花雪般浓灿,银临临每张专辑都有一两首让我觉得特别的歌，四专已出的两首都好棒啊,6001772571,3,2023-11-05 14:48:21
岑吹,1737428579,17,2,330000,330300,“众生庸俗且可爱”,“一个名字 归属 两个偶遇的灵魂”,6001730725,1,2023-11-05 13:15:23
傻兔萌萌,592604068,0,1,1000000,1000100,,主歌高级，副歌抓耳，一出副歌真的想哭[流泪]不仅是两位女英雄，还有最近逝去的男英雄[流泪][流泪],6001732371,3,2023-11-05 13:13:58
长恨幽宁,4950154806,23,2,310000,310101,诗酒趁年华,梦回蚍蜉渡海,6001731337,1,2023-11-05 13:13:55
幽白黑乌云,286295634,0,2,0,100,词作。完整词作作品见歌单，主页显示不全，只关注私信的话其实很多歌也不会发私信的_(:з」∠)_,一周了，居然还没有999+[多多大哭]放前几年这是根本不可能的事情，19年左右可是十分钟999+的盛况啊QAQ那几年临姐发歌评论数都是至少4000[多多大哭],6001727568,43,2023-11-05 13:04:18
3K路公交,1924600780,23,2,500000,500101,关于我在梦里追公交车从午夜追到天亮这件事,有是风动那味儿了，DNA动了,6001708019,1,2023-11-05 12:14:39
小满啊zy,1862296868,16,2,610000,610400,苍梧白头北岸，春秋信笺俱烧与南辕。,为啥这首歌这么好听评论这么少👉🏻👈🏻我记得当时出三专的时候很快就999+了啊（这次新专的宣发真的是……）,6001678831,13,2023-11-05 11:04:43
小满啊zy,1862296868,16,2,610000,610400,苍梧白头北岸，春秋信笺俱烧与南辕。,对对对真的很感动！[色],6001668632,1,2023-11-05 10:50:32
LetsDancewith,1652867651,0,2,0,100,让我们过分天真地爱吧,这首歌的主歌部分太好听了……“时人争羡我哭我笑”这里节奏和情感的递进特别特别牛逼……相比之下，副歌的旋律有些些平庸，有点遗憾啊啊啊[流感],6001672734,19,2023-11-05 10:50:02
o它山之石o,325055438,0,2,0,100,北辰者，不为俗所移，居其所，众星遥向而拱之。,我该如何追问，最热烈青春,6001650235,1,2023-11-05 10:03:51
岑吹,1737428579,17,2,330000,330300,“众生庸俗且可爱”,“原来我们遴选过 心有灵犀的某个称谓”,6001631300,1,2023-11-05 09:10:34
白暮山,539798550,0,0,0,100,城南的花都开了。,认定你我都绝非，空耳成：想听我都止沸渡关山重洋，逐陌路的黄昏。空耳成：度半生重阳，铸末路的芳魂[西西疑问][西西疑问][西西疑问]只有我一个人空耳吗泪目[多多捂脸],6001521180,2,2023-11-05 00:35:24
薄荷茶饼,108532674,27,2,510000,510100,永远年轻 永远热爱,好听好听好听,6001513416,2,2023-11-05 00:23:10
陈伊娴,3909385341,16,2,430000,431000,少年渐行渐远到古稀 桂花载酒道不尽,好神的歌、曲、词 我何德何能有幸[流泪][流泪],6001483947,11,2023-11-04 23:37:43
千湫__,439485925,26,2,210000,210100,人不要假装不在意
除非你真的不在意
否则会有遗憾的,一如既往的好听,6001440696,3,2023-11-04 22:34:04
说不定1712,587622938,0,1,360000,360900,,彩！,6001412345,3,2023-11-04 21:38:03
studyhardforthedream,1401743455,0,1,0,100,,我也感觉这首歌很有琉璃那种大无畏勇往直前的感觉,6001373412,1,2023-11-04 20:26:36
流眄乎洛川_,1609683333,19,2,410000,410800,,好的误会了，是之前开了环绕音效[多多捂脸],6001341824,1,2023-11-04 19:01:18
流眄乎洛川_,1609683333,19,2,410000,410800,,人声在左右耳不断跳跃，仿佛有人环绕着听众，衷情诉说着她们重名的故事，很空灵，梦幻,6001333727,4,2023-11-04 18:54:41
雨花声落迟迟,566543950,21,1,510000,510100,,久违地找到了琉璃的那种感觉，忆起了高三那段时间支撑着我行走下去的美好回忆。[多多大哭],6001256418,21,2023-11-04 15:18:47
半生清阙,3372106232,17,2,440000,441300,为银临流口水,同为碧城名，共行护国事,6001251806,9,2023-11-04 14:56:14
洛洛洛rien,1736796374,0,2,1000000,1003100,洛洛是Lorien啦,还得是银临,6001204366,5,2023-11-04 12:56:16
挽江辞,1918952459,0,2,370000,371000,,太爱这首了！银临永远能在不同时候击中我,6001185655,7,2023-11-04 12:09:28
六玖cp,3270099469,0,1,320000,320100,忘了吧所有的甜美的梦,冲冲冲，昨天了解了下吕碧城和秋瑾的故事，有被触动到,6001141982,3,2023-11-04 10:02:02
猪涨价了很贵,612245377,0,2,0,100,,终于发新歌了[流泪],6001129841,2,2023-11-04 09:24:05
studyhardforthedream,1401743455,0,1,0,100,,？这是卷娘写的啊[大哭],6001121097,1,2023-11-04 08:53:03
studyhardforthedream,1401743455,0,1,0,100,,男生也很喜欢这种风格的燃歌，还有背景故事；致敬秋瑾和吕碧城两位先辈！,6001119273,1,2023-11-04 08:52:33
栗直气壮,137577180,30,1,620000,620900,,麻烦多给银临多讲点故事，就当我跪下来求你了[呲牙],6001031237,5,2023-11-04 00:37:02
天將明YS,3397994055,21,1,460000,469032,一生奔赴一场大无畏梦境，世人轻慢或艳羡着你。,确实！,6001021218,2,2023-11-04 00:22:04
一枚银子,614389625,26,1,140000,140700,银为有你，天涯比临(*˘︶˘*).。.:*♡,相比别的歌曲来说同样的音量外放声音有点低，不知道临姐有没有发现这个问题,6001023976,2,2023-11-04 00:21:11
啵灵啵灵盖,2117156881,17,2,410000,411600,社会主义好青年,临姐真的在努力为女生写歌,6001014718,4,2023-11-04 00:13:14
_千夏桃子,1645552056,0,2,0,100,他还要路过人间桃林沟一顾人间惊鸿才遇见你.✨,喜欢这个啊啊啊,6001004646,2,2023-11-04 00:02:30
你小子又幸福了,1395774228,0,2,500000,500101,约词请移步扣扣,这首歌评论咋这么点TT我觉得这首歌又是一首神曲啊！！此曲已成秒表秒了所有！应当加入以后每一场演出的歌单[流泪][流泪][流泪],6000946694,2,2023-11-03 22:20:12
终见分晓,602204278,0,2,310000,310101,奇迹只是一瞬，命运永远漫长。请允许我与你一同度过黑暗，迎接曙光。,好听！,6000930461,1,2023-11-03 21:48:36
tayslay88,9010928,29,1,310000,310101,,好听,6000918585,1,2023-11-03 21:26:04
纵苍,3281681423,0,1,430000,430100,,好好听,6000852815,1,2023-11-03 18:35:18
梦影beauty,1841811457,0,2,0,100,我在，我一直在,喜欢,6000791650,1,2023-11-03 15:32:53
烟岚离箫,512822361,22,1,350000,350100,欢乐沙雕,999冲冲冲,6000766638,1,2023-11-03 14:12:24
动商,107140608,0,0,0,100,银临资深迷妹||忘川风华录||老古风人||时之歌时泪,是谁唤我“一生”啊…她一生都在听别人唤她“碧城”，一生都会记得那个毅然奔赴生命结局的同名女子…,6000736911,2,2023-11-03 12:33:17
匀隐-允影,8506994664,0,2,370000,370100,蓝青绾。“我在君处君在我，情无尽时尽无情”爱古典文学，爱宫崎骏，爱漫画，爱安徒生童话，爱荡秋千，爱山楂酱，爱一草一木，不养宠物。爱清水般淡而有味、醇厚隽永。爱舒展的纯音，爱诗情画意的歌词。（不赶流行，喜欢的大多数歌都小众甚至冷门）想作长情且衷情的少女，温柔优雅的公主殿下。,世间所有灵魂的相遇都是久别重逢，你我的名号如共同拥有的信物，引导我们在人海找到彼此，望向你时，灵魂认出了对方。,6000686349,3,2023-11-03 10:05:15
匀隐-允影,8506994664,0,2,370000,370100,蓝青绾。“我在君处君在我，情无尽时尽无情”爱古典文学，爱宫崎骏，爱漫画，爱安徒生童话，爱荡秋千，爱山楂酱，爱一草一木，不养宠物。爱清水般淡而有味、醇厚隽永。爱舒展的纯音，爱诗情画意的歌词。（不赶流行，喜欢的大多数歌都小众甚至冷门）想作长情且衷情的少女，温柔优雅的公主殿下。,一腔善念，一力孤勇。“你有多皎洁，我就多值得。人生幸事，便是有月亮可以追着”为挽救一片月光灰飞烟灭在所不惜。“听说有人孤负黑夜，偏要点亮人间的月”“烈风千袭 劫火万渡，正是吾辈葬身绝好归处，惟愿他年春阳照骨，骨上生万物”一生奔赴一场大无畏梦境，月亮是先人献祭生命以信念点亮的。,6000683103,3,2023-11-03 09:49:18
匀隐-允影,8506994664,0,2,370000,370100,蓝青绾。“我在君处君在我，情无尽时尽无情”爱古典文学，爱宫崎骏，爱漫画，爱安徒生童话，爱荡秋千，爱山楂酱，爱一草一木，不养宠物。爱清水般淡而有味、醇厚隽永。爱舒展的纯音，爱诗情画意的歌词。（不赶流行，喜欢的大多数歌都小众甚至冷门）想作长情且衷情的少女，温柔优雅的公主殿下。,怀壁其罪原意财能致祸，此曲新解美玉的存在不为尘世所容，与“矛盾啊是否命运格外捉弄浪漫造物”“是命运不懂裁判亦或美注定艰难”有共通之处。怀抱理想的殿堂却宁护玉而被劫罚焚毁，不为瓦全的空壳。如《焦骨》中向死而生的灵魂，骨枯而芳华愈发炽盛艳烈的孤傲精魂，续燃的灯塔启明星甚至是文明的光彩,6000684029,4,2023-11-03 09:48:39
匀隐-允影,8506994664,0,2,370000,370100,蓝青绾。“我在君处君在我，情无尽时尽无情”爱古典文学，爱宫崎骏，爱漫画，爱安徒生童话，爱荡秋千，爱山楂酱，爱一草一木，不养宠物。爱清水般淡而有味、醇厚隽永。爱舒展的纯音，爱诗情画意的歌词。（不赶流行，喜欢的大多数歌都小众甚至冷门）想作长情且衷情的少女，温柔优雅的公主殿下。,正因我们的爱恨热望抱负使命契合，才有对自我赋予价值时的心有灵犀，才因重合的心境结下不解之缘。名号是相识的契机，此前你我已然相知，像两个同源的种子失散天涯又历经相似的种种，如同胞姐妹，终是殊途同归与子同袍。你我以实践追问人生的历史的答案，以身试险探索出路；凭你的姿态辨认出青春的神采,6000682279,3,2023-11-03 09:47:48
上河Lin,247355167,24,1,430000,430300,总有人间一两风 填我十万八千梦 / 合作私信微博@上河Lin,早呀,6000669338,0,2023-11-03 09:06:11
花魂all-in银临巡演,1479760899,0,0,440000,440300,天地玲珑不渡我，伫聆风露起青萍。,啊啊啊捉上河老师,6000606457,0,2023-11-03 02:07:24
花魂all-in银临巡演,1479760899,0,0,440000,440300,天地玲珑不渡我，伫聆风露起青萍。,卷！娘！！！你！是！我！的！神！！！,6000604663,2,2023-11-03 02:05:51
孟星系,1801752394,0,0,0,100,光就是一切的意义,银临味就是温柔又坚定[钟情],6000542492,5,2023-11-02 23:58:29
箐箦,1404700467,19,2,360000,361100,何为,好好听[流感]我哭,6000538529,3,2023-11-02 23:51:00
秦砚砚砚砚,1482857262,20,2,500000,500101,稻米&南瓜,卷娘太棒了，谢谢你带来这个故事,6000535080,1,2023-11-02 23:36:51
泠浔潇湘溆清滢,1849352739,0,0,0,100,没啥可说的～,有哦~,6000531328,0,2023-11-02 23:35:53
_谁先松手,277260729,25,1,610000,610100,遇到好听的歌便会单曲循环,是的是的这个感觉就很银临，而我也特别喜欢银临这种风格的歌曲，诉说风情或者感慨万千的，反而对那种俏皮类型的不太感冒,6000522040,8,2023-11-02 23:12:53
_谁先松手,277260729,25,1,610000,610100,遇到好听的歌便会单曲循环,对啊，就是目前嘛,6000516730,1,2023-11-02 23:09:25
雷利网易,555947931,0,1,0,100,,打卡。。。,6000496015,2,2023-11-02 22:28:25
昼昼昼玖昼,255612312,0,2,340000,340300,,因为了解一些他们的故事，白天在地铁上给我听哭了OnQ现在继续哭,6000435547,3,2023-11-02 20:24:07
漫漫星河醉mwTX,530971461,20,2,610000,610100,我与旧事归于尽，来年依旧桃花开。,银临女性向的歌也太多了吧，好爱,6000434106,35,2023-11-02 20:16:51
林隐鹿归时,537221792,24,1,420000,420100,少年一向快马扬帆，道阻且长不转弯。,这歌听的我重感冒都要好了[大哭],6000417719,4,2023-11-02 19:44:53
Imgivaxnt_Vunsiant,4958031388,0,2,330000,330300,喜欢的音乐：中V、日V、东方、二游及Galgame音乐、粤语及闽南语流行曲、俄罗斯民谣及军乐、后朋、黑金属、City pop等等,好诶，银临，喜欢,6000415116,2,2023-11-02 19:32:13
寒尘子,406622173,24,2,330000,330100,终是人间相逢时,742楼,6000406158,2,2023-11-02 19:16:57
杀震天下事,570121140,0,2,0,100,于繁华中窥见真实，流光溢彩，心中清明。,好听,6000388586,1,2023-11-02 18:39:42
夜雨bjt歆河,3228297689,0,2,330000,330200,,“遴选过心有灵犀的某个称谓”，多么浪漫的灵魂相遇；“从此这名字只归属我一人”，多么伤感的踽踽独行。喜欢这个故事，是因为两位叛经离道的女性在乱世中互相依偎，是因为即使身处和平年代的我也有诸多共鸣。或喜，或悲，或温暖，或遗憾，无论如何，我们都是沧海飞尘。,6000274127,1,2023-11-02 15:28:29
夜雨bjt歆河,3228297689,0,2,330000,330200,,初听时，只觉得高潮“我该如何追问，这热烈青春”悲壮且热烈，有点忍不住热泪盈眶。再听时，才知两位致力于女权解放先辈的“桀骜”与“奋不顾身”。曾经只知秋瑾《满江红》里的满腔热情，如今才知碧城的才华横溢与先进思想。,6000277047,3,2023-11-02 15:28:11
愔颸,3260387807,0,2,0,100,,真的要再感慨一次临子的作曲，穷叔的编曲，和择荇大大的作词[多多可怜],6000210494,8,2023-11-02 14:31:10
愔颸,3260387807,0,2,0,100,,这首歌主歌真的是熟悉的味道，有种几年前临子的歌的感觉，有点感动是怎么回事[多多大哭]。副歌就不用说了，预告的时候一下就被抓住了[星星眼],6000212235,47,2023-11-02 14:27:14
