海贼火影2007,3469578644,0,1,130000,130400,,能有这种感悟，那你就已经是个合格的稻米了,6038018566,0,2024/1/11 22:47
吃海掐掐,1527522674,0,0,0,100,,怎么三年又过去了,6035768795,2,2024/1/8 1:16
溺滿永世不悔的無邪,3337911654,24,1,420000,420100,十年一瞬如沧海，谁人还逝藏海花,入坑第四年，沒什麼想說的話，唯一就是完蛋了2025稻米節可能要去不了啊[惊恐],6035600358,5,2024/1/7 21:12
不食人间烟火而已,512338767,22,2,210000,210800,,我,6035138079,1,2024/1/7 3:08
序曲333,1367229793,0,2,0,100,所有回不去的良辰美景，都是举世无双的好时光,24年了还在听,6034705484,6,2024/1/6 13:46
MD-不上吴邪不改名,8828828094,0,2,330000,330100,徐磊死忠粉 。骂我可以，骂徐磊不行?,咳咳，佛曰不可说[鬼脸],6034359298,1,2024/1/5 21:35
祁晟泽,8737344750,0,0,0,100,,名字……(*σ′?`)σ可否细说细说,6034327838,1,2024/1/5 20:22
MD-不上吴邪不改名,8828828094,0,2,330000,330100,徐磊死忠粉 。骂我可以，骂徐磊不行?,我,6033850324,2,2024/1/4 23:02
张家张无言,7954324993,11,2,330000,330100,我是一颗小稻米,《盗墓笔记》我为了你可以不惜一切代价但是，你丫xl我要干掉你（我想在座的各位应该也是这么想的）,6033776903,2,2024/1/4 20:43
祁晟泽,8737344750,0,0,0,100,,2024，是谁还在听,6032994279,5,2024/1/3 10:27
月亮底下晒太阳__,1743210704,19,2,510000,510100,,新年快乐！,6031907842,1,2024/1/1 14:21
张起灵张起灵张起灵张起灵,1361015686,0,2,220000,220600,神明总是在糜乱之时出现 光耀之时隐退,啊真羡慕，遇到良师了,6031356123,0,2023/12/31 18:20
今世凡人,1441142262,27,0,420000,421300,,张起灵，你这一生注定孤独,6030565566,1,2023/12/30 11:13
雪落拾年,8459327657,0,2,320000,320100,GGAD 稻米,突然发觉我的老师真的很好。之前我写了一首稻米的诗，她还打了一个优分?(她也没收过我们班同学的一本盗墓笔记，但是因为他上课看且成绩不好),6030298195,1,2023/12/29 20:16
雪落拾年,8459327657,0,2,320000,320100,GGAD 稻米,“我远配不上爷爷给我的吴邪二字，但在我稀里糊涂的前半生，过的无比的精彩，我看到过世间无数的奇景，我有着世界上最神奇最有故事的伙伴，我们在峭壁高歌，在雪山诵经，在戈壁对酒，在海上看月。“我这辈子已经够了。”“我这么辛苦，就是希望，你们都好好的。”,6030296889,4,2023/12/29 20:09
山海星缘,533092567,0,1,610000,610700,我会化作人间的风雨，陪在你的身边。,只在网易云有版权的歌[流泪],6030192863,1,2023/12/29 15:21
用我推的脸霸凌全世界,1467699866,0,2,450000,450100,,是我[流泪],6030081223,0,2023/12/29 9:03
我叫别念我的名字,5090424528,17,2,610000,610100,,我,6026512550,0,2023/12/23 13:44
望西南思无邪念起灵,6304377261,0,2,0,100,我是一个很臭～～～的兔子,我也是,6022928626,0,2023/12/16 12:01
玉米粥yl,8652657102,0,0,130000,130500,,长白山冻不住他的柔情，青铜门关不住我的神明.,6022652583,5,2023/12/15 21:19
雪满发共白头,1743285473,0,1,0,100,青山。,欢迎入坑,6020143184,0,2023/12/11 21:48
雪满发共白头,1743285473,0,1,0,100,青山。,有,6020141467,0,2023/12/11 21:48
虺楠,1588451155,0,2,220000,220100,,马上24年了，我才爬到坑里,6017561841,0,2023/12/6 21:59
墨筠筠筠筠,1933417333,0,2,0,100,你要亲手将痛撕成雪，挥师天地风如铁！,我！,6017495545,0,2023/12/6 19:44
拿虚妄解答真相,5105035845,0,2,370000,370200,,好耶,6016733989,0,2023/12/5 15:50
萧逸晚,3625512004,18,2,370000,370200,海风吹不散玫瑰，月色难逃皎皎,马上2024啦还在听[流泪][流泪],6015756870,0,2023/12/3 15:31
斑莫,352812627,24,2,510000,513300,“长白山没有青铜门，西湖没有吴山居，世上没有他们，这些我都知道。但爱与存在并不冲突。”,我！,6014826262,0,2023/12/1 22:02
盈月寄笺,1560680305,19,2,370000,370900,青山不改，绿水长流！,人一生的缘分丝盏一般稀薄，放入酒杯中，酒都不见满溢，就这么多了，理得清就理，理不清，往后也就没有再多。——南派三叔  《盗墓笔记重启》,6013982350,15,2023/11/30 12:21
春风应许,293670506,6,2,510000,510100,事出有因，不便言说。干脆换爱细碎日常，宇宙洪荒。可止只念一人好。,时运加身也好，逆风前行也好，也许是我太爱过去，所以无法脱身。能做自己想做的事，真的好幸福啊,6012179387,2,2023/11/26 16:39
由潸,562943299,0,2,0,100,这里由潸（shān），微博同名，B站id由潸泪，爱发电id由潸。主厨术力口。感谢相遇。,我小学游记写西湖，读书笔记还要写盗墓笔记 一晃眼都2023了 都大一了,6011087523,1,2023/11/24 17:25
不敢送人头,484785891,22,2,350000,350300,做一只鸽子，被你喜欢,这居然已经是20年的歌了[流泪]时间好快,6010803004,0,2023/11/24 9:09
棅靈,8626127017,0,0,0,100,,我,6010555678,0,2023/11/23 20:08
赏月间,6427948461,0,0,1000000,1006900,,想到我高一的时候了,6010454270,2,2023/11/23 15:21
赛马场腹黑入梦驰放,8938341208,0,0,340000,340200,,我,6009332575,0,2023/11/21 6:49
NAHACHI,3275282722,17,2,1000000,1001300,天天开心.,我哭?,6008182398,1,2023/11/18 21:27
苦樱桃请抛掉吧,8948487514,0,2,0,100,希望能当回班top1,是我[多多大哭],6005629811,0,2023/11/13 20:37
盈月寄笺,1560680305,19,2,370000,370900,青山不改，绿水长流！,西泠月如钩，天真已不留，断桥残雪，谁话相思愁长白雪依旧，起灵难再留，姑苏月冷，十年谁人守剪影冷如秋，海棠难回首，倾国倾城，谁笑百年忧巴乃水长流，云彩已飘悠，千杯浊酒，何以解心愁长白雪零落，天真终不复，葬花沙海，谁懂离别忧          “我们只是 好久不见”,6001137177,25,2023/11/4 9:50
备婚订婚版的幸福女人,1980424251,22,2,630000,630100,,弘一法师说：“相逢的意义在于照亮彼此，不然的话 ，一个人喝茶也很浪漫，一个人吹风也很清醒。缘分本来就稀薄寡淡 ，相伴一程已是万分感激 ，没有什么东西一成不变，没有谁一直能陪着谁。只要同行的时候是快乐的 ，就是好的相遇 ，至于怎么走散的并不重要。”,5998943866,4,2023/10/30 14:10
人灵技,8893928129,0,0,0,100,,我我我,5997902430,0,2023/10/28 13:27
楞QAQ,307261364,25,2,330000,330900,,我思故我在，我观故自在。——笛卡尔,5996661913,1,2023/10/25 18:31
北陆-氲,1679910375,0,2,430000,430100,,我,5995314904,0,2023/10/22 16:12
酣春竹,1579594839,0,0,0,100,,太荒谬了，长白山2024年的酒店已经被订满了[流感]那25年我不得卷铺盖睡山脚下啊,5991070213,4,2023/10/14 0:35
622急救,6458680962,0,0,330000,330100,,怎么办我一听就觉得是黑瞎子和花儿爷，我嘞个豆磕魔怔了,5987890955,19,2023/10/7 0:30
mjgmdww,1462672513,3,0,1000000,1001900,沉静时杂念消失不见,唯一喜欢的[流泪],5987700124,0,2023/10/6 17:52
_言_叶,1418707554,0,2,360000,360100,,来了,5987204154,0,2023/10/5 19:34
葬懿诚,3890806526,18,1,140000,140100,,我我我,5987171795,0,2023/10/5 18:11
3Y是吖,5138085746,0,0,330000,330400,,我我我,5987007235,0,2023/10/5 11:42
思无邪念起灵_imT5,8735082479,0,2,0,100,长白一曲，何人无泪,2014：静候灵归,5986070038,3,2023/10/3 15:02
梦茜佳,4933040381,0,2,350000,350300,就算是枯萎的玫瑰也比那路边的野草高贵------致敬德拉科黑没黑的彻底，白没白的完全。,应该是藏海花里的，顺带问一句，你这个名字，你应该看惊封?,5986020898,0,2023/10/3 12:57
3Y是吖,5138085746,0,0,330000,330400,,我,5985944189,0,2023/10/3 9:55
LC_031310,3871000563,21,2,370000,370100,先活一下吧,我[流泪],5985743817,0,2023/10/2 22:27
我是霓虹助攻,1528870654,8,2,500000,500101,怎么啦？,除了十年人间最喜欢的[流泪][流泪][流泪],5985508099,2,2023/10/2 13:23
思无邪念起灵_imT5,8735082479,0,2,410000,411300,长白一曲，何人无泪,吴邪，你老了,5984567416,1,2023/9/30 17:43
卷尾猴盗贼0004,8868275295,17,2,510000,510100,,这个我在原文没看到，但是三叔后记里有，这句话是哪本里的呀,5983319381,1,2023/9/28 13:13
少年佩霜,1499785347,20,1,430000,430200,时间长了你以为有些人变了，其实不是变了而是面具碎了。,前曲像极了风雪依稀,5981925252,0,2023/9/25 12:07
诶嘿怪10086,6375853212,15,1,350000,350400,,我,5981744276,0,2023/9/24 23:50
木纯慕丧,8770084833,0,0,0,100,,我也[大笑][可爱],5981031640,0,2023/9/23 23:50
木纯慕丧,8770084833,0,0,440000,440100,,我[流泪][流泪][流泪][流泪][流泪][流泪],5981034171,0,2023/9/23 23:50
我的被窝很苏胡,1429638296,18,0,1000000,1010000,,燃烧的血，古拙的刃。,5977625996,7,2023/9/16 11:26
我的被窝很苏胡,1429638296,18,0,1000000,1010000,,这首很好听,5977599788,2,2023/9/16 10:11
大糊-,1580269520,0,0,0,100,,竟然都这么久啦？,5973904561,1,2023/9/8 2:15
我可以是四氯化碳吗,3284231530,0,2,410000,410100,,三厨狂喜！,5973855773,1,2023/9/8 0:15
Y呱Y,2073412564,0,0,350000,350900,,桃李春风一杯酒，江湖夜雨十年灯。,5972922980,3,2023/9/5 20:28
詩叄佰,561802914,25,2,430000,430100,磕脑，繁体字是为了装B，正确的名字应该是诗三百。,就是喜欢花与酒嗷嗷嗷,5972849001,1,2023/9/5 16:16
阿琛琛琛imy,8451939597,0,2,110000,110101,沈谧仁奇然top，银临黄诗扶李常超河图也很棒，古风圈yyds,花与酒[流泪],5971592691,1,2023/9/2 23:28
浅幽醉铃,8375618268,14,2,440000,440300,,长白轮转十五秋，湖畔再续花与酒。两方世界山河共，一纸内外烟火同。山湖共语念无尽，明月清秋又一程。,5971400400,1,2023/9/2 16:55
梦茜佳,4933040381,0,2,350000,350300,就算是枯萎的玫瑰也比那路边的野草高贵------致敬德拉科黑没黑的彻底，白没白的完全。,他只对我笑过六次，两次好玩，两次怜悯，另外两次，一次生离，一次死别。——吴邪,5970703360,29,2023/9/1 13:18
梦茜佳,4933040381,0,2,350000,350300,就算是枯萎的玫瑰也比那路边的野草高贵------致敬德拉科黑没黑的彻底，白没白的完全。,胖爷我就待在这里只有两个人可以让我从这里出去，一个是你天真一个就是小哥。你们一定要好好地活着不要再发生任何要劳烦胖爷我的事了，你知道胖爷年纪大了，当然咱们一起死在斗里，也算是一件美事，如果你们真的有一天觉得有一个地方非去不可并且凶多吉少的话一定要叫上我，别让胖爷这辈子再有什么遗憾,5970704965,3,2023/9/1 13:17
梦茜佳,4933040381,0,2,350000,350300,就算是枯萎的玫瑰也比那路边的野草高贵------致敬德拉科黑没黑的彻底，白没白的完全。,“我告诉你们，就是他以后把我所有的财产全部毁掉，我也不会皱一下眉头。这是我吴家的产业，我想让它败在谁手上，就败在谁的手上。我今天到到这里来，不是来求你们同意这件事，而是来知会你们一声。谁要是再敢对张爷说一句废话，犹如此案！”吴邪用他不完全结实拳头，砸穿了书桌。,5970703194,29,2023/9/1 13:15
君烨烨,304655395,0,0,0,100,世界以痛吻我，我痛死。,今年是我喜欢盗墓笔记的第十个年头，也不只会是第一个十年。,5969542637,1,2023/8/30 0:29
墨痕斋菟菟,1402053278,0,0,0,100,加油加油加油加油！,好厉害！,5969101284,0,2023/8/29 2:44
漏油的小汽车,8735781275,12,2,0,100,这里空空如也,?,5969005296,0,2023/8/28 23:16
枫年yy,8686984291,0,0,320000,320600,,我,5968670590,2,2023/8/28 15:16
我是草履虫你们让让我吧,8722802509,0,0,0,100,,我,5967660889,2,2023/8/26 14:32
十俞luca,1748871269,3,2,440000,440700,我是站在你这一边的。,妈呀这么快三年了。,5967234925,0,2023/8/25 18:00
_言_叶,1418707554,0,2,360000,360100,,昔日疏狂因傲骨，此时潇洒仗禅心。,5966111790,6,2023/8/23 21:06
沈腾你大爷,1925393326,0,2,330000,330100,,2023八一七稻米节快乐！山湖共语念无尽，明月清秋又一程。,5965072379,10,2023/8/21 23:14
思你如沫亦是思沫,637108448,17,2,510000,511400,时间从未停歇,花与酒yyds,5964962000,2,2023/8/21 20:08
爱意祝你天天开心,8229384156,0,1,0,100,,张.吴.王.,5964452306,2,2023/8/20 20:16
爱意祝你天天开心,8229384156,0,1,630000,632200,,1,5964450500,1,2023/8/20 20:15
爱意祝你天天开心,8229384156,0,1,630000,632200,,爱意,5964451405,1,2023/8/20 20:15
云上偷渡,5149085179,17,2,0,100,“失之东隅 收之桑榆 ”,两个胆小鬼 根本就不会走在一起,5964138029,3,2023/8/20 3:02
云上偷渡,5149085179,17,2,0,100,“失之东隅 收之桑榆 ”,为什么我们一起听有3000多个小时也能散,5964132502,2,2023/8/20 2:50
岁岁不知春-,8633842186,0,2,0,100,仿若熄灭世界的雨水一滴泪暗淡所有年岁,拚今生、对花对酒，为伊泪落。—— 周邦彦《解连环》,5963998939,2,2023/8/19 22:11
天觅seek,565834720,53,0,430000,430100,“热爱是最好的才华。”希望有人喜欢我的词。,去年还是前慕清明老师也写的挺好的，她的词有少年气,5963882520,1,2023/8/19 18:04
天觅seek,565834720,53,0,430000,430100,“热爱是最好的才华。”希望有人喜欢我的词。,仅代表个人听歌品味,5963884112,0,2023/8/19 18:03
UniversewithMe,2065917709,0,0,320000,320100,秋风吹不尽明月,可他是张起灵啊[流泪],5963441649,3,2023/8/18 21:42
弈见倾星,1832023174,18,1,120000,120101,,新年快乐（迟到）,5963411850,3,2023/8/18 20:40
弈见倾星,1832023174,18,1,120000,120101,,新年快乐（迟到）,5963408118,0,2023/8/18 20:39
有点黎谱吧,1582446411,0,0,340000,341800,,这不是在音乐节听到了嘛 过来重温一下[多多调皮],5963365485,3,2023/8/18 19:15
觅锡安,1504418315,0,0,0,100,静，忧，或是悲,[流泪][流泪][流泪],5963367997,2,2023/8/18 19:13
余杏xl,5139777211,53,0,0,100,,看见前半句刚想骂人，然后看完下，啧,5963299546,1,2023/8/18 16:51
多读书多看报少看漂亮宇智波,1355351098,21,2,230000,230100,,2023年了我终于去了长白山[流泪][流泪][流泪][流泪],5963294927,2,2023/8/18 16:35
_KZ0305,3267993312,19,1,1000000,1005700,一身信仰为你荣光加冕，你于荣耀巅峰永不落幕。,我也是[流泪],5963286795,2,2023/8/18 16:13
陈_y4,1520539022,0,2,0,100,子弹要飞多久才能变成白鸽,看到了,5962866180,0,2023/8/18 1:01
陈_y4,1520539022,0,2,0,100,子弹要飞多久才能变成白鸽,怎么样了,5962860280,0,2023/8/18 1:00
陈_y4,1520539022,0,2,0,100,子弹要飞多久才能变成白鸽,过完新年咯,5962860168,0,2023/8/18 1:00
teshkIo5,1497223699,0,2,210000,211400,天塌了还有爱在,新年快乐,5962730584,2,2023/8/17 22:33
西湖烟胧雨,1386287623,0,2,0,100,,817快乐,5962720979,1,2023/8/17 22:13
小被子-小杯子,1749452929,22,1,530000,530400,黑夜给了我黑色眼睛～我却用它去寻找光明。,新年快乐,5962667269,1,2023/8/17 20:50
小被子-小杯子,1749452929,22,1,530000,530400,黑夜给了我黑色眼睛～我却用它去寻找光明。,生日快乐!(^O^)y,5962666359,1,2023/8/17 20:49
雪浅Rachel,480386133,0,2,0,100,我身寄为天地客，料君亦自沉浮人海中。,我！,5962659903,0,2023/8/17 20:34
迷茫之筏,415127726,19,0,320000,320800,,八一七,5962635096,2,2023/8/17 19:46
不咸250817,1690186071,17,2,110000,110101,诗三百一言以蔽之——思无邪,新年快乐,5962632500,1,2023/8/17 19:43
卡提娜Z,3401273497,22,2,130000,130200,未知苦处，不信神佛,“山湖共语念无尽，明月清秋又一程”新年快乐,5962629198,1,2023/8/17 19:33
卡提娜Z,3401273497,22,2,130000,130200,未知苦处，不信神佛,生日快乐,5962631746,1,2023/8/17 19:33
卡提娜Z,3401273497,22,2,130000,130200,未知苦处，不信神佛,是谁2023年又来听了?,5962630752,218,2023/8/17 19:33
卡提娜Z,3401273497,22,2,130000,130200,未知苦处，不信神佛,“山湖共语念无尽，明月清秋又一程”,5962629154,4,2023/8/17 19:33
卡提娜Z,3401273497,22,2,130000,130200,未知苦处，不信神佛,新年快乐,5962627495,1,2023/8/17 19:33
Yingiezz,2092981889,19,2,0,100,1人正在看,有过年啦！我们后会有期！！,5962610091,1,2023/8/17 18:50
尾巴毛茸茸-,1510080218,0,2,0,100,,又一年啦,5962536371,2,2023/8/17 16:13
嗯千初,386951896,21,2,110000,110105,你好呀我是稻米,新年快乐！,5962498949,1,2023/8/17 14:45
浅幽醉铃,8375618268,14,2,440000,440300,,今天8月17号了，按身份证我今天生日,5962435582,5,2023/8/17 12:24
photicouo,1063161,0,2,0,100,Evil genius,2023年了我还在听《花与酒》,5962415197,12,2023/8/17 11:28
曲终人散_silber,374002498,0,1,330000,330200,,今天一直在听，突然发现已经三年了,5962387153,4,2023/8/17 10:23
DM清泉,1420268663,0,0,330000,330100,,山湖共语念无尽，明月清秋又一程.祝大家新年快乐！,5962382223,11,2023/8/17 10:13
纸上覆水与难题,3898568363,20,2,320000,321000,,听山湖共语，赏人间绝色！,5962376702,1,2023/8/17 10:06
Wind晚_,1387626954,0,0,510000,510500,Utopie.,新年快乐！,5962364876,1,2023/8/17 9:20
爱吃大白米饭-,1367576946,33,2,530000,532900,,山湖共语家人们，新年快乐！,5962266017,5,2023/8/17 1:01
鹦珊,1664589022,0,0,0,100,你们在高朋满座之间将隐晦的爱意说到最尽兴,,,,
i,从15年的“春风桃李一杯酒 江湖夜雨十年灯”到23年的“山湖共语念无尽 明月清秋又一程”已然互相陪伴九年 所以说 稻米们一直在 岁岁年年,5962231257,26,2023/8/17 0:07,,,,,,
道逆邪,7837474353,0,0,150000,150400,最爱偶像鞠婧祎∞永远好感。,花与酒,5961295683,4,2023/8/15 17:14
莫是一只草履虫,8460274499,0,0,130000,130600,,我！,5961288086,1,2023/8/15 16:57
_式微_,3685184845,0,2,540000,540100,Ends， then begins.,今年我去了长白山，去了稻米驿站，我正在走书中走过的道路呢，下一站就是省内的四姑娘山了,5960995730,2,2023/8/15 1:12
_式微_,3685184845,0,2,540000,540100,Ends， then begins.,日推突然给我推了这首！还是那么好听，突然回想起这首歌刚出的时候了，第18年快到了，快乐呀各位,5960995920,1,2023/8/15 1:11
salt-sugar-sour,3255156013,0,2,0,100,,虽然相比于之前的曲子较为普通，也不至于这样尬黑吧。。。,5960668472,4,2023/8/14 14:30
salt-sugar-sour,3255156013,0,2,0,100,,今年的作词既不是择荇又不是梨衿,5960666374,2,2023/8/14 14:26
向阳而生yu_,7955594872,23,2,1000000,1000500,下个春天回来，我就会回家。爱如少年把故事说完，长大。,今年的还行,5960212192,2,2023/8/13 18:42
闷油瓶子_nlTp,3381510146,14,1,110000,110101,士为知己者死，无憾，无怨,同意,5959735781,1,2023/8/12 20:35
走过遍地夕烟不停留,343911806,20,2,110000,110101,,山湖共语和花与酒明显一个风格的啊，特别像也特别好,5959257821,2,2023/8/11 22:28
浅幽醉铃,8375618268,14,2,440000,440300,,第11000条评论，好1.1w了,5958688934,1,2023/8/11 13:59
浅幽醉铃,8375618268,14,2,440000,440300,,第10999条,5958685732,1,2023/8/11 13:59
浅幽醉铃,8375618268,14,2,440000,440300,,第10998条,5958687955,1,2023/8/11 13:57
浅幽醉铃,8375618268,14,2,440000,440300,,第10997条,5958687172,1,2023/8/11 13:57
浅幽醉铃,8375618268,14,2,440000,440300,,第10996条,5958687165,1,2023/8/11 13:57
浅幽醉铃,8375618268,14,2,440000,440300,,第10994条,5958685595,1,2023/8/11 13:57
浅幽醉铃,8375618268,14,2,440000,440300,,第10993条,5958684696,1,2023/8/11 13:57
浅幽醉铃,8375618268,14,2,440000,440300,,第10992条,5958687925,1,2023/8/11 13:56
浅幽醉铃,8375618268,14,2,440000,440300,,水评论数,5958687917,1,2023/8/11 13:56
浅幽醉铃,8375618268,14,2,440000,440300,,这评论感觉有点不合理，这么好听应该100万啊,5958686427,1,2023/8/11 13:56
浅幽醉铃,8375618268,14,2,440000,440300,,今年挺好听的啊，感觉和花与酒一个档次（先循环完这首再回去）,5958651860,1,2023/8/11 12:37
浅幽醉铃,8375618268,14,2,440000,440300,,这首歌唱的都什么啊，我都停不下来了,5958588728,3,2023/8/11 10:19
Nuyoah_px817,2106749005,20,2,360000,360700,关山此行望归早，白雪落尽仍是秋。,我,5957345772,0,2023/8/9 9:40
Unreveajamais,90297996,0,2,0,100,What is past is prolouge.,？,5957333203,1,2023/8/9 9:12
今夜借你一束光,411662838,0,2,330000,330400,做一辈子的少年英雄。,活泼的，又带点哀色，是洒满了阳光的灰色的一首歌,5957326258,2,2023/8/9 8:54
Cin_Thriller,1890813280,0,0,1000000,1010000,,这段间奏的笛子真欢快啊，太好听了～那是三年前的八一七呀。,5957220218,2,2023/8/9 0:41
天將明YS,3397994055,21,1,460000,469032,一生奔赴一场大无畏梦境，世人轻慢或艳羡着你。,山湖共雨，黄诗扶的,5957122656,1,2023/8/8 22:15
Hannah-wyh,6398825151,17,2,620000,621200,,今年的是什么歌啊,5957119266,1,2023/8/8 22:06
Hannah-wyh,6398825151,17,2,620000,621200,,今年的是什么歌呀,5957118483,1,2023/8/8 22:06
天觅seek,565834720,53,0,430000,430100,“热爱是最好的才华。”希望有人喜欢我的词。,及格水平吧，很一般,5957118069,2,2023/8/8 22:02
浅晗无羡,1550652817,17,2,330000,330200,,今年的还好吧,5957062734,3,2023/8/8 20:29
满月垃圾桶,613148073,0,2,120000,120101,“佛理悠悠 济人间万般愁”,注：临穷是情侣关系，不是夫妻，不是夫妻，不是夫妻，从来没有亲口承认过夫妻关系，还否认过结婚。。。虽然我也不知道俩人为什么还不结婚，但都是个人选择，人家不结婚好多人还说夫妻夫妻，以讹传讹不好,5956899644,0,2023/8/8 14:46
林知竹,1380788598,19,2,0,100,无名客人,2022：泥炉煮酒共君享，万家灯火故事长2023：山湖共语念无尽，明月清秋又一程,5956881602,61,2023/8/8 14:03
林知竹,1380788598,19,2,0,100,无名客人,2015:桃李春风一杯酒，江湖夜雨十年灯2016:等一场千年雨歇，候一人如约而至2017:心随万里长相守，雨落千载共白头2018:雪落长白十三载，故人心归西湖畔2019:重启征程惊雷响，久伴深村听雨落2020:长白轮转十五秋，湖畔再叙花与酒2021:两方世界山河共，一纸内外烟火同,5956883210,123,2023/8/8 14:02
瑄双子,1675380249,18,1,130000,130600,天生我材必有用，千金散尽还复来!,我!,5956873388,0,2023/8/8 13:43
天觅seek,565834720,53,0,430000,430100,“热爱是最好的才华。”希望有人喜欢我的词。,听了今年的吓得我赶快回来听花与酒,5956837688,4,2023/8/8 12:24
思你如沫亦是思沫,637108448,17,2,510000,511400,时间从未停歇,23年推广曲都来了我还在听花与酒,5956643284,0,2023/8/8 0:28
思你如沫亦是思沫,637108448,17,2,510000,511400,时间从未停歇,2023年了我还在花与酒,5956641218,3,2023/8/8 0:24
17年的裴姐姐-,556911282,0,2,330000,330100,,我们只是好久不见,5956637898,0,2023/8/8 0:15
ammm-v-,6336494252,0,0,0,100,笼中鸟何时飞,我！,5956072492,0,2023/8/7 13:49
wxyatyy,630988940,22,2,320000,320600,,我 我被刀傻了,5954830445,0,2023/8/5 6:34
风也名为喜欢,575149128,0,1,610000,610300,心灵可以洞悉一切,又是一年,5954366795,2,2023/8/4 12:00
不会弹吉他的张小花,1330038473,22,2,430000,430900,朝九晚五浪迹天涯,山湖共语念无尽，明月清秋又一程,5953652293,1,2023/8/3 12:44
RichardFeynman-,3904866702,0,2,1000000,1002500,,我[多多可怜],5951591402,2,2023/7/30 22:28
云村村民169062145348482,8735043219,0,0,0,100,,长白轮转十五秋，湖畔再叙花与酒。,5950930290,0,2023/7/29 20:21
云村村民169062145348482,8735043219,0,0,340000,341500,,抱歉，没收住。。。。,5950930264,1,2023/7/29 20:21
流年离萤,7798763030,14,2,440000,440100,穷尽诗家笔,瓶邪王道！,5950353997,0,2023/7/28 20:14
茶萘萘萘,1974004124,0,0,0,100,,这里！,5948127009,0,2023/7/25 13:25
小慧_ikz,6357482839,0,2,0,100,歌慢慢听 路慢慢走??? ???,我,5947915306,0,2023/7/25 1:29
守约的阿长,510685958,0,2,340000,340800,,有啊，还有一纸山河哈哈哈，沉迷这两首,5944166463,2,2023/7/19 10:03
似鸽花椒鸡,1774706850,0,0,0,100,,今年也要继续在一起！????,5944019011,4,2023/7/19 0:00
君陌寒v,1731537529,18,2,370000,370200,沙雕一个,我！,5943988542,0,2023/7/18 23:17
长白水寒2号,1453813385,24,2,530000,530700,性别女，爱好男,吴邪说他死后，会一枪带走小哥,5941894551,1,2023/7/15 20:43
长白水寒2号,1453813385,24,2,530000,530700,性别女，爱好男,长白轮转十五秋，湖畔再叙花与酒,5941893438,0,2023/7/15 20:42
临姐的小银子,4954536770,17,1,330000,330600,,在,5941418576,0,2023/7/14 23:21
韩-史前暴龙-越,7925032626,0,2,0,100,原耽大旗永不倒！1.韩楚绝配，请不要说韩越不配啦。2.我也不希望你们为我流一滴眼泪，平白脏了我轮回的路。——淮上《提灯看c刀》,长白轮转十五秋，湖畔再叙花与酒,5941173565,0,2023/7/14 16:48
江北的我,8025637978,0,1,370000,370100,,不，还没结束，可能永远不会结束,5939622123,0,2023/7/12 9:40
vv嘟嘟vvv,1378277697,22,2,0,100,,半路出家，也不敢自称稻米，初次听这首歌还是因为喜欢银临，但当我意识到于我而言，“不再孤勇，不再天真”这一句因为哽咽而唱不出口时，我就知道，他们住进了我的心里,5938488622,145,2023/7/10 12:07
漫漫醉星河,8186095889,17,2,340000,341600,当逐天光，岁岁步步如愿以偿,前奏一出来：哪个不识相的编曲在抄临姐的《牵丝戏》高潮[发怒]，一看，银临灰原穷，啊啊对不起没事了[大哭],5938087468,5,2023/7/9 17:24
灵音芯,1911123800,0,0,370000,371000,喜欢听歌，喜欢唱歌～,卷娘的词[多多比耶][多多比耶][多多比耶],5936586548,1,2023/7/6 21:14
云起微沫,5089431941,0,0,1000000,1004800,,此时此刻，有着无数的人为着心中的执念，不断向前，奔赴长白,5934508083,4,2023/7/2 22:02
长白水寒2号,1453813385,24,2,530000,530700,性别女，爱好男,敬此间的少年,5933825998,2,2023/7/1 16:22
鲨公子,1294598861,0,1,0,100,在座的各位是否忌讳我是谁？,13年就开始是稻米现在23年了。也是我的十年啊,5933179346,4,2023/6/30 10:28
天凉好个大秋天,1523049377,19,2,230000,230200,我们只是，好久不见。,又是一年八一七,5932875314,2,2023/6/29 19:07
yinailu20120519,2094820963,0,0,500000,500101,,”那一年 你留我一人 说用你一生换我十年天真无邪 可是 十年后 你已归来我却不愿让你记起 那个天真 早就跟随着你的脚步葬进了雪山 现在留下的 仅仅是无邪了”  ——《盗墓笔记》,5931016848,7,2023/6/26 15:42
西湖烟胧雨,1386287623,0,2,0,100,,盗墓笔记第17周年快乐！！o(^▽^)o,5930836611,1,2023/6/26 6:59
秋时煮茶,72037166,0,2,350000,350200,题海中垂死挣扎,间奏是不是梁祝啊?,5930449512,2,2023/6/25 13:29
大家好gp,2123999947,0,2,410000,411300,哈 哈哈哈,我[流泪],5928855507,1,2023/6/22 17:29
酒月湫,3285605098,17,2,440000,441400,,莫辜负，人间花与酒,5928773312,1,2023/6/22 14:11
玄玥yue,1960978638,19,2,110000,110101,2G冲浪。整天忙忙碌碌的大学生。全平台同id,真好听?,5926902304,1,2023/6/19 14:46
Ms_Kuang,1839217337,0,1,430000,431100,,几个菜啊喝成这样,5926882506,0,2023/6/19 13:54
子尹想要考浙大,3901547711,0,2,370000,371000,稻米一只，梦想是浙大，希望有一天可以把名字改成考上浙大.未来押上去不后悔，考上了会告诉各位朋友的.,要不是张起灵就在我怀里还真被你骗了[怒],5926598282,0,2023/6/18 22:19
朱朱朱朱朱古力_,2101707635,17,2,320000,320100,都去玩1999！！（虽然只有配音能值）我是狂暴Vertin厨。橘园组赛高呜呜呜呜我的妻子Schneider（悲）是狂暴拉普厨（升天）喜欢的up有怒九、沃玛和老番茄，歌手的话于文文刘恋三无言和，是言厨。有玩荒野乱斗但是国际服。喜欢的书，三体！！！已经可以说是信仰了，夜航星真的太好听了,我，打算明年高考完入坑，同桌天天给我推[大哭]我跟她两个互相推文哈哈哈,5926022554,1,2023/6/17 22:11
瑜漓Kylin,8625991418,18,1,0,100,追寻信仰，所信非神,我,5925860455,0,2023/6/17 16:49
白杨_sheep,4026186784,1,2,430000,431200,喜欢建立各种歌单，很随意,啊啊啊啊啊,5924658824,1,2023/6/15 15:46
银临小仙女,250903847,26,2,440000,440300,银临小仙女是我的！,别辜负，人间花与酒,5924399147,9,2023/6/15 0:14
Abcd_nb,8382276664,36,1,320000,320200,自私自利 好逸恶劳 终极啃老 庸人自扰,人生短暂，就像“长白轮转十五秋”一样。在这短暂的生命里，我们需要珍惜每一刻，不要虚度光阴，要让自己的人生充满精彩。文字中的主人公不仅在生命中体验了许多奇景，还结交了世上最神奇的伙伴，这表达了珍视友情、亲情等人际关系的重要性。,5923531222,2,2023/6/13 15:13
817echo,8611298570,0,0,340000,341500,,原来所向披靡之后，还能如少年般温柔,5923422454,3,2023/6/13 9:43
--Be--,1357776694,28,2,0,100,因为没有被坚定的被爱，并且我还慢热,海上月,5921447114,0,2023/6/9 23:07
小鸣同学_bubblegum,8515374235,0,2,0,100,,有,5921264221,0,2023/6/9 17:29
天色暮云,1771167089,0,1,0,100,梦想不大，想永远停在这一秒。,像流沙之中，未覆灭的枯泉，像惊涛之下，被凝视的深渊。,5919126513,4,2023/6/6 12:34
云匿Rachel-,1890070289,21,2,330000,330100,账号已注销,哇哇哇,5918919936,1,2023/6/6 0:01
明月栖山客,1714342439,22,0,0,100,焚风冻土的荒原。,长白轮转十五秋，湖畔再叙花与酒,5918670507,1,2023/6/5 18:24
Cm3090,1324524953,0,2,110000,110101,,开头音乐很明显有牵丝戏的变奏感,5918195771,2,2023/6/4 19:38
稻米行雾,1520471267,0,1,330000,330100,,明年817杭州等我！！！,5918175378,2,2023/6/4 18:55
若你记起我,603864360,22,1,410000,410200,世间都是有因果报应的，你曾让一个人为你辗转难眠，让他再爱你的道路上层层艰辛，你都冷漠无视，这些感受都会有另一个人通通还到你身上，直到还清。,当时买了一箱香飘飘但是地址写错了寄到我姐家了，然后就一直放着没人喝，又因为离得远我姐每次回家也懒得拿，现在还在她那里放着??,5917550471,0,2023/6/3 16:56
脊梁e,3230980300,21,1,0,100,,神明意义非凡啊,5917449098,1,2023/6/3 12:38
今天想喝金桔柠檬,618773137,0,0,0,100,三年又三年,我是断断续续看的，盗笔本体加起来看了大概一两个月？一百多万字，如果看入神了的话可以看得很快,5915377540,3,2023/5/30 16:35
Redamancy_江九,134573610,0,2,540000,542600,欲寄彩笺兼尺素，山长水阔知何处。,北新桥，竹烟槐雨，寒灯夜归人，陌上深深,5915257487,1,2023/5/30 14:05
Redamancy_江九,134573610,0,2,540000,542600,欲寄彩笺兼尺素，山长水阔知何处。,我到杭州了…我们见一面吧吴邪,5915255477,1,2023/5/30 14:03
醋醋不吃醋licu,6382570374,0,2,220000,220600,,我就是心疼被抛下的少年黎簇[流泪],5914382213,2,2023/5/28 19:18
XeNO3,1361495753,0,2,0,100,请输入个人介绍...,就是喜欢盗墓笔记的粉丝叫稻米，和我是朋友,5913883300,0,2023/5/27 22:17
朱一龍的愛人,517244398,24,1,360000,360100,,长白轮转十五秋，湖畔再叙花与酒。,5913631018,0,2023/5/27 14:05
栀栀715,1391253144,25,2,340000,340100,意大利面拌42号混凝土,啥是稻米朋友呀,5912316777,0,2023/5/25 0:49
渴妄_,295893803,0,1,0,100,,大概看了多久啊，最近好想看但是时间不太够(／_＼),5912005888,2,2023/5/24 12:57
今天想喝金桔柠檬,618773137,0,0,0,100,三年又三年,有缘一定会遇到的,5911579031,3,2023/5/23 14:44
疯风讽愤郁,8267557944,0,0,0,100,,一起啊，家人，2025八一七，赴长白接小哥,5911557706,4,2023/5/23 13:30
神秘少年X-x,1849086527,0,0,0,100,因为怕痛所以把防御打满了。,今年817杭州见?(●′?`●)?,5911360561,2,2023/5/22 23:49
今天想喝金桔柠檬,618773137,0,0,0,100,三年又三年,最近刚看完盗笔，实在是太爱太爱这个故事和故事里的人了，和稻米室友约好了25年一起去长白山,5911237301,22,2023/5/22 20:10
覓燭,1753750680,0,2,440000,440600,不管别人怎么说，我就是要听顺耳的~,祝你金榜题名[多多大笑],5910559572,0,2023/5/21 12:26
XeNO3,1361495753,0,2,0,100,请输入个人介绍...,呜呜呜呜呜真的很感动????,5910177435,0,2023/5/20 20:44
思你如沫亦是思沫,637108448,17,2,510000,511400,时间从未停歇,银临换音频了,5909664656,0,2023/5/19 22:42
wz2y,1666282118,0,1,0,100,。,我们还在,5909163474,0,2023/5/19 1:09
XeNO3,1361495753,0,2,0,100,请输入个人介绍...,谢谢你！我能说出来就是我放下啦！祝你天天开心事事顺意！！[多多大笑][多多大笑][多多大笑][多多大笑],5909044966,1,2023/5/18 21:59
你比晚风温柔o_o,3979766945,0,0,610000,610800,死缠烂打很丢人 如果不是动了真心 谁愿意做那个小丑.,唔哈！,5908486141,0,2023/5/17 21:51
萌萌哒糖炒栗子,1580596836,0,0,110000,110101,,笑死，真抢他们我能拎着大白狗腿去，我买了真的户外刀,5908479463,0,2023/5/17 21:41
云眠眠山,7912977878,0,0,0,100,,原来又过去这么久了,5908009721,6,2023/5/17 0:09
此间温如言i,550829405,0,0,0,100,喜欢音乐喜欢吹口琴，欢迎兴趣相投的朋友一起交流～,好句子,5907900950,0,2023/5/16 21:10
爱吃橘子的华同学,435795639,27,1,450000,450200,琉华子是男孩子哦。,在,5907611216,0,2023/5/16 13:14
_公开处刑,1403858888,0,0,0,100,高中牲,相信即存在,5907445970,0,2023/5/16 0:20
星川弥生,562498043,20,0,510000,511000,很倦很累很委屈，但是朝阳不会有一天停止升起。,我我我我！！,5906567385,0,2023/5/14 15:51
兔兔不流氓呀,5206079907,17,2,320000,320100,夺走我的皇冠也不敢抢走我的自信,2022 泥炉煮酒共君享   2023 山河共语念无尽，明月清秋又一程,5906438464,2,2023/5/14 11:31
兔兔不流氓呀,5206079907,17,2,320000,320100,夺走我的皇冠也不敢抢走我的自信,2021 两方世界山河共，一纸内外烟火同,5906437487,1,2023/5/14 11:30
吴阿缈,1695657458,22,2,320000,320500,,有的,5904645421,1,2023/5/10 23:12
SQQQ_0512,1860585857,20,2,370000,370900,晚安,好听！！！！,5904220516,0,2023/5/10 8:44
SQQQ_0512,1860585857,20,2,370000,370900,晚安,神明接住了他的人间[多多可怜][多多可怜],5904222908,0,2023/5/10 8:43
Galifrog,1469250161,26,1,510000,510100,November rain,白茶花变成了红茶花，没错，是鲜血染红的。,5901739538,0,2023/5/5 13:28
是亲爱的你丫,2003099876,22,2,330000,330600,走走走 一起去流浪,呜呜 神明接住了他的人间[流泪][流泪],5900768771,0,2023/5/3 14:36
lenn_xy,133413677,26,1,430000,430300,,是我小学和初中的差别[大哭],5899392298,0,2023/5/1 1:36
长白的第一场雪,7955332919,0,2,330000,330100,上三门为官，军爷戏子拐中仙，正如烟上月平三门曰贼，阎罗浪子笑面佛，正如杯中酒下三门经商，美人算子棋通天，正如花下风流,我也是,5898935285,0,2023/4/30 10:12
三江化酒,505247032,0,2,0,100,我要权利，但不要权利本身。,！！！！特别好！我也一定会去长白山的！,5897857363,3,2023/4/28 10:07
三江化酒,505247032,0,2,0,100,我要权利，但不要权利本身。,我们只是，好久不见,5897856551,0,2023/4/28 10:06
梓名凌軒,1288761875,0,1,0,100,我一生未信仰过一日鬼神，却用十年信一人。,4.27，我现在在前往长白山的高铁上，听着这首属于我们的歌，奔赴那场做了十多年的梦。,5897462645,31,2023/4/27 15:21
太缚,414588525,19,0,0,100,此间百年锤炼方得得道升天,那你的意思是怪词作词写多了还是作曲曲编快了呢，你觉得不行你去整个更好的吧,5896594743,7,2023/4/25 22:55
千尘雨1,455273055,0,1,440000,440600,,明显的为了歌词而唱太快了，本来是首慢歌的，歌词多就唱快了,5896582155,0,2023/4/25 22:39
太缚,414588525,19,0,0,100,此间百年锤炼方得得道升天,你是？要不你去问问主创这首唱的对不对，不行你上吧,5894604384,7,2023/4/22 3:42
尉迟初离,1381220003,0,2,610000,610900,时光轮转不再孤身一人。,马上八年了,5893515267,0,2023/4/20 0:35
RJJMZ-99,559440705,22,0,110000,110101,做个积极废物！耶！,你好狠的心！,5893513266,0,2023/4/20 0:35
长白的第一场雪,7955332919,0,2,330000,330100,上三门为官，军爷戏子拐中仙，正如烟上月平三门曰贼，阎罗浪子笑面佛，正如杯中酒下三门经商，美人算子棋通天，正如花下风流,上酒，一纸山河是21年的,5891595078,0,2023/4/16 15:38
长白的第一场雪,7955332919,0,2,330000,330100,上三门为官，军爷戏子拐中仙，正如烟上月平三门曰贼，阎罗浪子笑面佛，正如杯中酒下三门经商，美人算子棋通天，正如花下风流,长白轮转十五秋，湖畔再叙花与酒。,5891589644,0,2023/4/16 15:32
张起灵张起灵张起灵张起灵,1361015686,0,2,220000,220600,神明总是在糜乱之时出现 光耀之时隐退,对啊，是我遇到了让我一辈子难忘的“好老师”,5889016295,0,2023/4/11 22:57
千尘雨1,455273055,0,1,440000,440600,,一首抒情的慢歌，被你唱成快歌了,5888312666,1,2023/4/11 5:23
Shen200327,3244456945,0,1,350000,350400,,我！,5888058949,0,2023/4/10 19:09
尘夕YA,3334097040,16,2,440000,440900,,我我我我我,5887907489,0,2023/4/10 12:32
---双辞---,3971808592,19,2,340000,340100,,抱抱,5887891323,1,2023/4/10 11:39
墨纸鸢-Candy,5097152088,15,2,0,100,一命苦的高中牲……终日纠结于物理究竟是不是人学的???,那个男孩子跟我同一届，他今年已经毕业了。他到现在还经常到我家玩，来看看我妈妈，跟我妈聊一聊他的感情问题[多多捂脸],5885892681,1,2023/4/8 1:49
墨纸鸢-Candy,5097152088,15,2,0,100,一命苦的高中牲……终日纠结于物理究竟是不是人学的???,其实老师也不全都是这样的，有老师做事就是偏激一些。因为我妈妈就是初中班主任，她当时对于她们班看小说的学生只要不是上课看或者是影响学习的话，通常情况下不会怎么批评。她班上还有个男孩子喜欢另一个男孩子，她说她不是很能了解。但她不会排斥也不会批评这个男孩子，会在需要的时候引导下,5885895964,1,2023/4/8 1:46
十月为王,46706907,0,0,0,100,登临东皋放白鹿，举杯独酌入迷途。庄周梦蝶已惘然，云开雾散无所顾。,前半生的精彩是为了后半生的总结升华，我们的生活不可能一直辉煌，也需要平静沉淀自己躁动的心,5884413855,0,2023/4/6 12:09
L5276,2023834320,0,0,0,100,5276,让我看看有多少人在听,5883945384,5,2023/4/5 18:03
XeNO3,1361495753,0,2,0,100,请输入个人介绍...,我有一个之前关系特别好的稻米朋友，我们之前关系真的特别好，然后因为种种我们分开了，我在高三很累很累的时候就会和她一起听这首歌，我们也一起去了杭州旅游，就…说过长大以后一起过八一七说过长大以后一起做一万件事，然后还是走散了，这首歌就让我ptsd了很长一段时间，我不想去杭州，不敢再听这首,5882720559,16,2023/4/3 23:42
皎皎月明珠,1325531682,19,2,370000,370200,每天都期待看到弯弯的圆圆的月亮?,啊啊啊啊啊啊啊啊居然才发现这个歌！！！！！！,5881800775,1,2023/4/2 21:39
慕雪凌清,8394598002,12,0,320000,320200,,我都看过，盗查双粉,5881568657,1,2023/4/2 16:28
安-柒,287239732,21,1,340000,341200,别随波逐流，请做自己的神。,“我想拉你入地狱，却又奉你如神明”,5878728735,1,2023/3/28 23:51
曙光孤枕,1567618585,23,0,620000,620200,上穷碧落下黄泉,加油哦！,5878210727,0,2023/3/27 23:35
曙光孤枕,1567618585,23,0,620000,620200,上穷碧落下黄泉,111,5878213142,0,2023/3/27 23:34
是只稻米吖,8033667233,12,2,230000,231000,死亡不是冷冰冰的数字，每个人的一生都有其意义，人活于世，是为了拯救自己，临死之前，或许能恍然大悟。用尽冷落墨染香我对寒窗月影离一场愁梦酒曝骑生死契阔昏夜长换得枕边梦微凉君似孤云独百劣十年转瞬空惆怅年去人散近终章天涯咫尺又桐志真情莫与红臣蔻无心难解雨海棠邪篝心远渐断肠,“是不是长白山太美，你忘了回家的路.”“是不是沙海太残酷，你天真不负.”“是不是戏台太虚假，你忘了霓裳水袖.”“是不是十年太漫长，你忘了……跟我回家.”,5878113076,4,2023/3/27 21:13
刃柯尼卡,1875341860,0,1,440000,440300,笑谈人生★平常挫折,我！,5877241865,0,2023/3/26 7:22
听张起灵诉说,3977738391,0,2,0,100,,会有书灵的,5875913737,0,2023/3/23 22:33
是沙加啊,440534220,27,2,510000,510100,夏之日，冬之夜。百岁之后，归于其居。 冬之夜，夏之日。百岁之后，归于其室。,2025怎么还不来啊,5875084217,2,2023/3/22 19:01
莲光的流沔,1434959651,0,0,430000,430100,,我！,5874576717,0,2023/3/21 17:32
浅幽醉铃,8375618268,14,2,440000,440300,,前奏一出来就沦陷了,5873112658,4,2023/3/18 22:30
愿做我自由自在的风,1794373575,18,2,120000,120101,,人一生的缘分丝盏一般稀薄，放入酒杯中，酒都不见满溢，就这么多了，理得清就理，理不清，往后也就没有再多。——南派三叔  《盗墓笔记重启》我居北海君南海，寄雁传书谢不能。桃李春风一杯酒，江湖夜雨十年灯。2025，长白山见！[大笑],5872844097,5,2023/3/18 14:12
Aqlauris,3399829877,0,2,370000,370200,听见一片海浪声。,最爱的一首,5871085952,3,2023/3/15 7:49
北望辰汐,6419781271,0,2,0,100,,长白轮转十五秋，湖畔再叙花与酒,5868639619,0,2023/3/10 17:09
小歆碰头,1356457546,0,2,320000,320500,,真的好爱花与酒,5868231575,1,2023/3/9 20:38
萧瑟呦,4039226142,33,0,1000000,1010000,仿佛人间天上，从未诀别,我！,5867321713,0,2023/3/8 0:08
吧唧一口华晨宇_HCY,3979684975,0,2,370000,371100,,待我思念成海，必将水淹长白,5867234718,2,2023/3/7 22:01
吧唧一口华晨宇_HCY,3979684975,0,2,370000,371100,,情切切良宵花解语，意绵绵静日玉生香。莫怨繁花不解语，世间已有解语花。花有解语戏无涯。菏泽为君雨为臣，嬉笑解忧解语花。解语为一人，一笑一倾城。世间未闻花解语，皆因不解其中意。待我思念成海，必将水淹长白。吾王起灵归来日，尔等俯首称臣时。待我思念成海，我必乘舟归来。,5867236949,3,2023/3/7 22:00
浅幽醉铃,8375618268,14,2,440000,440300,,多少年春风桃李，挑灯看夜雨春风桃李花开日，秋雨梧桐叶落时——白居易《长恨歌》醉里挑灯看剑，梦回吹角连营——辛弃疾《破阵子·为陈同甫赋壮词以寄之》桃花春风一杯酒，江湖夜雨十年灯——黄庭坚《寄黄几复》,5866710714,18,2023/3/6 20:44
浅幽醉铃,8375618268,14,2,440000,440300,,单曲循环ing,5866259301,1,2023/3/5 21:26
西湖烟胧雨,1386287623,0,2,0,100,,吴小狗生日快乐???,5866226691,1,2023/3/5 20:33
对月共饮,1288784861,0,1,0,100,叹隙中驹，石中火，梦中身。,小吴生日快乐,5865977405,1,2023/3/5 12:26
sanliit,3696678274,14,2,440000,440300,,我抽出50米大刀…给友军削个苹果,5865426561,1,2023/3/4 15:10
tyqessv12,2137216291,0,0,0,100,都给我来听歌,想念你们，期待重逢,5864919854,1,2023/3/3 18:28
_最巴洛克的节奏_,2094599247,0,2,0,100,我会一直为你祝福,长白轮转十五秋，湖畔再叙花与酒,5863044929,3,2023/2/28 0:08
姜仔今天吹居了吗,1539467452,20,2,440000,441400,或许我命里没你,我！,5862264768,1,2023/2/26 15:22
我cp天下第一真,6490039792,14,2,1000000,1000500,遵纪守法的好公民,前奏一响 老公们闪亮登场,5861225329,4,2023/2/24 21:19
元元真的很可爱,3290499915,15,2,340000,340100,嗷嗷,我就比你早4、5个月，可我马上要中考了，我是真的点背[流感],5860066077,0,2023/2/22 21:17
沈十六wy,7836824228,0,0,330000,330100,9213?,高考加油,5859522867,0,2023/2/21 20:01
清平无邪,546151972,0,0,320000,320300,,就是这样，其实就是因为这篇文去年去玩的时候特意去的二道白河。,5859015807,0,2023/2/20 22:48
念白殿下,1536355238,0,2,0,100,念浮世三千，留一世清白,23年还有人沉醉在花与酒吗？,5857950182,90,2023/2/18 23:41
霍格沃茨废话选手,7896935023,0,0,1000000,1005900,,别刀了别刀了，孩子都刀傻了[多多大哭][多多大哭][多多大哭][多多大哭][多多大哭],5856124486,0,2023/2/15 20:52
余烬iris,3392161904,17,2,310000,310101,誰かを救う歌を歌いたい,我 以前因为小时候被电影吓到了一直不敢看??,5856044571,1,2023/2/15 17:54
tyqessv12,2137216291,0,0,0,100,都给我来听歌,我们重逢在，人间花与酒。,5854737377,4,2023/2/13 17:12
吴山居小猫,5144721926,17,1,330000,330100,2025长白山见 五年稻米啦希望有很多很多十年能陪你们,喝喝 无所吊谓的 3015我会起尸去的喝喝 盗墓笔记你下辈子也别想甩掉我！,5854319940,5,2023/2/12 20:58
吴山居小猫,5144721926,17,1,330000,330100,2025长白山见 五年稻米啦希望有很多很多十年能陪你们,2025冲啊！长白山我来了！,5854320155,3,2023/2/12 20:52
长白的第一场雪,7955332919,0,2,330000,330100,上三门为官，军爷戏子拐中仙，正如烟上月平三门曰贼，阎罗浪子笑面佛，正如杯中酒下三门经商，美人算子棋通天，正如花下风流,长白轮转十五秋，湖畔再叙花与酒,5854225458,0,2023/2/12 17:44
谩以长歌,621122561,0,2,510000,511000,,刚从杭州回来[流泪],5851371024,8,2023/2/8 2:35
黑瞎瞎_,1407798828,0,2,510000,510100,,好耶嘿嘿,5851269104,0,2023/2/7 23:20
黑瞎瞎_,1407798828,0,2,510000,510100,,好耶！,5851268155,0,2023/2/7 23:20
空息,3583514343,14,2,230000,230100,唯有沦陷者，愚不可及。,来了就不晚！都是一家人啦,5851131394,3,2023/2/7 19:45
With熬夜冠军雷格西,1401180614,24,2,410000,410100,銀臨Rachel單推人,只要来了，一切都不晚,5851008028,2,2023/2/7 14:26
黑瞎瞎_,1407798828,0,2,510000,510100,,呜呜呜2023年年初刚入坑（啊啊啊感觉好晚）,5850620440,7,2023/2/6 20:52
黑瞎瞎_,1407798828,0,2,510000,510100,,我（举手??）,5850625002,0,2023/2/6 20:49
什么漂亮小狗,6277455260,18,2,310000,310101,我沉在梦里不要叫醒我,2023,5848772604,2,2023/2/4 10:56
柠檬gtm,3984168519,0,0,140000,140700,,真实?,5845813043,1,2023/1/31 12:08
绪言-sweet,2082857980,0,0,0,100,,芜湖谢谢,5845424245,0,2023/1/30 20:44
稻米-林先生,1655140125,23,1,440000,441300,。。。。,OK,5844248817,0,2023/1/29 9:35
莲动下渔舟---,8074012482,0,0,0,100,,2023年，更喜欢银临，更喜欢古风[爱心][爱心][爱心],5843792238,6,2023/1/28 16:37
小杭想睡觉啊,1491616800,16,1,330000,330100,,2022入坑hh,5842350363,1,2023/1/26 12:12
HATEEEya,2067704249,0,2,1000000,1010000,girl in red,那个是小说二哈和他的白猫师尊哦,5842284077,1,2023/1/26 9:59
HATEEEya,2067704249,0,2,1000000,1010000,girl in red,？干什么啊啊啊啊[流泪][流泪][流泪],5842280282,0,2023/1/26 9:53
夏油杰你弃猫犯法,3215803990,16,2,1000000,1000600,“阴郁而宽容的污浊啊，请别再把我唤醒。”,一纸山河，司南的,5841741494,0,2023/1/25 12:48
稻米-林先生,1655140125,23,1,440000,441300,。。。。,我的意思是有没有2022年的稻米节主题曲，有的话歌名是什么,5841325580,0,2023/1/24 18:54
散落飘泠,3868495598,0,0,0,100,生活中有喜剧固然很好，如果我不是喜剧本身就更好了.,2023啦,5838092158,6,2023/1/19 14:03
酒月湫,3285605098,17,2,440000,441400,,旋律一起，终身难忘,5837691893,0,2023/1/18 21:56
Blank231,1396174228,0,0,1000000,1005600,,2023才入坑会不会太晚了,5837468666,1,2023/1/18 16:21
Entity817,4914273164,0,0,0,100,我的特点就是没有特点,我们都在,5836912060,0,2023/1/17 21:08
亦晓不易ing,8116282701,0,0,0,100,,桃李春风一杯酒，江湖夜雨十年灯等一场千年雨歇，候一人如约而至心随万里长相守，雨落千载共白头雪落长白十三载，故人心归西湖畔重启征程惊雷响，久伴深村听雨落长白轮转十五秋，湖畔再叙花与酒两方世界三河共，一纸内外烟火同,5836809661,1,2023/1/17 18:38
L5276,2023834320,0,0,0,100,5276,捉,5835508914,0,2023/1/15 22:10
L5276,2023834320,0,0,0,100,5276,重逢在，人间花与酒。,5835503450,2,2023/1/15 22:08
子墨轩sun,5112326715,14,1,410000,410100,,一定要去！！！！！,5834401065,1,2023/1/14 12:10
铁三角是人间信仰,1771794716,18,2,230000,230600,“两方世界山河共，一纸内外烟火同。”第十六年，我还在…,冲冲冲，长白山见！,5833741990,3,2023/1/13 14:34
子墨轩sun,5112326715,14,1,410000,410100,,加油！！！2025长白见,5833675686,1,2023/1/13 12:58
铁三角是人间信仰,1771794716,18,2,230000,230600,“两方世界山河共，一纸内外烟火同。”第十六年，我还在…,谢谢！我会加油的！,5833622826,0,2023/1/13 11:22
铁三角是人间信仰,1771794716,18,2,230000,230600,“两方世界山河共，一纸内外烟火同。”第十六年，我还在…,谢谢！不会让你们失望的！[亲亲],5833624811,0,2023/1/13 11:22
橘生又落valentia,3727270134,0,0,0,100,自在随心，想唱什么就唱什么～,加油哦,5833579620,0,2023/1/13 10:19
阿词0108,4931111653,0,0,510000,510100,,hhhh莫名可爱啊各位,5833348616,0,2023/1/12 23:42
阿词0108,4931111653,0,0,510000,510100,,hhh欢迎入坑！,5833348508,1,2023/1/12 23:40
Reed稚邪,300107900,23,2,510000,511500,这个人很懒，什么也没有留下(*ˉ︶ˉ*),“还有于风雪中回眸，极不舍的挽留”  听说剧版藏海花那两个要演雪山送别，一整个无语住了[惊恐],5831977373,4,2023/1/11 16:09
风筝飞不出叹息桥_,248214015,0,2,0,100,粤语歌最好听啦,[流泪],5831619900,1,2023/1/11 2:23
不吃香菜葱花饼,1640045791,0,2,0,100,平安玺乐,我,5829889059,0,2023/1/8 23:40
#NAME?,1674875000,0,0,0,100,,2023年了 有人和我一样才入坑吗……,5829612790,36,2023/1/8 17:09
绪言-sweet,2082857980,0,0,0,100,,原来同道中人这么多！,5828866130,3,2023/1/7 17:48
我cp天下第一真,6490039792,14,2,1000000,1000500,遵纪守法的好公民,我也看啊啊啊啊啊啊姐妹贴贴,5828836722,0,2023/1/7 17:05
我cp天下第一真,6490039792,14,2,1000000,1000500,遵纪守法的好公民,我也喜欢啊啊啊啊啊啊啊啊姐妹,5828838366,0,2023/1/7 17:03
我cp天下第一真,6490039792,14,2,1000000,1000500,遵纪守法的好公民,为你加油啊,5828834590,1,2023/1/7 17:02
不爽就发疯,1892692055,0,0,0,100,呼噜呼噜毛～吓不着,长白轮转十五秋，湖畔再叙花与酒。,5827309176,17,2023/1/5 19:10
好大一座松云山,2023589349,18,2,510000,510100,,祝他们也祝我们！,5825090984,0,2023/1/3 1:33
宇日俱曾szd-鱼溪,2137762443,0,2,430000,430200,,2023打卡,5823840414,3,2023/1/1 16:53
京洛曹子建,136080764,27,1,310000,310101,等方块的红桃十,银临女神年度歌手三连冠，来最近听得较多的花与酒下面留个脚印记录下[呲牙][呲牙],5820853199,3,2022/12/29 8:38
Entity817,4914273164,0,0,0,100,我的特点就是没有特点,"你老了″,5820614264,4,2022-12-28 21:55:12
Entity817,4914273164,0,0,0,100,我的特点就是没有特点,刚借的黑金古刀，还没拿热乎，就还小哥了。,5820614062,1,2022-12-28 21:53:34
iZeroooooooooooo,5055641007,15,2,350000,350500,我不讨论永远，我只活在现在,为了你们，我会拼尽全力,5820538176,0,2022-12-28 20:30:41
uni_一只黑土土,1857886397,0,2,1000000,1005500,人生不摆烂，快乐少一半,喜欢银临，喜欢盗笔,5819130970,2,2022-12-26 22:19:07
Entity817,4914273164,0,0,0,100,我的特点就是没有特点,吴邪03月05日生小哥11月生胖子04月18日生小花10月03日生瞎子01月23日生,5819076956,6,2022-12-26 21:19:45
绪言-sweet,2082857980,0,0,0,100,,姐妹，这俩我也都看，还是狂热粉丝，至于是不是稻米这个就显而易见了！但是我不太明白那个东施效颦吃狗肉火锅的那个梗[流泪],5816810251,2,2022-12-23 21:15:06
昨日死-今日生,1879106702,0,2,610000,610100,,打着骰子押p大攻受那个真的笑到我了哈哈哈哈(?ω?)hiahiahia,5816195732,8,2022-12-22 23:49:01
Hide的AreS,2119356328,0,2,320000,320500,,我是第2025条点赞(*?????*)????,5812066674,0,2022-12-18 14:12:15
种自己的花q爱自己的宇宙,503676376,0,0,130000,130700,让过去过去，让开始开始,2025 817不见不散,5810045527,0,2022-12-15 10:19:34
倘若问心有愧__,4025986752,0,1,0,100,“十年生死两茫茫，不思量，自难忘，千里孤坟，无处话凄凉。”“如果你去一次长白山，请你在那里驻足两天，那里有一场离别，一别十年。”“世上本就没有第二个鬼玺，我不过是想给你十年，让你忘了我。”“十年期，青铜启，终极闭，故人离，雪飘渺，风尘扰，约未了，他不晓。”“吴邪，带我回家。”,一抹云彩至西崖，王者月半守清雅。一王胖子一曲清歌高梁红，风尘乱世寻潘影。一潘子一世情缘终成幻，迷追半世还三省。吴三省一束红妆舞倾城，半生一戏解花语。解语臣一夜清梦了宿劫，一瞬几世人已瞎。黑瞎予一条宿命戏人生，谁知一入已无终。张起灵，彼世来生，你一离，一别。一身雪。吴邪，往,5809519895,2,2022-12-14 13:45:30
倘若问心有愧__,4025986752,0,1,0,100,“十年生死两茫茫，不思量，自难忘，千里孤坟，无处话凄凉。”“如果你去一次长白山，请你在那里驻足两天，那里有一场离别，一别十年。”“世上本就没有第二个鬼玺，我不过是想给你十年，让你忘了我。”“十年期，青铜启，终极闭，故人离，雪飘渺，风尘扰，约未了，他不晓。”“吴邪，带我回家。”,我是张起灵 除夕快乐 这里一切安好 无需担心 收到请速回。,5809516636,1,2022-12-14 13:22:45
倘若问心有愧__,4025986752,0,1,0,100,“十年生死两茫茫，不思量，自难忘，千里孤坟，无处话凄凉。”“如果你去一次长白山，请你在那里驻足两天，那里有一场离别，一别十年。”“世上本就没有第二个鬼玺，我不过是想给你十年，让你忘了我。”“十年期，青铜启，终极闭，故人离，雪飘渺，风尘扰，约未了，他不晓。”“吴邪，带我回家。”,我是张起灵 除夕快乐 这里一切安好 无需担心 收到请速回。,5809516631,2,2022-12-14 13:22:38
倘若问心有愧__,4025986752,0,1,0,100,“十年生死两茫茫，不思量，自难忘，千里孤坟，无处话凄凉。”“如果你去一次长白山，请你在那里驻足两天，那里有一场离别，一别十年。”“世上本就没有第二个鬼玺，我不过是想给你十年，让你忘了我。”“十年期，青铜启，终极闭，故人离，雪飘渺，风尘扰，约未了，他不晓。”“吴邪，带我回家。”,我是张起灵 除夕快乐 这里一切安好 无需担心 收到请速回。,5809516624,2,2022-12-14 13:22:32
一粒来自青铜门的稻米,7972278699,14,2,370000,371300,此处有稻米一只~望各地稻米关注一哈，一起去长白山赴十年之约吧,有,5809482548,2,2022-12-14 12:13:07
小香芝士G,3359933792,0,2,0,100,,在这,5808467936,1,2022-12-12 20:20:50
栀eee,7806554423,0,2,220000,222400,有个性，无简介,有一个很古早的瓶邪同人文就叫二道白河(思索),5808221036,2,2022-12-12 12:38:42
MD-鹤慕He,6457452888,28,2,210000,210600,我要成为混饭圈最理智的女人.一枚稻米~ 多坑：德云社  刘宇宁  肖宇梁  刘昱晗  张晚意  马启越  刘畅木法沙  娃尔（真爱亦是底线）    墙头：陈楚河 周深  路好：曾舜晞  檀健次  季晨季  肖冰,啊.......你问的是歌啊...我以为你问的是有没有2022年还在听这首歌的....不好意思,5807837745,1,2022-12-11 20:49:25
稻米-林先生,1655140125,23,1,440000,441300,。。。。,歌名是什么,5807738410,1,2022-12-11 18:03:06
稻米-林先生,1655140125,23,1,440000,441300,。。。。,歌名叫什么,5807739325,1,2022-12-11 18:02:46
z-____-z,82634358,15,1,310000,310101,.,《南部档案》里面的剧情有人为了找到张起灵传播瘟疫,5807530552,1,2022-12-11 11:55:02
莫扎特oi,8058571531,0,0,330000,330100,痛啊，不亦快哉！,这,5807473211,1,2022-12-11 10:02:02
莫扎特oi,8058571531,0,0,330000,330100,痛啊，不亦快哉！,青山不改，绿水长流，2025，长白山，不见不散,5807472107,5,2022-12-11 09:54:58
salt-sugar-sour,3255156013,0,2,0,100,,“两房世界山河共，一纸内外烟火同”,5806655974,1,2022-12-10 01:18:16
salt-sugar-sour,3255156013,0,2,0,100,,长白轮转十五秋，湖畔再叙花与酒,5806655907,1,2022-12-10 01:17:15
LOVELESSzy,119430061,21,2,0,100,LET'S THINK!!,即使你们不在我们这个世界，但是我还是爱你们！但是……还是觉得好遗憾[多多大哭][多多大哭][多多大哭],5806294950,2,2022-12-09 19:35:37
花下不佩剑的游侠,4975311029,0,0,0,100,自律的顶端，就是享受孤独。,所向披靡之后，还能入少年般温柔,5805964996,1,2022-12-09 13:10:31
十年藏海,4912580369,0,2,0,100,一声稻米，一生稻米,重启征程惊雷响，久伴雨村听雨落。第十五年，我还在。,5805324466,17,2022-12-08 14:10:40
火箭银_十六中版,7925057074,16,2,440000,440100,嘎,焯！高三！焯！！！,5804777128,0,2022-12-07 20:50:34
火箭银_十六中版,7925057074,16,2,440000,440100,嘎,试。。。卷？,5804777741,1,2022-12-07 20:49:44
火箭银_十六中版,7925057074,16,2,440000,440100,嘎,入坑晚了啥都没有,5804775326,0,2022-12-07 20:47:53
MD-鹤慕He,6457452888,28,2,210000,210600,我要成为混饭圈最理智的女人.一枚稻米~ 多坑：德云社  刘宇宁  肖宇梁  刘昱晗  张晚意  马启越  刘畅木法沙  娃尔（真爱亦是底线）    墙头：陈楚河 周深  路好：曾舜晞  檀健次  季晨季  肖冰,这里,5804740387,1,2022-12-07 19:55:01
夏目玲子daisy,5048036519,0,0,350000,350200,,我列表就几个而已,5804729907,0,2022-12-07 19:33:48
ivy_OGBKP,1599425039,0,0,0,100,,有?,5804442107,0,2022-12-07 15:17:10
JiaQi-_,3218894934,0,2,410000,410800,及时行乐,一生所爱[好听哭了],5803793593,2,2022-12-06 14:56:44
哑爸爸的天真,1833193884,0,2,650000,650100,,两方世界山河共，一纸内外烟火同,5803117203,2,2022-12-05 12:24:14
莫扎特oi,8058571531,0,0,330000,330100,痛啊，不亦快哉！,我们只是，好久不见,5802798170,0,2022-12-04 21:37:20
风御花舟,3222788893,0,0,0,100,我有所求。,希望他们都平平安安，雨村常在，欢迎常来。,5802736087,2,2022-12-04 19:59:02
风御花舟,3222788893,0,0,0,100,我有所求。,谢谢[多多大笑],5802734095,0,2022-12-04 19:57:09
沈爱佳Jiajia,1653386876,33,2,440000,440300,凉薄世界 寻找深情,这太难啦 但最后应该都会变温柔,5799290723,0,2022-11-29 18:24:23
那一秒x_,3267771685,0,0,0,100,,如果我很漂亮 我一定有勇气直视你的眼睛,5799215597,0,2022-11-29 16:10:47
稻米-林先生,1655140125,23,1,440000,441300,。。。。,有2022年的吗？,5797832482,10,2022-11-27 16:02:44
unrolls,261799913,0,2,0,100,滚,我们只是，好久不见,5797057803,0,2022-11-26 15:14:00
池鱼LO故渊,1599821564,19,2,370000,371400,,桃李春风一杯酒，江湖夜雨十年灯，我想你们了,5796546241,0,2022-11-25 21:02:17
哥哥忘了我叭-,1998130360,21,2,440000,440100,,周生如故,5796116571,1,2022-11-25 04:42:46
幼儿园老大_LzlM,3283431942,0,0,0,100,当幸福来临时，一定要把握好机会,我们人生在不同的阶段，会依赖不同的关系,5794505055,2,2022-11-22 14:08:08
云村村民166885777017151,8131225262,0,0,0,100,,孩子被刀傻了……,5792749717,3,2022-11-19 19:56:57
小一祝所有好朋友2024平安发大财,6395373827,0,2,220000,220100,身高努力长到170?体重努力突破三位数?骑机车 ?爱越野??喜欢追求风和自由?励志做个开QQ用品的女骑……,朋友圈只是人设 我心里的风声 从未有人听说 那些不敢公之于众的 才是我的生活,5792701519,24,2022-11-19 18:35:13
",,,
