骨妍痴,1286858142,0,1,450000,451100,,懂了。是广东！,6040899526,0,2024-01-16 19:49:56
花之音及神之弦,67287898,26,2,0,100,💫❄️☄🧚‍♀️☄❄️💫,好欢快的曲子😄,6040485502,0,2024-01-15 19:17:24
淡墨晨屿,48553311,38,1,450000,451200,,与字在这段排比句里是介词。是“气质典雅如风，容貌美丽如月”的意思。后面两句是，“情似海水多，卧有山峦势”，描述花魁情意不绝，身姿婀娜。,6040484377,0,2024-01-15 19:07:59
今古昵称无定据,396454892,23,1,340000,340100,异次临倾，步步唯银。,啊？？？？？23年初网易云就有了？？？？？害得我用qq用到现在。,6040405254,0,2024-01-15 14:59:33
雨中的歌笙,535824986,0,2,0,100,我希望自己以后可以热爱生活，热爱世界，我想养只猫,我也是QAQ,6040023413,0,2024-01-14 22:36:13
请悄悄变出我最喜欢的人-何何子,1689469856,0,2,0,100,清醒 独立 优秀 谨慎 多看好书 少熬夜 少说话  多做自己喜欢的事🌸,打卡,6039612454,1,2024-01-14 13:13:38
祁婴丶,576696537,23,2,220000,220200,想看蝴蝶吗.,啊？八竿子打不着啊,6039399005,0,2024-01-14 03:28:27
___Sternstunde___,1756325917,21,2,0,100,,活用作动词啊 文言文里不是挺多这种用法的吗,6039312027,0,2024-01-14 00:50:54
莫得名字的宝宝熊,130802212,0,0,0,100,欣欣点灯,终于有了！！！！！,6039010845,1,2024-01-13 18:06:59
Wangted,50066115,8,0,110000,110101,Wish Ziam a happy ending.,是一样的,6038299093,0,2024-01-12 11:03:36
红叶凝白,3989039230,0,0,110000,110101,,上北下南，眉毛南边是眼,6037732227,1,2024-01-11 13:36:51
莽臻,284806686,0,0,370000,370100,,是啊，那一句完全一样的[汗],6037210622,0,2024-01-10 14:53:23
强迫自白,564007537,25,0,0,100,覆水难收,1150[多多可怜],6036983816,1,2024-01-09 23:19:47
Ritaz666,365647607,0,0,310000,310101,,听了这歌就不由自主地唱起了柠檬树,6036864777,2,2024-01-09 19:17:07
柚子茶wwww,324392191,25,2,440000,440100,,长沙也有我,6036823638,0,2024-01-09 17:56:11
chorol,2054655718,21,2,330000,330900,戴我疯癫冠冕.,真的有意气少年烂漫少女的烂漫氛围,6035156848,4,2024-01-07 04:23:16
柰柰呜呜呜,504035236,0,0,0,100,天天开心,好喜欢好喜欢好喜欢,6034901231,1,2024-01-06 20:43:58
RedGloom,423360728,26,2,510000,510100,,李宇春的 1987我不知会遇见你,6034796043,0,2024-01-06 17:06:31
阿部多瑞卡多希_OLBw宣墨,250956021,28,1,340000,341800,,哪里啊,6033516474,0,2024-01-04 04:37:26
团子捕捉大队,310062345,24,2,110000,110101,,我咋觉得这个曲哪里听过？,6033354553,0,2024-01-03 21:53:17
淡然的粉色辣椒,1935184178,0,0,0,100,江湖有花无忧  陪在少年左右,眉南边,6033069465,3,2024-01-03 14:23:39
--知是故人来,532977457,33,1,410000,410100,,轻歌曼舞，尽显风流！,6033034668,1,2024-01-03 12:39:50
--泬漻--,1837923497,0,1,0,100,？,听来听去这么多年，还是感觉这种古风更有韵味……[流泪],6030229226,14,2023-12-29 17:13:39
逢夜雪,436034317,0,0,0,100,,喜欢,6030208722,1,2023-12-29 16:25:32
下垫面是柏油马路,2010180343,19,2,1000000,1010000,好提胆闯人海,捉,6030123066,0,2023-12-29 11:37:11
渝白_Y,6366414536,15,2,610000,610100,不渝,不知道为什么，每次听银临的歌，都会想到刘诗诗的脸👉👈,6029927045,4,2023-12-28 23:17:17
sFU-eiwmlf,1605915536,17,2,540000,540100,永不枯竭的，可再生，可填充，可交换。,雾里看花,6029765353,1,2023-12-28 18:53:50
用户5000696511,5000696511,0,0,450000,451000,,无限循环,6029623156,1,2023-12-28 16:29:53
am阿默o,272048376,22,2,510000,510700,,词好,6028805565,2,2023-12-27 02:12:15
步解尘,4027232364,0,2,340000,340100,刘彻茂陵多滞骨，嬴政梓棺费鲍鱼。,婵娟原来形容女子曼妙的姿态，后来用来代指月亮,6027893443,2,2023-12-25 19:25:50
祈春归也,604677887,24,2,370000,370300,,第一句lemon tree,6027760256,4,2023-12-25 13:32:50
我將埋葬眾神,1829944517,28,1,320000,320900,人活着本没有意义，但只有活着就会碰到很多有趣的事，就像你发现了花，而我发现了你一样,照片：一张去年自己的照片bgm：蓝色文案：我试着抄袭以前的自己 却发现半点不像逆转时间的公式：￥=×⅔+0.9x(N-×½xsin(axrxx） 如果n能算尽则该等式成立 且时空跳跃 回到过去拥抱自己,6026466222,3,2023-12-23 11:40:48
年華T1me,259126804,0,1,0,100,陪֒伴֒是֒一֒种֒沉֒默֒的֒温֒柔֒💌,这首歌用柔美古风旋律和风花雪月般浪漫歌词，营造了一个美丽“花魁”女子对美好爱情的想象与憧憬，如诗如画，如梦似幻。,6025741851,4,2023-12-21 21:58:24
一枚银子,614389625,26,1,140000,140700,银为有你，天涯比临(*˘︶˘*).。.:*♡,伴奏才好听呢,6025313748,1,2023-12-20 23:26:43
千秋是个小朋友,6414576476,0,0,120000,120101,多情种，无情人,长沙场，我在现场,6025293031,0,2023-12-20 22:56:18
为什么君瞎,1322040997,0,1,0,100,从此无心爱良夜，任他明月下西楼。,山是眉峰聚，水是眼波横。所以山的那边，海的那边为什么不可以是眉南边？,6025119156,1,2023-12-20 16:49:33
千秋是个小朋友,6414576476,0,0,120000,120101,多情种，无情人,人家银临现场都说了，就是眼睛[奸笑],6025081945,0,2023-12-20 15:10:35
棠花吹雪,532109807,0,0,610000,610100,,各位喜欢银临的友友没必要在评论区攻击别人，这首的确有点像。让个不听音乐的人也会觉得很像。别人说像，也没啥，只要没说抄袭，也没必要攻击别人。撞车算巧合很正常，扒谱没抄就完事了。临姐本来就小众，我也不听别的歌，去年的时候酷狗评论区就有人说，时间会给答案的。,6024883244,6,2023-12-20 06:33:30
弃天之帝之天弃,420994072,29,0,500000,500101,一个人来，一个人去；一个人走，一个人停。,此曲甚得吾心,6024475767,1,2023-12-19 16:02:28
斑斑deer呀,6300895329,20,1,110000,110101,,6,6023908088,1,2023-12-18 10:16:07
慕烟-_-,8060075400,0,0,110000,110101,,调也好听，词也好听，声也好听！都是高手,6023517710,2,2023-12-17 14:25:47
二氧化没,3228560561,0,0,0,100,first love.,要一百个春天身死，蝴蝶才能忘却相思。,6023494295,3,2023-12-17 13:28:12
洛书途,449721227,0,2,370000,370100,,第一句歌词我每次都能联想到春雨惊春清谷天（）,6023424145,3,2023-12-17 10:25:31
Ludwigder16,483792762,0,2,370000,370100,,开头是lemon tree？[西西疑问],6022980532,6,2023-12-16 13:53:36
Nifflers_Coin,1570399895,21,2,1000000,1003100,,lemon tree～😈,6022820759,1,2023-12-16 02:23:42
风淡云也轻,91671710,0,1,0,100,出淤泥而不染，濯清涟而不妖。,第一句曲很熟悉,6022756259,2,2023-12-16 00:11:57
小柒妖孽,501017283,22,1,330000,330100,于万人中万幸得以相逢,MV哪去了？？？,6022729626,1,2023-12-15 23:45:04
我把民政局搬来和美女结婚,1912032642,16,2,320000,320100,My affections and wishes have not changed.,学校放的起床铃，当时听就感觉是银临的，但之后死活没找到，结果今天在日推找到,6022531602,5,2023-12-15 16:24:41
向日葵_Alina,8539046836,0,0,330000,330200,,对，调很像,6022530214,1,2023-12-15 16:15:43
hero米浴,2128322394,0,2,0,100,永远喜欢友利奈绪初音梦女 葱门永存,好喜欢,6022481755,1,2023-12-15 13:51:09
facetoD,533852,0,0,0,100,冲天遥控车,与风同雅的风和雅都是诗经，月和婵娟也都是月，前面同事物，后面同事物。后面的雅和婵娟又各有指代的意思。意上是工整的。某以为这样写美且更有思绪发散的空间。缠绵一词缺了意思上的工整，也局限了听者的思考。当然，中文之美是各有各的欣赏层面，无意强加，只是看到了啰嗦几句。[心心],6022365188,0,2023-12-15 07:27:01
Empire余晖丿,586337688,25,1,130000,130800,,换世门生画江湖主题曲很像,6022175323,2,2023-12-14 21:44:14
除夜思x,378950857,0,2,0,100,,应该是眼睛吧，银子有一次音乐会也说，眉南边是眼睛，你们都在我的眼睛里,6021044238,2,2023-12-13 15:44:13
为什么君瞎,1322040997,0,1,0,100,从此无心爱良夜，任他明月下西楼。,谁说的是真的呢？谁说的又是假的呢？人去某个地方，人去谁的眼睛里，都是没有问题的。因为人各有各有的人生际遇，所以人各有各的理解。较真，就着相了。,6020656311,2,2023-12-12 22:38:21
Enjoy-Von,2140333736,0,0,0,100,,楼主的名字[大哭][大哭]太呼应此情此景了,6020585982,1,2023-12-12 21:11:40
Enjoy-Von,2140333736,0,0,0,100,,没胡说八道[呆]最后一句歌词是"人去眉南边"，说明词作是在双关义。,6020582708,4,2023-12-12 21:10:29
皎迢,1503194136,0,0,610000,610100,永远不停止思考,好久没有遇到值得单曲循环的歌了,6020573458,12,2023-12-12 20:52:02
绝美花怜,1618943912,0,0,0,100,读云村乐评，品百味人生。,月初的歌月末推给我[头秃],6020577978,1,2023-12-12 20:50:54
减肥成功哈哈哈哈哈,3925906588,0,2,360000,360700,,好好听啊！！！越听越喜欢好吗,6019877252,1,2023-12-11 09:35:45
一只小黑狼,603859341,20,2,220000,220800,,柠檬树,6019510488,0,2023-12-10 15:24:40
飞光飞光--,303528441,0,2,0,100,,我也最喜欢这一段！,6019428529,1,2023-12-10 12:18:51
木兰舟,32874609,29,1,230000,230700,,网易这边MV竟然还没上,6017726064,1,2023-12-07 08:26:04
yy-yyy__,1470529167,0,0,0,100,,1105[多多比耶],6017286724,1,2023-12-06 14:53:01
余己一人,532531460,0,2,0,100,于万人中万幸得以相逢,真的很喜欢眉南边这首歌,6016413894,2,2023-12-04 22:11:44
幽白黑乌云,286295634,0,2,0,100,词作。完整词作作品见歌单，主页显示不全，只关注私信的话其实很多歌也不会发私信的_(:з」∠)_,他本来就不是词作啊。。。他是作编曲（另外即使没有灰原穷银临也不会喜欢你的哦，别酸啦）,6016155452,6,2023-12-04 10:35:00
腹黑的死亡领主,44722132,0,0,620000,620100,,原曲是啥来着，很熟悉的一首英文歌,6015503211,3,2023-12-03 02:13:42
明庄郎,1681534287,21,1,610000,610100,🧨哎咦耶咦耶咦耶啊↗️哦↘️，哎咦耶咦耶咦耶啊↗️哦↗️，我恭喜💪🏻你发财‍，我恭喜👍🏻你精彩！最好的请过来🤲，不好的请走开🙏🏻，oh礼多人不怪🎊，我祝☝🏻️满天下的女孩🌸，嫁一个好男孩💕，俩小口👫永远在一块🦅，我祝，满天下的小孩👧🏻，聪明✍🏻️胜过秀才💯，智商👉🏻充满你👊🏻脑袋🎓，我祝🀄，尊敬🙌🏻的姑奶奶👵🏻，三十六圈🌪️的比赛🚀，气不喘💦面容不改🔥，我祝👌🏻，三叔公👴🏻的买卖🤝，生意💪🏻扬名四海👏🏻，财运亨通💵住豪宅🏡，大摇🕺大摆💃，乐天替你消灾🙇🏻‍♂️，恭喜～发财🤝，要喊得📢够豪迈👍🏻,谢谢提醒，我说咋听着这么耳熟呢😂,6015230943,3,2023-12-02 18:12:12
乌墨玄,1354626588,0,1,620000,620100,,除了前几句呢喃的第一句好像lemon tree啊[大哭],6014779618,16,2023-12-01 20:30:56
梦璃么么哒,75685939,0,1,530000,530100,双鱼高三狗,灰原穷也没写过词啊,6013671615,3,2023-11-29 20:56:25
失忆的蜉蝣,476717660,0,0,530000,530600,,扒了，lemon tree开头的谱是33366225，这首歌贯通始末的一句谱是33666622255,6013567693,8,2023-11-29 16:23:04
我是娮,8134499913,0,0,610000,610100,,瞧瞧哈，这个，某某宗很合适，ai选妃也很合适,6012959098,2,2023-11-28 09:49:24
我是娮,8134499913,0,0,610000,610100,,感觉这讲的不是那啥女，是海王,6012958451,2,2023-11-28 09:48:14
Ulysses1902,1551574391,0,1,330000,330300,,我去终于想起来那几段的旋律像哪首歌了，谢谢兄弟,6012772488,1,2023-11-27 22:12:30
千秋是个小朋友,6414576476,0,0,120000,120101,多情种，无情人,长沙场的小伙伴，咱们有福利，你们记得吗？银临说了，咱们都在她的眉南边哦～[亲亲][亲亲],6012638943,10,2023-11-27 16:14:30
慕竹容,346486286,28,1,230000,230100,,灰原穷江郎才尽了，这首歌的词不是那小子写的了！！哈哈哈哈哈哈！！！,6011585579,4,2023-11-25 15:01:25
书包上的猪,1649567134,0,2,350000,350900,,Lemon tree哈哈哈,6011586341,2,2023-11-25 14:59:15
我是娮,8134499913,0,0,610000,610100,,哈哈哈哈哈哈哈哈哈哈哈哈哈,6011107289,0,2023-11-24 18:08:06
由潸,562943299,0,2,0,100,这里由潸（shān），微博同名，B站id由潸泪，爱发电id由潸。主厨术力口。感谢相遇。,临子姐还真唱过痒……不过没发在平台,6011079754,1,2023-11-24 16:56:30
林扶风,118802146,0,2,0,100,我曾踏月而来,lemon tree,6010475431,1,2023-11-23 16:37:39
穆鸢飞,3880539752,0,2,620000,620100,,颀鞍词的对仗是真的舒服（极爱《西施江南》的小银子举手）,6010419779,4,2023-11-23 13:19:41
许明月是大小姐,308366303,0,2,430000,430100,谢谢你呀，让我能够在你的生命里留下痕迹,长沙也有我,6010387787,1,2023-11-23 11:30:15
千秋是个小朋友,6414576476,0,0,120000,120101,多情种，无情人,我发现，平时不听的歌，听完现场，好听一百倍[呲牙],6010378679,4,2023-11-23 11:14:54
谢怀宁_,1649824347,22,1,360000,360700,我想要用我余生，换夜空繁星闪耀。,长沙有我,6010359327,1,2023-11-23 09:52:04
考考考考你个棒棒锤,4019992936,0,1,360000,360100,,我也去了长沙,6009942575,1,2023-11-22 18:27:19
斐银,424437783,0,2,0,100,飞得更高吧,这开头真的很好听，谁懂！,6009860196,1,2023-11-22 13:56:07
九下豆,569886011,19,2,430000,431000,,前面的有点像柠檬树,6009520959,1,2023-11-21 18:48:33
末日看海_zzz,1312148647,0,2,0,100,偶尔听歌不会唱歌的跑调女孩,今天才认真看这首歌的歌词，好喜欢啊,6009441741,1,2023-11-21 13:57:21
1-3月噤声不讨好zhang竖咬字,1313310134,0,0,0,100,…,感觉是青楼的歌呢,6009019773,2,2023-11-20 14:16:42
1-3月噤声不讨好zhang竖咬字,1313310134,0,0,0,100,…,哈哈哈哈哈,6009018077,1,2023-11-20 14:16:13
collar101010,1732614705,20,2,430000,430100,,对这首本来无感，但是前天听了临姐的现场版，现在彻彻底底爱上了[流泪],6008934290,23,2023-11-20 09:36:14
糸真,1403036997,20,2,230000,230400,( ﾟ∀ ﾟ),好好听好好听好好听！！,6008664897,5,2023-11-19 19:26:26
洛笙绫和,1570589750,0,1,0,100,,我也是的，回来之后戒断不了，一直在看录像[流泪],6008477065,3,2023-11-19 11:29:00
神要喜欢你,585058906,26,1,430000,430100,怕你不来,昨天去现场听到噜！！！,6008445356,2,2023-11-19 10:12:16
胖小船,132742571,0,1,0,100,,真是荒唐，假是缠绵。春秋烂漫，终需惦念。浅伴无奈，笑看人间。,6008338678,2,2023-11-19 01:30:04
不是奇数的奇,1473753054,0,1,440000,440100,,委婉又唯美的中式浪漫，“眉南一双思梦眼”“万水千山*应*看遍”“人去眉南边”（风月山海不及那人入我眼）,6007489354,20,2023-11-17 16:06:20
雨道Rachel,1757133278,0,2,110000,110101,“如果回忆是美味的草莓蛋糕的话，时间就是做蛋糕需要的砂糖。”,“惟江上之清风，与山间之明月，耳得之而为声，目遇之而成色，取之无禁，用之不竭”,6007351861,4,2023-11-17 08:34:40
金小天使_Angel,280003134,0,2,210000,210100,神说世界上要有光，于是便有了金,好听,6006626703,2,2023-11-15 16:10:12
USS_CV-5,335483347,0,2,110000,110105,北京某不知名财经外语类院校在读，法学doge。 刑法方向。,一本正经胡说八道，文案已经写了眉南是眼看人间,6006597794,7,2023-11-15 14:24:17
nothing_no-no,3272336820,0,0,0,100,大浪拍行都成為漣漪,妙啊,6005824616,1,2023-11-14 07:00:05
临清L-CJ,420348691,0,1,420000,421000,解不开前世的玲珑，谁在彼岸莞尔提灯。,现场回来就小红心点上[多多耍酷],6004910468,1,2023-11-12 09:52:40
_果糖糖_,1758572095,0,2,510000,510100,,昨天去现场听到噜！！！,6004901516,11,2023-11-12 09:29:48
yichya,63706128,0,1,0,100,,现场打卡[多多大笑],6004735811,1,2023-11-11 22:56:55
Arwenxxxxx,423538010,28,2,420000,421100,'野猫子,lemon tree,6004116461,3,2023-11-10 19:09:33
是你偷吃我苹果,96543316,0,0,0,100,,前半段总是唱到lemon tree 去[大哭],6003395919,3,2023-11-09 01:34:12
桑宇鹏syp,1918245711,0,1,510000,510100,,希望能拿宝钢奖学金特等奖,6002266451,1,2023-11-06 16:38:25
闻笛1910,2018964036,0,1,440000,440300,,哈哈，眉如远山黛，从来都是用山指代眉。上北下南，眉毛的下面是什么？亏得你哈哈,6002141136,10,2023-11-06 09:19:50
晚夏的晚风,384534866,3,2,230000,231000,你们永远在我心底,基本一模一样[大哭],6000704811,1,2023-11-03 10:56:53
m墨oYumo,1516661925,20,1,330000,330100,,第二段好听,5999689943,1,2023-11-01 07:42:45
盛安风来,103428963,0,0,0,100,嗯？,第一遍听就感觉有种很熟悉的即视感，又专门听了一遍，发现进副歌之前奇数句的每一句歌词的调子都跟柠檬树是对得上，好神奇,5999451561,6,2023-10-31 19:02:42
传递正能量3_宽容包容大度心量大,1847822190,33,1,430000,430800,海纳百川，有容乃大! 心包太虚! 大度能容，容天下难容之事! 祝福大家智慧充满，身心健康，万事如意! 如果有打扰到您，对不起，请原谅!,时光短暂，我们一定要珍惜生命。人间最大的两件事情：一件是生，一件就是死。在生死过程中所有的一切都不是大事情，全部会过去的就不是大事情，只有生是大事情，死是大事情。我们的心要跟宇宙一样大。如果你不做坏事，你经常做好事，那你善的缘分很快就会成熟，好事情很快就会来了,5998080108,7,2023-10-28 21:06:46
火蒂树,246705085,0,0,320000,320200,,一本正经的胡说八道，歌词第二句就是“眉南是眼”,5997476494,21,2023-10-27 15:57:29
她喜欢抹口红,89117924,0,1,0,100,,一个人孤单单的下午。。。。。。😃,5996974339,2,2023-10-26 12:58:40
仟夏_yZAy,8128563338,23,2,1000000,100,,如果觉得像可以扒谱 而不是听着像好吗,5996922237,6,2023-10-26 09:40:33
鹤顶红_D5CB,8217458247,0,0,230000,231100,,？这干啥呢,5996327966,0,2023-10-24 21:21:32
泉台歧路,1745223062,0,1,0,100,宁如飞萤赴火 不作樗木长春,太喜欢了……,5995518681,5,2023-10-23 00:15:19
帐号已注销,1644202606,无,无,无,无,无,又在说我,5995314552,1,2023-10-22 16:23:45
唯剑与雪,4026691768,33,0,1000000,1003500,清风来对阵,慕了[流泪][流泪][流泪],5995289468,1,2023-10-22 15:20:41
Carina-QAQ,318120917,0,2,440000,440300,,感谢日推🙏🏻,5995285702,1,2023-10-22 15:10:42
南瓜米糊_,113662806,27,1,150000,150100,,这首是唱了！,5995247043,2,2023-10-22 13:23:05
不老梦不良人,1753216272,20,1,430000,430400,超世之才，不拔之志。,惊风一时起，惊梦在此间。,5994909897,2,2023-10-21 20:12:25
唯剑与雪,4026691768,33,0,1000000,1003500,清风来对阵,我有一个大胆的想法，临姐最近听的歌会不会就是演唱会上要唱的[奸笑],5994609533,5,2023-10-21 02:40:56
晚霞_火云下_萤火丛中_玩耍,397820589,33,1,440000,440500,,开头 是lemon tree？,5993908031,9,2023-10-19 16:53:45
默阁主人,543728093,0,0,620000,620700,,“山是眉聚峰，水是眼波横。”,5993874560,8,2023-10-19 15:00:49
梧地,306732085,0,1,440000,440500,,就春与青春同照面那句节奏一样，其他还好,5992812965,0,2023-10-17 12:04:36
梧地,306732085,0,1,440000,440500,,春与青春同照面这段节奏一样，其他不同,5992810508,0,2023-10-17 12:03:19
神权在我手,108551366,36,1,230000,230200,,以为是玄觞唱的,5992422156,1,2023-10-16 17:25:40
pappercut,490986245,33,1,230000,230100,许酒亦当平许愁,认证+1，确实搜不到,5992230684,0,2023-10-16 11:16:23
pappercut,490986245,33,1,230000,230100,许酒亦当平许愁,1987我不知会遇见你,5992199723,2,2023-10-16 09:40:56
今日宜告白,368927171,0,2,0,100,那时正逢扬州三月桃花铺满路,真是荒唐，假是缠绵～揉乱琵琶弦～,5992175345,2,2023-10-16 07:43:40
我要喝番茄汤,543144064,0,2,0,100,,跟柠檬树前面开头那部分相似，还和李宇春一首歌曲更像了，忘记叫啥了,5991989816,0,2023-10-15 21:13:21
天將明YS,3397994055,21,1,460000,469032,一生奔赴一场大无畏梦境，世人轻慢或艳羡着你。,对的，就是眼,5991299965,1,2023-10-14 14:43:09
烛棠,1310798736,0,2,420000,420100,,上北下南，我猜眉南边指的是眼吧，歌词也暗示了，眼北面、眉南边，还有眉南一双思梦眼,5991141374,2,2023-10-14 04:32:44
烛棠,1310798736,0,2,420000,420100,,上北下南，眉南边这里指的是眼吧，歌词里也暗示了，眼北面、眉南边，还有眉南边思梦眼,5991143824,24,2023-10-14 04:30:53
暮色对饮茶,7828819371,20,1,340000,341100,我生已悦我，而非他人所困。,欣鞍词真有意思,5990583919,4,2023-10-12 23:21:40
唯浅而已,322587839,0,2,440000,440100,喜欢就抓紧,玉生烟？,5990075670,1,2023-10-12 09:14:00
-到哪了,559379774,21,1,0,100,,这个调怎么那么熟,5989962251,2,2023-10-11 23:43:46
醒来酿一壶春愁,634545201,24,1,410000,410400,最擅长让人失望,百度没搜到,5989702351,2,2023-10-11 10:58:12
白夏天星,132541273,0,2,340000,341300,,一看到银临我就知道要收藏了[色],5989406319,3,2023-10-10 17:30:48
uiliuilibb怪,3237420515,16,1,370000,370200,,先曲后词 这词已经很绝了,5989154174,13,2023-10-09 23:20:00
uiliuilibb怪,3237420515,16,1,370000,370200,,细品歌词 总感觉不对劲 但又说不出 有一种很愉悦的 放纵的 极乐的美,5989149342,31,2023-10-09 23:16:48
鸣繁,1964879193,19,2,360000,360100,最是人间留不住，朱颜辞镜花辞树,很上头,5988745323,1,2023-10-08 22:54:04
鸣繁,1964879193,19,2,360000,360100,最是人间留不住，朱颜辞镜花辞树,好喜欢这首,5988746233,1,2023-10-08 22:53:56
青提和草莓跳圆舞曲,4960511947,0,0,420000,420100,ça va？,一首歌里有一句旋律相似都可以认定抄袭吗，这样还要怎么创作？把世界上所有的歌听一遍再写吗？,5988424127,3,2023-10-08 12:14:14
汞79,494219631,0,1,1000000,1000900,,走位走位看不见……,5988354349,1,2023-10-08 07:46:04
暮雷安哥,1414289026,0,1,420000,420100,,谁问你了（🍋🍋🍋）,5987277128,0,2023-10-05 21:47:53
Cy1124q,1353372497,23,1,230000,230100,77777,像这像那 我看我和你叠也挺像[多多调皮],5987202313,0,2023-10-05 19:35:24
籽书道之,555666136,23,2,410000,410200,明天是个好天气呢,从早上醒过来到现在，脑海里一直回响这首歌的旋律🎶……,5986960873,2,2023-10-05 09:48:03
所谓强颜,435937952,0,0,310000,310101,人生何处不相逢呢,原来不止我一个人这么想,5986884201,0,2023-10-05 02:08:32
所谓强颜,435937952,0,0,310000,310101,人生何处不相逢呢,有一句调子好像lemon tree,5986887768,33,2023-10-05 02:07:43
昔时若梦,8805905804,0,2,0,100,,大佬真历害！,5986728634,0,2023-10-04 21:27:49
松子青柠,7793515302,0,2,340000,341500,天上宫阙琉璃，甚星甚宿，神仙何处，可曾听与君许凿凿之语？人间长风万里，何年何月，才见川止山行，相思得寄？雪覆少年矣。,会的,5986642282,1,2023-10-04 18:15:23
昔时若梦,8805905804,0,2,0,100,,我只会－两句[多多捂脸],5986509864,0,2023-10-04 12:25:22
昔时若梦,8805905804,0,2,0,100,,会背吗？,5986510832,0,2023-10-04 12:25:04
昔时若梦,8805905804,0,2,0,100,,弟走从军阿姨死 暮去朝来颜色故……,5986506394,0,2023-10-04 12:24:51
松子青柠,7793515302,0,2,340000,341500,天上宫阙琉璃，甚星甚宿，神仙何处，可曾听与君许凿凿之语？人间长风万里，何年何月，才见川止山行，相思得寄？雪覆少年矣。,是哒[可爱],5986504950,0,2023-10-04 12:16:19
墨池影斜,333717440,19,1,320000,320600,,还有吹梦到西洲[亲亲],5986297462,1,2023-10-03 23:30:48
昔时若梦,8805905804,0,2,0,100,,琵琶行？[多多捂脸],5985980892,0,2023-10-03 11:11:59
昔时若梦,8805905804,0,2,0,100,,听第一句的＂去，同去＂总感觉像＂雀，铜雀＂因为本人喜欢一些关于三国的东东就想到了铜雀台[多多捂脸][多多捂脸]总感觉这首歌像在描绘二乔在铜雀台时的各种表现[多多笑哭][多多捂脸],5985980772,2,2023-10-03 11:10:02
昔时若梦,8805905804,0,2,0,100,,每次听歌看歌词总感觉像在看小说[多多捂脸],5985976168,2,2023-10-03 11:05:11
盐梭鱼梨,557080114,0,2,0,100,“情有独钟的是轻狂年岁，独上高楼宣苍龙来会”——《焦骨》本命银临、子弥、慕寒，墙头不才、司夏、贰婶……,前天在现场听了这首歌，现在还没缓过来，临现在的现场很稳，超级温柔（没错我和临子说话了）,5985586051,5,2023-10-02 16:45:22
Mantle-地幔,6404902847,24,1,810000,810100,我用尽一生，换你流星不落,偶然听到这首歌，居然是银临的，仿佛回到了多年前听古风歌的时候,5985266241,3,2023-10-01 23:19:45
真的挺狗的,8619349681,28,1,370000,370100,,这么好听评论不应该这么少,5984958430,2,2023-10-01 12:16:12
结标黑子,3226882711,0,0,0,100,,今天在现场听见了银子唱这首,5984832498,3,2023-10-01 03:38:16
西摇晓,565490871,27,2,350000,350200,做喜欢的事，永远不嫌晚。,妈耶听了几句就爱的歌,5984121681,1,2023-09-29 20:55:18
萌男若奔,294763171,33,1,350000,350100,,银铃作曲真牛,5983403266,1,2023-09-28 17:45:59
hohokammua,550706065,0,0,500000,500101,,怎么有点像she的一首歌 副歌的地方,5982810745,0,2023-09-27 13:46:36
吃豆子的恐龙,18595254,0,1,0,100,Warning❗Game enthusiast detected❗🔜,母带竟然不是穷哥？？？[大哭],5982458276,1,2023-09-26 17:50:42
你的小橘猫哦,2020211055,22,2,610000,610400,海压竹枝低复举，风吹山角晦还明。,风月之人，眼波如秋一弯水，浅笑似漫天桃花，眉目含情而不入心。红帐翻飞，一时情动，只谈今夜不论明夕。不为情困，心自潇洒！,5982091729,3,2023-09-25 20:45:24
不老梦不良人,1753216272,20,1,430000,430400,超世之才，不拔之志。,恍惚抬眼处，君在眉南边。,5980347760,7,2023-09-22 19:55:38
失眠的凉茶,272769010,23,1,450000,450700,不知今昔是何年，终弃滑稽盾离去。愿守夜圣火长存，永夜灾祸已破晓，已无本尊必行事，作那寒江上的乘舟渔翁，作那谈看红尘事者，作那无言候爱的痴子，作那山水之间的茶客，作那天地逍遥自由人❀.(*´▽`*)❀.曾用ID：凉茶不语，守夜人·返“现实呢？”“现实是逐渐变成了自己曾经最讨厌的人，做着不喜欢的工作，接触着不那么喜欢的人，爱而不得、患得患失……”“…终将消逝的，不是吗？”“…是啊……”“你会变成什么样的人？”“…我会变成薪柴，而你只需要点燃我就好了，我将化作燃尽一切的火焰，带走旧时代的糟粕与恶习，连同那些被同化的人一起，在岁月中死去、消逝、遗忘…”“那些继承了的人呢？”“就交给你了，另一个我…”,哟，来了呢,5980334799,1,2023-09-22 19:22:15
十字星天鹅座,8861277915,0,0,500000,500101,,这个首歌写的就是古代风月场所  文化版的 痒,5980117599,22,2023-09-22 03:31:43
十字星天鹅座,8861277915,0,0,500000,500101,,这首歌就是写的古代的风月场所  现代的商k  眉南边 眉南面北 这里的眉南边大概意思就是指的让人开心愉悦的地方去 同去 忙忙人间眼 北面 山重山来 取来 风月消遣（好烦人啊  不如来这里快活快活 ）            思愁闹了金銮殿思凡烧了伽蓝院 （皇帝不上朝 和尚不敲钟）      字数限制,5980119200,21,2023-09-22 03:13:16
bobusha,5056505432,0,2,510000,510100,你好，我住在草莓酱压路14号街。,仙品,5979888643,2,2023-09-21 16:51:26
uVuo7,1731159759,16,2,430000,430700,,和这首是同个编曲！,5979832460,3,2023-09-21 12:57:17
狙犀,261822770,33,1,440000,440500,沉迷于旧世蓝调。,I'm sitting here in the boring room,5979030258,2,2023-09-19 10:23:33
半阙临黯,1655273681,0,1,430000,430100,我推好伟大的一张脸,造谣一张嘴，像谁像谁，我看我和你叠挺像的[憨笑],5978831332,7,2023-09-18 21:13:35
树等花落,577361872,0,1,420000,420100,,我就是有这种感觉，好像好久之前听过七朵那首歌有这样的旋律,5978026305,0,2023-09-17 02:12:44
本座没有得中二病,1507335625,0,2,0,100,来如雷霆收震怒，罢如江海凝清光,水是眼波横，山是眉峰聚。欲问行人去那边，眉眼盈盈处。,5977421196,1,2023-09-15 23:00:32
天暖总会困,1988323356,0,2,420000,421100,Late cherishing always makes people laugh.,好好听好好听好好听好好听好好听好好听好好听好好听好好听好好听好好听好好听好好听好好听好好听好好听好好听好好听好好听好好听好好听好好听好好听好好听好好听,5977200709,1,2023-09-15 13:37:39
两人乐,566184632,23,1,370000,370600,你，,虽然听不懂是什么意思，但是好像唱戏,5976809235,1,2023-09-14 14:58:48
宁若公子,62509485,0,0,0,100,你/ 幻化的烟霞该如何/ 形容/ 一场梦怕有人/ 惊动,第一句不就是！I'm sitting here in the boring room吗！？,5975680139,12,2023-09-11 18:52:05
南瓜小神,348563390,0,1,330000,331000,,+1,5975672349,0,2023-09-11 18:43:45
做梦蛮,404729942,24,2,510000,510900,如果有光，请照在我身上幸福的人多我一个，可以吗？,有点有点,5974145906,1,2023-09-08 18:44:09
熙和月,1535174300,0,1,0,100,☆,你觉得古风得怎么古？,5973921577,0,2023-09-08 04:38:09
熙和月,1535174300,0,1,0,100,☆,建议还是拿证据说话哦,5973924115,0,2023-09-08 04:33:24
青袂-婉约,55496567,31,0,320000,320100,青袂-婉约,我也最爱这一段,5973795053,0,2023-09-07 22:58:28
醉捻红尘,273952828,0,2,330000,330300,,真的！！！我的耳朵只爱他们这一帮古早人[流泪]一听就是这个味儿[流泪][流泪][流泪],5973471065,0,2023-09-07 06:49:21
山水华庭记相思,1524397094,0,2,0,100,Can't find,文言文也有名词做动词的，而且千里共婵娟和与月婵娟的婵娟词性应该是一样的,5973364498,17,2023-09-06 23:01:06
小菊花杀手,491886326,0,1,310000,310101,,不知道为什么，每次听这首歌的手时候都会把新鲜的鲜在脑子里替换成戏曲的xuan,5972709963,1,2023-09-05 08:03:02
用户3863187350,3863187350,0,0,110000,110101,,我也是有这个感觉，正想问一下呢,5972474858,0,2023-09-04 19:17:06
丶默丨灬,264487935,37,1,420000,420300,谁的等待 恰逢花开 .﹎,找到了[惊恐]SHE的花都开好了，大家感觉一下，高潮部分旋律是不是很像。,5971637106,3,2023-09-03 00:37:31
丶默丨灬,264487935,37,1,420000,420300,谁的等待 恰逢花开 .﹎,总感觉高潮部分的旋律听过，都是记不清是什么歌了。,5971632251,1,2023-09-03 00:29:40
SSSSeyoung,1815515433,0,0,330000,330100,,这不柠檬树吗[大哭],5971288534,17,2023-09-02 12:51:52
兰蕤8,340772658,0,2,0,100,,神仙写词,5971061525,1,2023-09-02 00:03:29
阿然喵喵,70952521,28,2,510000,510100,平安，健康，万事如意。愿我爱的人与爱我的人，万事如意，平平安安。,银临老粉 但是我觉得这首很像七朵的玉生烟,5970925377,1,2023-09-01 20:43:22
苏世爱时汐,6375261347,18,2,360000,360100,介甫，商君，希文激推，欢迎同好聊，知无不言，言无不尽。,这不是lemon tree的前奏吗？,5970293190,2,2023-08-31 17:46:11
冷冷冷冷啊丶,255153535,27,1,370000,370100,你也是来看月亮的嘛,前面听起来像lemon tree[汗],5969613670,5,2023-08-30 07:05:54
666six_cofj,5046715516,14,1,510000,511000,我是一只无所谓 生活索然无味，尸体假扮人类的疯狂野猴且是武功高强的盖世野猴,确实 原来是我不止一个有这种感觉,5969235455,0,2023-08-29 13:02:31
天黑了heng,8099611140,13,1,340000,340200,学生党，爱音乐,曲子有点像《广寒瑶》,5968983673,0,2023-08-28 22:43:59
木西栖-,1790647814,19,0,440000,440300,,我也觉得，差点就唱出来了哈哈哈,5968663568,0,2023-08-28 14:57:14
鸣珂Rachel,4990792968,0,1,0,100,,黄黄现场临唱了这首！,5968126189,20,2023-08-27 12:37:15
Cl_氯氯,543452706,19,1,210000,210800,老当益壮，宁移白首之心；穷且益坚，不坠青云之志,两次在现场听到眉南边啦！上次的时候还有疫情，上次的时候网易云还没版权,5967999605,5,2023-08-27 03:06:56
七片尾曲,125564009,0,1,0,100,烟花会谢 笙歌会停,杭州现场，好汀！！！,5967876152,14,2023-08-26 22:45:41
伴青山散雾,1502131567,15,1,320000,320500,玉兰花开了,有的调子像柠檬树,5967669667,0,2023-08-26 15:06:16
贝昕emmm,8277553199,0,0,340000,340100,,家人们！后天中午离地十公分就出实体了！！！好激动！,5967661637,3,2023-08-26 14:44:21
松子青柠,7793515302,0,2,340000,341500,天上宫阙琉璃，甚星甚宿，神仙何处，可曾听与君许凿凿之语？人间长风万里，何年何月，才见川止山行，相思得寄？雪覆少年矣。,琉璃灯盏酒泼纱幔，歌啊笑啊摇鬓边这句让我想到琵琶行里的钿头银篦击节碎，血色罗裙翻酒污。今年欢笑复明年，秋月春风等闲度,5967533477,11,2023-08-26 08:38:51
出不染而淤泥,8720514800,13,0,130000,130500,我见诸君多有病，料诸君见我应如是,(点头),5966325515,0,2023-08-24 08:11:01
藏藏藏星,1383212658,0,2,370000,371500,,活用成什么呢，感觉就是很奇怪,5965999195,0,2023-08-23 16:47:34
沈念清,1469129243,20,2,130000,130100,热爱纯音乐和古风音乐，主推宝藏小众音乐收藏。可以唱歌、聊天、情感、树洞希望刷到我的每一个人，都会因为舒缓而温柔的音乐放松。音乐旋律更多的是 听你所听，想你所想。,好听,5964913001,1,2023-08-21 18:14:27
孙鑫76,8652036651,0,0,0,100,雨打胭脂泪，落痕本无伤。,很喜欢的声线，希望更有特色一点，留在曲中的眉眼之间。,5964554633,2,2023-08-20 23:36:23
夏天里的宅女,3314787126,0,0,110000,110101,,苏慧伦 lemon tree翻唱了丹麦原曲，这首歌又完全复制了lemon tree的第一句旋律。来，跟我唱：一个人孤单单的下午……。网络歌曲要都这么搞，乐坛还能有未来么？,5964098864,0,2023-08-20 01:01:51
老府先生啊,8272904151,20,1,430000,431100,补丁,感觉是一模一样,5963397392,0,2023-08-18 20:21:16
老府先生啊,8272904151,20,1,430000,431100,补丁,确实，非常像,5963397241,0,2023-08-18 20:19:43
云村村民168310271753650,8544760528,0,0,370000,370800,,银临的声音真的是绝绝子，听的太舒服了，妙,5963130588,1,2023-08-18 10:59:29
在在不在乎,294232854,27,1,610000,610100,这不过是一个梦，我自己愿意的梦,惯得梦魂无拘检,5962964172,1,2023-08-18 01:55:13
观风亦止遇惊鸿,2133978180,22,0,410000,411400,天理无能，深渊腐朽，天下英雄唯老婆与老婆尔~,哇名字嘿嘿嘿，“那就呼唤我吧，诶嘿”“愿风神大人护佑（忽悠）你”,5962858346,0,2023-08-18 00:59:30
不做梦不行,541549799,19,2,0,100,一笑出门去，千里落花风,好听！,5962574738,1,2023-08-17 17:29:53
凌霄诗神,255292140,21,1,320000,321200,,词性活用啊,5962305229,0,2023-08-17 03:23:09
君子莫言情意重,252062511,0,1,220000,220100,,文化人上高速,5962145104,1,2023-08-16 21:51:28
岑吹,1737428579,17,2,330000,330300,“众生庸俗且可爱”,梦中思愁闹了金銮殿思凡烧了伽蓝院不拜奈何天,5962135868,2,2023-08-16 21:35:13
猫猫嘴赛高bot,1625432744,19,2,440000,440500,🎸,才发现原来网易有了😭,5962119757,1,2023-08-16 21:08:07
在在不在乎,294232854,27,1,610000,610100,这不过是一个梦，我自己愿意的梦,眉南齐西,5962004051,1,2023-08-16 17:07:57
时雨秋风道尽凄凉画扇,1758328717,0,0,110000,110101,,999啦,5960782300,1,2023-08-14 18:47:52
蓝二哥哥的夷陵小绿茶,1501693659,28,2,110000,110101,浮生不若梦，孤影照惊鸿,前奏和柠檬树确实挺像的,5960702584,6,2023-08-14 15:57:59
尕尕_C,1457540843,25,2,130000,130100,,欢喜冤家不相见，恩爱夫妻近至远，不如 且看淡 且留连。没有人喜欢这几句嘛,5960479218,3,2023-08-14 03:00:56
天將明YS,3397994055,21,1,460000,469032,一生奔赴一场大无畏梦境，世人轻慢或艳羡着你。,你牛[强],5959194390,0,2023-08-11 20:37:05
大剪纸,312358590,29,0,0,100,←不会做后期的哑巴画手没长好甲状腺。,意满离……,5958603149,2,2023-08-11 10:51:55
繁露未霜,619329673,0,2,0,100,,我也就感觉有种熟悉感，但没想起来，觉得那段很有感觉，看到你的评论才想起来。,5958169491,3,2023-08-10 20:05:56
为什么君瞎,1322040997,0,1,0,100,从此无心爱良夜，任他明月下西楼。,因此，“眉南边陲”被用来比喻一种理想化的人格特质，代表了人们对于平和、宁静、安逸生活的向往和追求,5958101525,82,2023-08-10 18:03:01
秋月怀榆,1557272198,17,1,420000,420100,,999+大业完成[可爱],5958092235,3,2023-08-10 17:44:20
秋月怀榆,1557272198,17,1,420000,420100,,1,5958091215,1,2023-08-10 17:44:04
秋月怀榆,1557272198,17,1,420000,420100,,1,5958090282,1,2023-08-10 17:44:01
秋月怀榆,1557272198,17,1,420000,420100,,1,5958090279,1,2023-08-10 17:44:00
秋月怀榆,1557272198,17,1,420000,420100,,1,5958090276,1,2023-08-10 17:43:58
秋月怀榆,1557272198,17,1,420000,420100,,1,5958092206,1,2023-08-10 17:43:56
秋月怀榆,1557272198,17,1,420000,420100,,1,5958092203,1,2023-08-10 17:43:54
秋月怀榆,1557272198,17,1,420000,420100,,1,5958089538,1,2023-08-10 17:43:52
秋月怀榆,1557272198,17,1,420000,420100,,1,5958090258,1,2023-08-10 17:43:50
秋月怀榆,1557272198,17,1,420000,420100,,1,5958090254,1,2023-08-10 17:43:48
秋月怀榆,1557272198,17,1,420000,420100,,1,5958094155,1,2023-08-10 17:43:46
秋月怀榆,1557272198,17,1,420000,420100,,1,5958094149,1,2023-08-10 17:43:44
秋月怀榆,1557272198,17,1,420000,420100,,1,5958091189,1,2023-08-10 17:43:42
秋月怀榆,1557272198,17,1,420000,420100,,1,5958090243,1,2023-08-10 17:43:40
秋月怀榆,1557272198,17,1,420000,420100,,1,5958091185,1,2023-08-10 17:43:37
秋月怀榆,1557272198,17,1,420000,420100,,1,5958093159,1,2023-08-10 17:43:34
秋月怀榆,1557272198,17,1,420000,420100,,1,5958094133,1,2023-08-10 17:43:31
秋月怀榆,1557272198,17,1,420000,420100,,1,5958094129,1,2023-08-10 17:43:29
秋月怀榆,1557272198,17,1,420000,420100,,1,5958091175,1,2023-08-10 17:43:27
秋月怀榆,1557272198,17,1,420000,420100,,1,5958091173,1,2023-08-10 17:43:25
秋月怀榆,1557272198,17,1,420000,420100,,1,5958091165,1,2023-08-10 17:43:22
秋月怀榆,1557272198,17,1,420000,420100,,1,5958094117,1,2023-08-10 17:43:20
秋月怀榆,1557272198,17,1,420000,420100,,1,5958093134,1,2023-08-10 17:43:18
秋月怀榆,1557272198,17,1,420000,420100,,1,5958094109,1,2023-08-10 17:43:15
秋月怀榆,1557272198,17,1,420000,420100,,刷评论刷评论,5958094103,1,2023-08-10 17:43:11
宇多田罗迦南,369933853,0,1,350000,350100,励志要温润如玉,这首咋那么少人评论,5957857279,1,2023-08-10 07:57:00
泛泛归舟,1445395080,0,2,0,100,乔,助攻999+,5957519981,1,2023-08-09 16:46:57
发发发发发法,2031880242,0,1,320000,321200,,加一,5957458601,0,2023-08-09 14:28:25
黑色梦中仙儿,79312863,33,2,140000,140100,后来许多人问我一个人夜晚踟蹰路上的心情，我想起的却不是孤单和路长，而是波澜壮阔的海和天空中闪耀的星光。,眉眼之间尽是风流[多多大笑],5957129032,2,2023-08-08 22:20:20
是老避雷针哦,552945958,19,1,320000,320500,这个人很懒，但还是打了这段字,有几句是真的像lemon tree啊，[惶恐][惶恐],5957040857,44,2023-08-08 19:47:52
仴只想静静别问静静是谁,1319169308,0,1,320000,320800,月色与雪色之间@你是第三种绝色一个惊艳了时光一个温柔了岁月雷火剑 是我霸霸,时隔若干年，，再遇华语🤕,5957037176,1,2023-08-08 19:41:28
烧烤akon,1445256107,0,1,320000,320700,,[心心][心心][心心],5956796102,1,2023-08-08 10:41:11
捡破烂的红领巾,1295694156,0,2,510000,510100,天地一沙雕,真的很爱这首[亲亲],5956559746,1,2023-08-07 22:18:44
Ting_aqw,501094091,22,2,1000000,1010000,。。。,有句诗词是“夜凉人与月婵娟”，个人感觉是与月共婵娟的意味,5956471072,32,2023-08-07 19:53:41
梦境溺亡,494015790,33,2,0,100,Emo变少啦！,给我🔥！！！！怎么不🔥,5956166836,1,2023-08-07 16:40:02
剑芒绽,1408333887,17,2,500000,500101,仙剑剑芒绽放，彰显正道正气，释放古老气芒，日曜苍穹，明矣完美乾坤。,这首歌有点缠绵，又有点刚烈,5955507029,14,2023-08-06 14:02:26
糊涂5326,1769844450,0,2,320000,320100,,同感，感觉是一模一样…,5955467064,0,2023-08-06 12:20:36
sorryGoodbye-,294635330,22,2,1000000,1007800,I can't feel your red，why can't you into my blue,沦陷了沦陷了三天了😭,5955063079,1,2023-08-05 17:37:21
seer110,115157556,0,0,370000,370600,,哈哈哈哈哈哈,5955059013,1,2023-08-05 17:21:42
falling777777,7812135921,0,2,440000,441900,,[大笑][色]很喜欢,5955041961,1,2023-08-05 16:41:17
_言_叶,1418707554,0,2,360000,360100,,沧海桑田，何谓清浊，都不及杯盏与月色,5955037809,2,2023-08-05 16:29:54
海泽儿,1548704513,0,2,370000,370200,,和柠檬树一样呀，前奏,5955031359,0,2023-08-05 16:18:32
符瑶瑶瑶瑶瑶,1880874048,0,2,0,100,,我宣布  这是今年最爱 没有之一[星星眼],5955027536,3,2023-08-05 16:15:00
玉鳞扰烟霞之煜-青鸾夺朝露之清,8034677348,0,0,1000000,1002000,,可以扒谱  那两句主旋律走向都不一样  可以很像但绝不是抄袭  可以完全相信银临[亲亲],5954983002,0,2023-08-05 14:13:08
玉鳞扰烟霞之煜-青鸾夺朝露之清,8034677348,0,0,1000000,1002000,,可以扒谱  那两句主旋律走向都不一样  可以很像但绝不是抄袭  可以完全相信银临[亲亲],5954981220,1,2023-08-05 14:12:06
晚风_爱意_琉璃,3859964963,0,1,0,100,伸出手就能触及，那温暖的未来。,临子冲冲冲,5954263836,1,2023-08-04 08:04:26
思譩,1434630902,18,2,440000,440100,,好听啊啊啊啊啊,5953962114,1,2023-08-03 19:38:47
a二三三a,1295997064,0,1,500000,500101,,柠檬树是什么意思,5953890421,0,2023-08-03 17:07:11
北上15公里,1773191612,16,2,420000,420600,春天离开的速度，是每日北上15公里,长江后浪推前浪，世上新人胜旧人,5952657407,3,2023-08-01 18:25:28
泛泛归舟,1445395080,0,2,0,100,乔,打卡工资,5952609733,1,2023-08-01 16:46:44
Sylvia_ilin,1904826889,18,2,130000,130900,平芜尽处是春山，行人更在春山外,尊嘟很喜欢眉南边[多多可怜][多多可怜][多多可怜],5951900078,1,2023-07-31 12:44:16
三水萧o,3310794316,0,2,0,100,只是有人轻轻地永失所爱了,好听的,5951264810,1,2023-07-30 11:05:38
纸笔描绘,550088687,0,2,0,100,小透明,这首这么好听，怎么连999+都没有[多多大哭],5950911446,5,2023-07-29 19:48:30
氤哑kagaya,513933729,0,2,530000,530100,遥远的不是距离而是次元阿,马上999了,5950157350,1,2023-07-28 15:08:04
只要你还拥有渴望的心,1675729044,17,0,370000,371500,蒙德双子星激推枭羽洁癖,听了一上午了好喜欢好喜欢喜欢得要哭了,5950102037,1,2023-07-28 13:24:12
梧桐下__,4007282533,0,0,420000,420100,,真的太喜欢了，自从五月发现这首歌，已经听了五百多遍了，银临姐姐今天肯定又是我的网易云年度歌手٩(๑^o^๑)۶,5949100040,1,2023-07-26 22:26:39
泛泛归舟,1445395080,0,2,0,100,乔,打卡打卡,5948950132,1,2023-07-26 18:30:35
_無炁,3406238136,0,1,130000,130100,可以接纳我的不完美吗,不是，就我是被开头那几句被人说像柠檬树的几句吸引进来的吗，感觉很有味道啊[呆],5948842406,0,2023-07-26 17:40:38
meetreasure_墨喵,1636850984,0,2,440000,440100,我的灵魂在音乐里寂静地栖息。天地间匆匆一过客，雪泥鸿爪，是非不长留。惟愿生活容得放肆热烈，亦留得清净诗意。所爱无非山上雪，所守只为心底诗。,嗯嗯 毕竟写词要押韵，要把整首歌的氛围架起来，还要合主题，要古风，确实是挺难的，能写成这样已经很不错啦，希望词作继续进步就好～,5948166955,2,2023-07-25 14:54:02
藏藏藏星,1383212658,0,2,370000,371500,,感觉确实说的通唉，不过歌词里为了通顺好听确实有很多不符合语法的东西，我也是感觉这句话乍一看很美但是越看越怪才这样说的,5948107373,2,2023-07-25 12:51:23
寇赀,1424697312,0,1,420000,420500,喜欢韩语流行，喜欢华语古风,婉儿新战歌[吐舌],5948024670,6,2023-07-25 10:02:53
岑吹,1737428579,17,2,330000,330300,“众生庸俗且可爱”,“风花雪月有无边，眉 南是眼看人间。”,5948002501,8,2023-07-25 09:03:10
meetreasure_墨喵,1636850984,0,2,440000,440100,我的灵魂在音乐里寂静地栖息。天地间匆匆一过客，雪泥鸿爪，是非不长留。惟愿生活容得放肆热烈，亦留得清净诗意。所爱无非山上雪，所守只为心底诗。,，简单通俗来说就是变美，和月亮一起变美。然后忘记说了，“婵娟”可以做形容词，形容月色明媚。不过肯定也不排除词作确实疏忽大意，是我自作多情的可能。,5947798456,4,2023-07-24 22:39:25
meetreasure_墨喵,1636850984,0,2,440000,440100,我的灵魂在音乐里寂静地栖息。天地间匆匆一过客，雪泥鸿爪，是非不长留。惟愿生活容得放肆热烈，亦留得清净诗意。所爱无非山上雪，所守只为心底诗。,这样也有种用喜爱的目光看这世间、有些潇洒又自得的感觉。当然这有些牵强，或许不是词作本意。二是“与”作“和，与…一同”的意思，就将婵娟理解为活用，毕竟中文词的活用是很灵活的，很多时候在网上也查不到现成解释。这里要是活用就是形容词作动词，“姿态〈变得〉美好”的意思,5947799221,5,2023-07-24 22:37:40
meetreasure_墨喵,1636850984,0,2,440000,440100,我的灵魂在音乐里寂静地栖息。天地间匆匆一过客，雪泥鸿爪，是非不长留。惟愿生活容得放肆热烈，亦留得清净诗意。所爱无非山上雪，所守只为心底诗。,缠绵就违背本意了，这里词作应该是想到了《水调歌头》的“千里共婵娟”（不说是化用，因为化用确实不通），为了和前面的“与风”对应，用了“与月”，连起来是“风月”，呼应开头的“风花雪月”。至于理解这个词在这里的意思，我认为可以有两条思路。一是“与”作“给予”的意思，给月亮美好的姿态，,5947791779,7,2023-07-24 22:22:55
meetreasure_墨喵,1636850984,0,2,440000,440100,我的灵魂在音乐里寂静地栖息。天地间匆匆一过客，雪泥鸿爪，是非不长留。惟愿生活容得放肆热烈，亦留得清净诗意。所爱无非山上雪，所守只为心底诗。,才知道眉南边是眼睛的意思😂词写的真好,5947783528,7,2023-07-24 22:16:53
peacemo0818,432276556,0,2,0,100,,999,5947236421,2,2023-07-23 23:23:36
peacemo0818,432276556,0,2,0,100,,999,5947237426,2,2023-07-23 23:23:31
小然曲奇ovo,426419874,0,0,0,100,反正爱恨都匆匆.,[多多大笑]好听～准备标❤️才发现之前就标过了[多多调皮][多多调皮],5946607184,1,2023-07-22 21:59:01
邹钰婷0532,1922492495,27,2,420000,420500,胭脂异黛,亲亲快来听，这是我最喜欢的一首歌，银临古风歌《眉南边》。@yczy9966,5946554755,1,2023-07-22 20:26:14
仙子花与胖文,352178183,25,2,110000,110101,,终于！！！等到wyy了,5946042039,1,2023-07-21 22:22:55
kirito落宝,1308050623,0,0,320000,321200,,银临的歌的歌词永远是那么绝！！！,5945189238,11,2023-07-20 17:57:52
藏藏藏星,1383212658,0,2,370000,371500,,可是婵娟是个名词或形容词，怎么能用在这里呢,5944550767,5,2023-07-19 20:09:26
藏藏藏星,1383212658,0,2,370000,371500,,想了很久还是想说，最后几句“与风同雅 与月婵娟”每次都感觉不太对劲，后来才想明白，婵娟这个词我去搜了只有两个意思，一是形容姿态美好（多指女子），二是代指月亮，没有做动词的意思。这里的歌词想要这样写的话感觉“与月缠绵”会更通顺，“与风同雅 与月缠绵”,5944549788,7,2023-07-19 20:08:29
梦溪清夜,1824859206,0,1,440000,440500,,那个眉南边陲的解释也挺好的，有点桃花源那味,5943932105,6,2023-07-18 21:42:48
一枚银子,614389625,26,1,140000,140700,银为有你，天涯比临(*˘︶˘*).。.:*♡,这首歌的伴奏和和声太好听了,5943614231,9,2023-07-18 11:43:13
_苏年,103429356,32,1,110000,110101,反正现在的感情 都暧昧 你大可不必为难 找般配,真不错,5943479758,1,2023-07-18 08:13:15
寇赀,1424697312,0,1,420000,420500,喜欢韩语流行，喜欢华语古风,上官婉儿战歌,5942245966,5,2023-07-16 11:53:47
凉薄想摆烂,1782330625,20,2,0,100,会努力还债的,一天不哼就浑身难受[流泪],5942129017,1,2023-07-16 06:40:42
寻秋客,1833965965,18,2,320000,320900,南浦凄凄别，西风袅袅秋。,甘愿千金一掷，换佳人眉南片刻有自己的影子。还得是古人风流缱绻，情深意浓。,5942025096,2,2023-07-16 00:15:56
弦穹Link-U,1791130262,16,1,1000000,1002700,我不知道我们的终点将在何方，但是我们已经前进在路上。,哇，好多文案,5940421170,1,2023-07-13 17:51:34
慕瑞秋,503254790,33,2,0,100,鱼跃此时海，花开彼岸天,眉南是眼看人间,5939860571,1,2023-07-12 19:03:57
Arthur--Rimbaud,246379095,0,1,0,100,这正是越想回避忽视、越不想发生的事情，越是会迟早出现的古怪定律。 倒霉鬼的墨菲定律。,Lemon tree对不对,5939859599,0,2023-07-12 19:01:56
Arthur--Rimbaud,246379095,0,1,0,100,这正是越想回避忽视、越不想发生的事情，越是会迟早出现的古怪定律。 倒霉鬼的墨菲定律。,人声开头的旋律怎么这么像Lemon tree[大哭],5939862813,7,2023-07-12 19:01:43
秋声夏音,1815707395,17,2,350000,350100,,好好好好听,5939781344,1,2023-07-12 15:48:46
数羊会数困,3261873712,16,2,410000,410100,,开头好像有点像另一个歌，记不起来了，很像,5939610641,0,2023-07-12 09:13:33
欧冠费高云,3858438933,19,2,370000,370100,my eyes never lie.love is a secret our eyes cannot hide.,哇，我也这么感觉，刚发了条评论！！,5939247736,0,2023-07-11 16:21:12
欧冠费高云,3858438933,19,2,370000,370100,my eyes never lie.love is a secret our eyes cannot hide.,为什么刚开头几句有点lemon tree的感觉？[呲牙],5939246065,14,2023-07-11 16:20:38
呱呱呱呱呱---,8637415727,0,0,360000,360900,,太好听啦,5939008159,1,2023-07-11 11:33:01
文刀与非衣,1373094446,21,2,320000,320400,(*˘︶˘*).｡.:*♡,太好听了我循环到死。。。。。。。。。。,5938604399,10,2023-07-10 17:03:26
白可冉,3321608896,0,2,0,100,➽这个人很懒但还是留了一句话～,太好听啦[亲亲],5938448106,4,2023-07-10 10:09:31
桉柠di,567806428,0,0,320000,320200,,啊，我只是突然想到童年的记忆了，觉得像，没有说抄袭的意思，唉😮‍💨,5938263682,0,2023-07-09 23:05:45
护摩-,1731073424,0,1,0,100,BTS存在即是信仰。,开头神似lemon tree,5938248097,1,2023-07-09 22:34:41
呱呱呱呱呱---,8637415727,0,0,360000,360900,,好好听,5938111087,1,2023-07-09 18:17:32
泠凌翎绫,1529382528,0,0,330000,330100,,喜欢,5937886296,1,2023-07-09 08:02:26
-暮影残照-,1911892284,17,1,350000,350500,-重林叠梦-,好听,5937740511,1,2023-07-08 23:21:57
为什么君瞎,1322040997,0,1,0,100,从此无心爱良夜，任他明月下西楼。,眉南边是一个地理和文化概念的简称，最初源自中国古代的地理和气候说法。按照古代中国地理学说的分类，眉南边陲意指南方边远的地区，那里通常气候温暖，几乎没有冬季，且西北风远不及东南风强劲。在古代，眉南边陲通常被视为一个象征性的概念，代表了一种理想化的、美好的生活之地。因此，“眉南边陲”,5937603248,659,2023-07-08 19:02:07
月轨的修理兔,1735468182,0,2,0,100,我宁愿死在战壕里面也不能在床上断气,眉南边,5937596027,1,2023-07-08 18:44:22
今夜有大雨丶,246653389,0,2,0,100,Love and peace and sleep,歌词越看越妙，最后一段更甚：与风同雅，与月婵娟，与海多情与山眠。百岁难老，百味无邪，流光总新鲜。夜晚读来不自觉心神摇荡。,5937263579,614,2023-07-08 01:03:00
睡着的欣欣,1872351315,15,2,370000,371000,保持期待 奔赴山海.,这首歌必须999+,5936989664,2,2023-07-07 16:30:23
睡着的欣欣,1872351315,15,2,370000,371000,保持期待 奔赴山海.,999+之前留个名,5936992846,1,2023-07-07 16:30:11
睡着的欣欣,1872351315,15,2,370000,371000,保持期待 奔赴山海.,啊啊啊啊啊女神这首歌吼吼听啊大家快去看mv银临美死我啦（我超级喜欢黑色那套！）,5936989605,2,2023-07-07 16:29:35
宝藏男孩艺兴,1951563257,20,2,520000,520100,,凑个999+,5936818271,1,2023-07-07 09:36:14
银河渐微临枝鹊飞,1660533619,0,0,0,100,会者定离，一期一祈,眉南边简谱是3366225，lemon tree是1122431，可以扒谱好吧,5936095049,10,2023-07-05 23:11:53
子若嘎嘎,624262951,0,2,0,100,看什么看,扒谱给我看看,5935870350,1,2023-07-05 16:51:45
宇_vic,645935371,0,1,350000,350100,,有段旋律是lemon tree,5935688076,3,2023-07-05 07:38:51
早川洛樱子,3582918769,18,2,640000,640100,与谁同坐，明月 清风 我。,这么好听怎么还没999,5935551079,2,2023-07-04 23:11:22
Joser1566,437356632,26,1,500000,500101,一万年太久，只争朝夕,增加评论+1,5935493860,1,2023-07-04 21:18:20
Joser1566,437356632,26,1,500000,500101,一万年太久，只争朝夕,确实，MV简直美得不要太迷人[爱心],5935473542,0,2023-07-04 20:45:07
Joser1566,437356632,26,1,500000,500101,一万年太久，只争朝夕,同b站，不过是从晓丹投稿来的[大哭],5935475863,1,2023-07-04 20:41:28
Joser1566,437356632,26,1,500000,500101,一万年太久，只争朝夕,眉南边，某种意义上反映了眼中所看到的山水洞天，世间百态。表白银临姐姐和作词者[爱心][爱心][爱心],5935471640,4,2023-07-04 20:40:08
Joser1566,437356632,26,1,500000,500101,一万年太久，只争朝夕,期待评论上999+,5935472947,2,2023-07-04 20:37:04
Joser1566,437356632,26,1,500000,500101,一万年太久，只争朝夕,银临姐姐好美[爱心],5935472345,2,2023-07-04 20:36:47
倒悬吃意粉,611846983,24,1,0,100,,乐器配的很棒，太棒啦！,5935415620,1,2023-07-04 18:16:14
梦里啥都有_TpKM,8387952898,0,2,130000,131100,,好听,5935403662,1,2023-07-04 17:44:03
江烛呀,1546404218,0,1,0,100,打烊,(⑉꒦ິ^꒦ິ⑉),5935333225,1,2023-07-04 14:22:33
瑆璃堪舆,1726163827,0,1,350000,350200,,水似眼波横，山似眉峰聚。[星星],5934290784,8,2023-07-02 13:52:01
cskYyYyyyy,1661052769,18,0,1000000,1005300,,很般配的呀,5933753295,1,2023-07-01 13:16:10
方帅气,5114503535,0,0,430000,430600,,为啥玩上官婉儿都喜欢用这bgm？就是因为看多了上官，我才知道这歌[多多大笑],5933419747,3,2023-06-30 20:26:00
酥梨Li,371565589,0,2,0,100,“月が绮丽ですね”,就是从小D视频来的哈哈哈,5933170164,1,2023-06-30 09:58:38
酥梨Li,371565589,0,2,0,100,“月が绮丽ですね”,为眉南边增加评论，太好听了！,5933169208,2,2023-06-30 09:58:09
唯剑与雪,4026691768,33,0,1000000,1003500,清风来对阵,上北下南挺好想的吧[呲牙],5932943539,2,2023-06-29 21:47:44
肝游戏的美少女,1480959024,33,2,450000,450200,,歌词里有眉山，以为眉南边是眉山南边。看了评论才知道，咦原来是眼睛👀,5932773607,21,2023-06-29 13:45:20
琥珀领带,8187119525,0,1,1000000,1005500,White means legal， black means illegal， and I like gray.,楼台两岸水相连，江北江南镜里天 ——沈括,5932034035,4,2023-06-27 22:50:14
张教授今天也要努力啊,435758975,5,2,1000000,1010000,月行却与我相随,那你可能回不来了,5931775108,1,2023-06-27 16:32:44
孤影谈潇湘,312365299,0,2,440000,440100,BTS！,终于有了！！！！,5930593991,1,2023-06-25 19:41:26
桃花羡兮_,259473215,25,1,120000,120101,不是大叔，不爱萝莉、,我是听了这个又回来听眉南边,5930582721,1,2023-06-25 19:22:57
热闹章,282172137,0,2,0,100,,真的好好听啊啊啊啊啊词也写得好好好啊啊啊啊啊,5930572333,2,2023-06-25 18:49:16
俯首歌,327761839,0,0,330000,330100,,去B站看小D的舞蹈，跟这首歌特别配,5930536475,2,2023-06-25 17:15:44
电子琴发生儿童故事年龄,8633365206,0,0,330000,330300,,像拼接歌,5930374068,0,2023-06-25 09:59:43
衔峦,477262537,0,2,0,100,,打破888,5930207867,1,2023-06-24 23:26:35
小马宝莉死忠粉,8633985292,17,2,340000,340100,加油，努力，为了人民币！,[强][强]原来是这样！,5929932345,2,2023-06-24 14:31:41
y阿贾克斯,1853805328,1,1,370000,370100,,开口跪。太宝藏了,5929865265,1,2023-06-24 12:01:19
薛延清,1562103151,0,2,510000,513400,好好生活,不敢相信才这么少的评论,5929864024,4,2023-06-24 11:58:30
7uu的奶酪棉花糖,430970617,33,2,110000,110101,本命漆柚,还得是你，银子老师!,5929836621,2,2023-06-24 11:03:10
蓝田一夏,132769430,31,2,420000,420100,,像个动漫的旋律,5929777674,1,2023-06-24 08:31:21
哆啦啰嗦,5062545851,17,2,320000,320100,,宴，琉璃灯盏，觥筹交错。似走马观花，不过眉南边匆匆一瞥，浮光掠影尔尔。,5929597438,4,2023-06-23 22:35:56
梦见和魈宝舌吻,1677923588,21,2,650000,654000,,救命啊好好听这首歌！！！,5929580142,2,2023-06-23 22:02:22
云村村民164068623713097,6370871488,0,0,440000,440500,,虽身陷风尘，也向往天地间的潇洒自在，又如旁观者，看淡世间百态。,5929438075,1,2023-06-23 17:39:39
云之来,84152395,0,1,320000,320200,最好的总会在最不经意的时候出现,一碗红尘一盏烟，与海多情与山眠,5929233257,3,2023-06-23 10:24:22
天將明YS,3397994055,21,1,460000,469032,一生奔赴一场大无畏梦境，世人轻慢或艳羡着你。,上北下南，眉的南边是眼睛,5929207091,20,2023-06-23 09:20:43
BIEAI别碍,3293075287,0,0,0,100,等闲却变故人心，却道故人心易变,谁在眉南边,5929184208,1,2023-06-23 08:13:55
_各种釉彩大瓶_,1997031617,0,0,130000,130400,,快去b站看临子的视频呜呜呜，美死谁了,5928977413,2,2023-06-22 21:57:30
墨兰亦空,1582938582,19,2,110000,110101,,好听！！！,5928878722,1,2023-06-22 18:32:23
没有伞的孩子必须奔跑_,3907345262,0,0,330000,330300,,我一万赞的时候会回来[多多耍酷],5928864452,1,2023-06-22 17:53:21
小马宝莉死忠粉,8633985292,17,2,340000,340100,加油，努力，为了人民币！,所以说眉南边到底是什么意思？,5928796805,11,2023-06-22 14:58:52
小马宝莉死忠粉,8633985292,17,2,340000,340100,加油，努力，为了人民币！,这是一个被歌名耽误的歌曲，真的超好听，特别是高潮，但是这个眉南边名字就很随意,5928793326,2,2023-06-22 14:55:07
沚水Aurora,619098435,22,2,210000,210100,,歌词终于会滚动了！！,5928688116,1,2023-06-22 10:53:32
秋风不渡雨,1563700645,0,2,530000,530100,导航社第一骑士,我也是哈哈哈哈,5928136579,0,2023-06-21 16:09:13
桂冠1802,567740605,0,1,530000,530300,,这首歌的节奏有点像布袋戏里面一首歌,5927993862,0,2023-06-21 09:19:42
居家必备小太阳,1351416155,0,0,0,100,（笑）,啊！银临,5927924489,1,2023-06-21 02:45:00
姑蔑春君,378179365,25,2,330000,330100,,太好听,5927679629,1,2023-06-20 18:57:48
amber14,5993944,31,2,320000,320100,旧怨总有新魂收，新魂还有后人咒， 生生不息，何怨之有？ 惩以福寿，戒以看透。,词太强了！！！,5927385884,1,2023-06-20 03:33:52
-_对的,555876634,0,0,0,100,我不懂，为什么痛♡.,不想面对的事好多，救,5926869833,1,2023-06-19 13:10:34
白天不懂爷的night,4058987638,37,1,320000,320500,,又是灰原穷！,5926835932,1,2023-06-19 11:41:02
陌玖甯,427584907,22,2,130000,130500,听一遍是寻花问柳，听两遍是环肥燕瘦，若是听得多了，就只剩下爱恨情仇。,眉南边真的绝！,5926811443,1,2023-06-19 10:40:20
银河渐微临枝鹊飞,1660533619,0,0,0,100,会者定离，一期一祈,眉南边简谱是3366225，lemon tree是1122431，可以扒谱好吧,5926805656,0,2023-06-19 10:27:14
