笙平念卿,5150603062,15,0,330000,330100,无悲亦无喜。,恭喜恭喜呀,6040850787,0,2024-01-16 17:01:28
KKKK_9cDU,7793829297,17,1,210000,210100,。。。。。。,暴龙战士,6040798672,0,2024-01-16 13:52:20
累哭少年郎,8390699246,0,0,0,100,,让你日思夜想的人 是谁,6040764603,1,2024-01-16 11:57:39
回忆杀青_,9042988937,0,0,0,100,,我,6040753287,0,2024-01-16 11:08:04
少吹集合哨,2083403017,19,1,430000,430100,光荣在于漫长，艰巨在于平淡。,累哭少年郎,6040742577,3,2024-01-16 10:29:42
热爱小张__,133868167,22,1,330000,330500,总有不期而遇的温柔和生生不息的希望,今夕是何年！！！！！,6040725839,1,2024-01-16 09:03:55
Ovo许恋,8372245715,14,2,220000,220100,,我好像在放弃你 又好像在等你,6040713526,0,2024-01-16 08:22:07
Ovo许恋,8372245715,14,2,220000,220100,,委屈怎么讲 你只会觉得 我爱哭 还烦人,6040715327,0,2024-01-16 08:21:52
Ovo许恋,8372245715,14,2,220000,220100,,新的人一直来 旧的人还在心里没有退场,6040716937,0,2024-01-16 08:21:31
Ovo许恋,8372245715,14,2,220000,220100,,你不想跟我有以后 那就归零好了,6040714360,0,2024-01-16 08:21:25
Ovo许恋,8372245715,14,2,220000,220100,,那些誓言我替你抹去 这一千根针我替你吞,6040713502,0,2024-01-16 08:21:14
Ovo许恋,8372245715,14,2,220000,220100,,时间不会颠倒 我们也不会和好,6040715303,0,2024-01-16 08:21:01
半支烟180610,1483476260,0,1,330000,330100,,怎么可以这么美！,6040708036,0,2024-01-16 07:32:14
梦见貘_,2140393278,0,1,370000,370100,,牵丝戏是老艺人和木偶的故事吧，暖矣，孤矣,6040702503,0,2024-01-16 07:06:34
鱼七_2y,1507057836,19,2,110000,110101,所见即我,风雪依稀秋白发尾，灯火葳蕤揉皱你眼眉。,6040668762,0,2024-01-16 01:56:39
CookieYo-,584830151,25,1,420000,420100,,平安健康！祝阿姨长命百岁,6040661789,0,2024-01-16 01:30:18
慕芹_pm8Q,9087555270,0,2,0,100,,+1,6040656443,0,2024-01-16 01:23:55
如也_Y,3257782122,0,2,0,100,是的，我很酷,半壶纱有点e[痛苦][痛苦],6040611218,0,2024-01-15 23:43:46
爱吃香莱的娃儿,9046214344,0,0,0,100,,加一,6040530618,0,2024-01-15 21:11:50
尚青云____,4996363474,14,2,230000,231200,,你在没有遇到喜欢的男孩之前都以为你是异性恋,6040520605,0,2024-01-15 20:48:12
累哭少年郎,8390699246,0,0,0,100,,马上寒假了开心还是难过,6040503617,1,2024-01-15 20:10:12
累哭少年郎,8390699246,0,0,0,100,,什么网名 一看就是小学生.,6040502997,2,2024-01-15 20:00:15
晚风147,6349129990,53,0,0,100,,十1,6040443898,0,2024-01-15 17:00:10
苦夏吗不是吧,1356384512,0,2,0,100,丢掉幻想，准备斗争,日推听到这首感慨“今夕是何年”,6040396650,2,2024-01-15 14:32:39
浮生未歇170526,493210009,0,2,0,100,如若长发不及腰，也要归来可好😻😻😻😻😻,十1,6040385384,0,2024-01-15 13:49:24
终极柔柔,3917108893,0,0,230000,230500,,忒纯爱，哭了,6040382869,0,2024-01-15 13:31:28
采朵花花送给你,1757598746,21,2,500000,500101,三千长阶血未尽，那是他带你回家的路,2024打卡,6040323126,2,2024-01-15 10:32:49
真谛190121,1740181972,0,1,0,100,,天使降临,6040315262,0,2024-01-15 10:09:25
小趴菜_wD06,5211430678,0,2,440000,445200,,明明他总是伤害你 可你却不放手,6040075297,0,2024-01-14 23:38:44
沐雨之恒,499207728,0,1,140000,140200,耳机一戴，谁都不爱,有时候刹那的顿悟，确实会改变一个人，以前老听说谁想不开出家了，想不开自杀了等等，我现在倒觉得他们是想开了，然后选择了自己的方式，每个独立的思维和境界，都值得尊重。,6040035304,3,2024-01-14 22:50:22
林彦希的身法小少爷,8118531855,13,1,440000,440600,一直在等她,听得我想哭😭,6040031317,0,2024-01-14 22:43:55
娜娜耶_,1461292209,20,2,530000,530100,我说我只有你了 你说那样好可怜,这么多年 听了那么多古风歌  还是这首最合我心❤️,6039945337,0,2024-01-14 20:55:52
yoga子珺,1876313430,0,2,440000,440100,狼道，我即是狼,我不知道什么是爱，但我知道我的心，你就像一个无法困住的猫儿，如果此生还能再相识相知，也忘此生还可再相守，反反复复周而复始。,6039923982,0,2024-01-14 20:26:15
鲸鱼马戏团_,3859626369,18,2,220000,220700,挑雪填井,竟然又是银临老师的歌！！,6039897501,0,2024-01-14 19:56:08
lyj钰杰,8930179042,0,0,0,100,,十1,6039841973,1,2024-01-14 18:31:21
wukaiju,9039153559,21,1,520000,520100,,[多多耍酷],6039794495,0,2024-01-14 17:40:34
閖柒,293862465,0,2,0,100,回见,一眨眼这么多年了,6039659986,4,2024-01-14 14:25:01
艹啊啊啊啊啊啊啊啊啊啊啊啊,3240853976,0,2,440000,440300,,恭喜啊,6039647906,0,2024-01-14 14:06:04
不是说说而以zZ,1441168809,31,1,510000,510100,这不科学！！！,我喜欢你 不如怀念在心,6039635094,0,2024-01-14 13:40:58
云村村民169598644557119,8878697372,0,0,0,100,,恭喜(*^_^*),6039501695,0,2024-01-14 10:35:39
累哭少年郎,8390699246,0,0,0,100,,女生敢不敢发照片 男生回复带走.,6039441432,1,2024-01-14 08:16:04
墨棠Monste,1698997647,19,1,370000,370100,雨中灯市欲眠 原已萧萧数年,不是的,6039346344,0,2024-01-14 01:42:51
你的钢刀妹妹,4938553034,17,2,410000,410100,董亚千圈外女友,我这辈子都在爱而不得,6039322261,0,2024-01-14 01:07:27
你的钢刀妹妹,4938553034,17,2,410000,410100,董亚千圈外女友,这辈子只爱他一个,6039318730,0,2024-01-14 01:05:16
银城nice,137227446,0,1,0,100,脱了长衫 啥也不是,我我我我我我我[大笑],6039276535,0,2024-01-14 00:11:34
秋墨橙,5014883960,0,0,0,100,如果心中没有善恶的标尺，努力就会错了方向。舍本逐末，变成追逐暴力的俗人,愿世人久安,6039222949,0,2024-01-13 23:08:06
艾蒙Isabel,1362405036,27,2,510000,510100,,真好听,6039201467,0,2024-01-13 22:46:34
望周温_Z,8977858555,0,0,0,100,,我我我 我好喜欢这首歌,6039153947,0,2024-01-13 21:46:47
防--情,6447711220,16,2,530000,532900,初中生,是老歌变好听了还是回忆加分,6039105577,1,2024-01-13 20:49:17
徐晚棠的意难平,1671639905,0,0,350000,350500,从什么时候开始，怀念过往的平淡忧伤，从什么时候开始，厌恶现在的迷离喧嚣。困住自己的是过往，走不出过往的是心牢。打不开的心牢是因为把钥匙丢在了过往。,开业了吗？,6039099983,0,2024-01-13 20:37:27
初见时青涩,3882217086,17,1,340000,341300,我喜欢.夏日的晚风，秋日的落叶，冬日的暖阳与辉夜,恭喜,6039064777,0,2024-01-13 19:42:01
谢家七少X,8166718848,17,0,0,100,,唉,6039052823,0,2024-01-13 19:23:59
陪你看遍人间,3993162541,0,1,320000,320100,,留,6039027436,0,2024-01-13 18:46:15
用户8086483314,8086483314,0,0,0,100,,恭：,6039015564,0,2024-01-13 18:25:22
用户8086483314,8086483314,0,0,0,100,,+1,6039017455,0,2024-01-13 18:24:34
左手饥荒,7990081156,0,0,0,100,,我爱你倒不如尘封为回忆,6039014711,1,2024-01-13 18:24:14
东监区苏哥123,1328130844,20,2,640000,640300,而今才道当时错，心绪凄迷。红泪偷垂，满眼春风百事非。情知此后来无计，强说欢期。一别如斯，落尽梨花月又西。,chī mèi,6039006141,0,2024-01-13 17:59:52
大提琴说旋律说唱_0,8993077419,0,0,0,100,,照片：一张自己喜欢的自拍bgm：虚拟文案：生活不是电影  幸福源于珍惜.,6038958582,0,2024-01-13 16:22:32
秋辞依,2124534435,0,0,0,100,,恭喜！接我妈妈也这样[多多大笑]！,6038942140,0,2024-01-13 15:42:22
烂于,7798864061,0,2,0,100,我们擦肩而过仿佛没爱过,一天天净会惹我生气,6038921359,0,2024-01-13 14:52:58
累哭少年郎,8390699246,0,0,0,100,,各位 模仿你班主任说一句话吧.,6038921140,1,2024-01-13 14:49:35
肖艾丶,1311893051,0,0,0,100,,意难平到最后若真是堪堪那又该多不堪,6038870233,0,2024-01-13 12:44:05
芦茶精华,8486245452,0,1,620000,620100,,听说听这首曲子写作业会很快,6038812998,1,2024-01-13 10:16:13
小麦之王李,1728450129,0,0,430000,430100,,祝所有的妈妈们身体健康！爸爸们长命百岁！,6038801628,0,2024-01-13 09:51:40
Whiskey-90,1444692800,0,0,0,100,“靠R&B续命”,珍惜眼前人，活在当下,6038768580,1,2024-01-13 07:30:47
挖槽是靓仔,1806903953,0,1,1000000,1004000,,如果是真的加我微信，发给你了,6038756696,1,2024-01-13 05:43:05
月亮与你--,1913961989,19,1,0,100,随便唱唱,灯火葳蕤揉皱你眼眉,6038737343,2,2024-01-13 03:06:28
诗太阳星空,1482460321,0,0,0,100,少年骑马入咸阳，鹘似身轻蝶似狂,生曰快乐呀,6038701206,0,2024-01-13 01:00:01
别时荷,9058504663,0,0,0,100,,是的 真的好怀念过去的时光 但是已经回不去了 能陪伴我的只有记忆中这首一直没有变的《牵丝戏》 我记忆最爱的一首音乐,6038694071,3,2024-01-13 00:41:22
别时荷,9058504663,0,0,0,100,,都已经24年了 还有人在听《牵丝戏》嘛,6038691436,6,2024-01-13 00:39:30
Whiskey-90,1444692800,0,0,0,100,“靠R&B续命”,我太固执了 我反复回忆曾经美好的画面 但我却忘了人是会变的,6038590013,1,2024-01-12 21:34:48
小刘不哭不哭不哭,1419269623,24,1,370000,370100,,恭喜,6038581208,0,2024-01-12 21:19:32
-小Q耶,8107447029,15,2,0,100,,最可怕的是 你们互相喜欢 却在猜对方喜欢谁.,6038570679,1,2024-01-12 21:02:10
-小Q耶,8107447029,15,2,0,100,,你知道的 我总是嘴硬 爱说反话 其实我只是想要被爱.,6038574792,1,2024-01-12 21:02:03
-小Q耶,8107447029,15,2,0,100,,你切记 这次分开 再无重逢.,6038573003,1,2024-01-12 21:01:57
-小Q耶,8107447029,15,2,0,100,,希望你的眼睛可以一直笑想要的都得到.,6038573929,1,2024-01-12 21:01:51
-小Q耶,8107447029,15,2,0,100,,一见钟情固然可贵 但日久生情更加难得.,6038574766,1,2024-01-12 21:01:43
-小Q耶,8107447029,15,2,0,100,,有你伴我行 这条路我会走到灯火通明.,6038571536,1,2024-01-12 21:01:37
-小Q耶,8107447029,15,2,0,100,,你点燃了我的生活 那我便为你一人绽开.,6038570641,1,2024-01-12 21:01:31
-小Q耶,8107447029,15,2,0,100,,时间不会回头 生活没有如果 你应该好好珍惜当下所拥有的.,6038572208,1,2024-01-12 21:01:14
-小Q耶,8107447029,15,2,0,100,,就算你是朵难养的花 对你用心的人依然会把你养得很好.,6038572934,7,2024-01-12 21:01:07
-小Q耶,8107447029,15,2,0,100,,时间冲淡了一切 曾经我们也无话不谈.,6038569711,1,2024-01-12 21:00:53
弄欲,3229915897,0,2,320000,320500,,恭喜！以后的日子也会平平安安的！,6038562262,0,2024-01-12 20:41:02
小趴菜_wD06,5211430678,0,2,440000,445200,,心疼你每次为我低头你别讨厌我的无理取闹,6038535245,1,2024-01-12 19:43:26
小趴菜_wD06,5211430678,0,2,440000,445200,,有了新的人别忘了我们曾经,6038533532,1,2024-01-12 19:43:25
小趴菜_wD06,5211430678,0,2,440000,445200,,短暂的幸福需要无数的落差感来偿还,6038532675,4,2024-01-12 19:43:22
小趴菜_wD06,5211430678,0,2,440000,445200,,苦难我都陪你要记得我,6038536077,1,2024-01-12 19:43:20
小趴菜_wD06,5211430678,0,2,440000,445200,,我是一朵难养的花谁把我养好我就又想谁,6038533506,1,2024-01-12 19:43:00
小趴菜_wD06,5211430678,0,2,440000,445200,,想问你有没有一支烟是为我抽的,6038535216,1,2024-01-12 19:42:57
小趴菜_wD06,5211430678,0,2,440000,445200,,手我会一直割直到他心疼,6038536041,1,2024-01-12 19:42:52
小趴菜_wD06,5211430678,0,2,440000,445200,,流了那么多眼泪怎么没人心疼我,6038536861,1,2024-01-12 19:42:50
小趴菜_wD06,5211430678,0,2,440000,445200,,我知道你累但你别不要我,6038534358,1,2024-01-12 19:42:48
小趴菜_wD06,5211430678,0,2,440000,445200,,妥协了允许你拥抱新的生活,6038536859,1,2024-01-12 19:42:46
小趴菜_wD06,5211430678,0,2,440000,445200,,我记得你最懂我但最近我们话不多,6038536028,1,2024-01-12 19:42:40
宁梦白桃,2104079859,10,2,440000,440100,我是周深半粉，白鹿大大的铁粉,我赞同,6038505222,0,2024-01-12 18:26:35
宁梦白桃,2104079859,10,2,440000,440100,我是周深半粉，白鹿大大的铁粉,当然有,6038504378,0,2024-01-12 18:25:42
-拾依,8746036714,0,1,0,100,,注销了……,6038496295,0,2024-01-12 18:06:53
简述ljbg,8581024002,0,0,430000,430100,,恭喜,6038464935,0,2024-01-12 16:22:14
你的额说,8913488057,53,0,0,100,,绝望又不失希望。世间从没有两清。你欠我的永远不能还。,6038457600,1,2024-01-12 16:12:18
你的额说,8913488057,53,0,0,100,,古风歌曲的天花板。银铃阿杰唱的。也是我第一首接近的古风歌。难道还有谁不喜欢听吗？,6038458384,2,2024-01-12 16:11:42
你的额说,8913488057,53,0,0,100,,这些古风歌曲都挺好听的。已全入歌单。真诚的感谢。,6038458330,0,2024-01-12 16:11:07
油麦菜不勾芡,6482045548,21,1,620000,621100,,我的朋友，好朋友也有好朋友,6038449847,1,2024-01-12 15:50:26
-小Q耶,8107447029,15,2,0,100,,大概是我心结冰 忠诚与誓言我都不想听.,6038408800,3,2024-01-12 14:15:54
-小Q耶,8107447029,15,2,0,100,,我一句话也不说 其实心里的灯一盏接一盏的熄.,6038405681,2,2024-01-12 14:15:47
-小Q耶,8107447029,15,2,0,100,,你说我是你的春天 却没说是第几春.,6038408006,1,2024-01-12 14:15:34
-小Q耶,8107447029,15,2,0,100,,我哑口无言 我心隐隐作痛.,6038406078,1,2024-01-12 14:15:22
-小Q耶,8107447029,15,2,0,100,,其实我根本不知道该怎么和一个不舍得的人说再见.,6038404604,1,2024-01-12 14:15:01
-小Q耶,8107447029,15,2,0,100,,我划破的胳膊 流着爱他的血.,6038404591,1,2024-01-12 14:14:53
-小Q耶,8107447029,15,2,0,100,,其实我假装看来看去 其实眼里都是你.,6038404546,1,2024-01-12 14:14:27
累哭少年郎,8390699246,0,0,0,100,,什么样的男生一看就没钱,6038353758,2,2024-01-12 12:54:13
我系小王子1,1423062168,0,0,440000,440100,,恭喜，愿以后都健康平安,6038264126,0,2024-01-12 09:40:02
半支烟180610,1483476260,0,1,330000,330100,,词美，戏腔美,6038231306,1,2024-01-12 07:13:19
Distiny_way,586163725,0,0,310000,310101,,我不信，除非你帶我兩把,6038223861,0,2024-01-12 05:54:22
东方潇洒四川清音,9042312544,0,0,0,100,,都这样了，你还充VIP啊？,6038169783,0,2024-01-12 02:02:19
用户8301434715,8301434715,0,0,0,100,,比你晚 15 分钟,6038115825,0,2024-01-12 00:34:25
v_CShN,2087950258,21,1,310000,310101,爱与时光，终年不遇,24年了依旧会喜欢的歌,6038093352,11,2024-01-12 00:13:47
深楼知予卿,1897964633,17,2,430000,430500,这个世界就该我幸福,哥你的id…,6038089910,0,2024-01-12 00:09:42
回忆宛如诗行,3242732868,17,2,360000,360100,“总会有人不珍惜 敢与回忆较高低”,wx,6038000894,0,2024-01-11 22:18:57
虾仁不眨眼-0001,5215691961,0,2,0,100,本人丰富，无法简介。永远爱中国,每个名字都有丰富的诗意与意境,6037969301,0,2024-01-11 21:37:56
仲夏漫歌,9074572282,0,0,0,100,,恭喜！恭喜！一切都安好！,6037932872,0,2024-01-11 20:45:11
棠梨煎雪_rZ39,6368384062,18,1,640000,640300,,恭喜🎉🎉🎉🎉🎉🎉🎉🎉🎉🎉🎉🎉🎉🎉🎉🎉🎉🎉🎉🎉🎉🎉🎉🎉🎉🎉🎉🎉🎉🎉🎉🎉🎉🎉🎉🎉🎉🎉🎉🎉🎉🎉🎉🎉🎉🎉🎉🎉🎉🎉🎉🎉🎉🎉🎉🎉🎉🎉🎉🎉🎉🎉🎉🎉🎉🎉🎉🎉🎉🎉🎉🎉🎉🎉🎉🎉🎉🎉🎉🎉🎉🎉🎉🎉🎉🎉🎉🎉🎉🎉🎉🎉🎉🎉🎉🎉🎉🎉🎉🎉🎉,6037894640,0,2024-01-11 19:57:57
-小Q耶,8107447029,15,2,0,100,,情绪冲突的那一刻 别忘记各自的好.,6037893869,1,2024-01-11 19:51:36
-小Q耶,8107447029,15,2,0,100,,如果一直与你同在 拿我这片天一直放晴.,6037891957,1,2024-01-11 19:51:22
-小Q耶,8107447029,15,2,0,100,,誓言太重 橡皮擦不掉这页翻不去 不如撕掉.,6037890168,2,2024-01-11 19:51:10
-小Q耶,8107447029,15,2,0,100,,时间冲淡了一切 曾经我们也无话不谈.,6037889797,1,2024-01-11 19:48:00
-小Q耶,8107447029,15,2,0,100,,你要我怎么睡个好觉 一闭眼全是我们的曾经.,6037886539,1,2024-01-11 19:47:53
-小Q耶,8107447029,15,2,0,100,,你敷衍我的态度真对不起我真诚的爱意.,6037889756,1,2024-01-11 19:47:42
-小Q耶,8107447029,15,2,0,100,,你总以为机会无限 所以从来不珍惜眼前,6037889737,5,2024-01-11 19:47:37
-小Q耶,8107447029,15,2,0,100,,你也会随着季节变冷吗.,6037886493,1,2024-01-11 19:47:31
與月共寢,1598267791,23,1,330000,330200,我心涌悲伤的时候，大口吃饭，这种炫耀，唯有风知道,年纪到了，好听了[可爱],6037845583,2,2024-01-11 18:47:15
燚先,332791127,0,1,320000,321000,,我～～,6037774532,0,2024-01-11 15:59:47
德多boss珂cysx,7929967754,14,2,410000,410100,,我,6037724264,0,2024-01-11 13:15:58
木木ertdxvh,599076895,0,2,210000,211400,,开心🥳,6037721738,0,2024-01-11 12:54:47
斯坦宝贝-09,307166223,24,2,650000,652900,-09,nansejux,6037696361,1,2024-01-11 11:54:19
累哭少年郎,8390699246,0,0,0,100,,你最不后悔认识谁？,6037566646,2,2024-01-11 05:39:20
wjmem,275612240,0,0,440000,440100,,我,6037511837,0,2024-01-11 02:07:49
袴濑已,4896475116,0,1,0,100,,不论自己是什么样子，他一直都是木偶感激愧对的，身心依慕的，无法放任割舍的……“最天生一对”的。直到看见她在火舌中含着泪朝他嫣然作揖——在木偶化作灰烬的那一刻，木偶师顿然醒悟。她才是他的所有，而自己离开她，才是真正的一无所有。,6037507247,1,2024-01-11 02:01:07
袴濑已,4896475116,0,1,0,100,,从初见时一时兴起的惊艳与爱不释手，到后来一度成为他得以仰仗并为之骄傲的手艺，直到最后 竟成了累赘甚至是他漂泊一生，一事无成一无所有的“象征”，“证物”。“一辈子活成这样，还要这玩意做什么呢!都不如烧了，还能暖暖身子。”灯火葳蕤，揉皱你眼眉。傀儡师大抵是不晓得的，不论自己是,6037506421,2,2024-01-11 02:00:46
听山川叙旧,569937358,0,0,0,100,不思量，自难忘,你憔悴，我替你明媚~,6037497089,3,2024-01-11 01:30:43
立秋知名乐器独奏,9022271278,0,0,0,100,,当时年少春衫薄，骑马倚斜桥，满楼红袖招,6037495885,3,2024-01-11 01:26:32
草莓脆脆麦旋风,1413488717,19,2,500000,500101,今晚月亮不出现,再听已是忆青春,6037429630,1,2024-01-10 23:43:25
白相厌,3854517899,0,0,210000,210200,,心火怎甘心扬汤止沸,6037417310,1,2024-01-10 23:18:38
闻乐-雯月,8837476769,0,0,0,100,,要死了[哀伤],6037393766,1,2024-01-10 22:31:53
如是我闻如约,3228131403,0,2,370000,370500,,我[爱心],6037383182,0,2024-01-10 22:15:54
祈祲,3396039101,0,1,130000,130400,,恭喜,6037374535,0,2024-01-10 22:04:04
累哭少年郎,8390699246,0,0,0,100,,留下你的名字缩写 看看网友会叫你啥,6037369898,2,2024-01-10 21:51:12
_弱受_,504900681,0,0,510000,510100,,那两个字怎么读,6037346341,1,2024-01-10 21:05:59
Firo-风照原,36529519,26,1,1000000,1001800,Whatever the world happend.I am the one.,归有光：给你，你来写,6037281102,0,2024-01-10 18:12:27
Aqua_0613,9070257499,7,1,440000,440500,,6,6037276400,0,2024-01-10 18:09:09
Aqua_0613,9070257499,7,1,440000,440500,,我,6037280778,0,2024-01-10 18:06:07
西泷幻想,8105487951,0,0,0,100,随便听听,甚是恭喜啊。外公已经晚期了，靠药吊命，真的好痛苦,6037269936,0,2024-01-10 17:40:48
-华风夏韵__洛水天依-,1358192029,23,2,1000000,1010000,锦依卫就是我哒!,恭喜恭喜,6037196931,0,2024-01-10 13:53:21
-华风夏韵__洛水天依-,1358192029,23,2,1000000,1010000,锦依卫就是我哒!,是我啦,6037198824,0,2024-01-10 13:52:53
白羊落海,548802728,21,1,510000,510600,我本微末   清贫岂敢入凡尘,感谢补歌[狗头],6037178132,0,2024-01-10 12:52:41
LupinIII3,544408475,22,2,1000000,1002200,,2015的天空是多高的天空呢,6037167378,6,2024-01-10 12:22:00
特斯拉的极光,3231681410,0,1,0,100,你看什么！卜部美琴是我的！,又是你[大笑],6037131744,0,2024-01-10 10:06:08
八九_l_,310027179,25,1,110000,110101,,+1,6037112420,0,2024-01-10 09:04:12
你不珍贵,248732326,31,1,530000,530100,,一样,6037012130,0,2024-01-10 00:12:45
w雨珊,8077744699,0,0,0,100,,用这首歌西施打的老牛逼了,6037007082,3,2024-01-10 00:04:44
趙树人1,4951741579,0,2,0,100,,照片：一张满意的正脸照BGM：牵丝戏文案：明明只有一张脸 却有百面相,6036963313,2,2024-01-09 22:50:07
你不珍贵,248732326,31,1,530000,530100,,许多过去的都让它过去吧，就算再困在回忆里走不出来，也要慢慢释怀，因为生活还要继续，大家都在朝前走，你总不能困在原地，一直抓着某件事或者某个人不放吧。,6036951818,7,2024-01-09 22:24:27
如木在野,8680393195,0,0,0,100,要钱，很多钱。,你这句话，让人真难过。,6036929189,0,2024-01-09 21:46:01
爱就爱吧能怎样,1693624563,33,2,320000,320100,古筝,“生物必刷题上有这么一句话，就算全世界都抛弃了你，但是你要记住，你身上还有几十亿的细胞，仅为你而活”,6036919070,0,2024-01-09 21:21:59
蓮--阿修貝殼,495443320,23,1,530000,530100,命里有时终须有，命里无时莫强求,我（举手）[爱心],6036884916,0,2024-01-09 20:07:10
钢琴_pKFJ,4015902703,0,0,0,100,,认真的？,6036808912,0,2024-01-09 16:58:21
叫双鱼,1740619084,0,1,0,100,每晚不定时播,加油！,6036790935,0,2024-01-09 15:57:56
去妳的島,489102926,0,2,0,100,带我去你的岛,那晚的火燃得格外久也格外暖，分明没太多柴火，一堆火却直到天光放亮才渐渐冷下去。拼尽全力地，暖了那么一次。暖了那么一次，孤单了一辈子。到如今我还记得老爷子放声大哭的模样，嚎啕得就像当年被爹娘拦着阻着不准去看牵丝傀儡戏的那个孩子,6036772522,1,2024-01-09 15:06:42
去妳的島,489102926,0,2,0,100,带我去你的岛,它扬起含泪的脸儿，突然笑了笑，咔一声碎入炭灰。,6036773248,1,2024-01-09 15:06:28
去妳的島,489102926,0,2,0,100,带我去你的岛,我拦也拦不住，话都说不出，满脑子只剩一句可惜。然后那一幕，我此生难忘，火光舔过木偶一身绮丽舞袖歌衫，燎着了椴木雕琢的细巧骨骼，烧出哔哔啵啵响动。那一瞬间它忽地动了，一骨碌翻身而起，活人似的悠悠下拜，又端然又妩媚地对着老爷子作了个揖。,6036773237,1,2024-01-09 15:06:07
去妳的島,489102926,0,2,0,100,带我去你的岛,一辈子啊，一辈子就干了这么一件事儿，活成这么个怂样，就这么糟践了自个儿这一辈子。怪谁？还不是怪这玩意儿。他盯着怀里那精致木偶看了半天：大雪滔天，棉衣都置备不上，这一冬眼看都要过不去了，还要你做什么呢？都不如烧了——还能暖暖身子。还没等我回过神来，老爷子手一扬，木偶就进了火堆。,6036772497,1,2024-01-09 15:05:54
去妳的島,489102926,0,2,0,100,带我去你的岛,其实我看不太懂戏文里咿咿呀呀悲欣交集，但那伴着盘铃乐翩翩起舞的木偶美得触目惊心，纵然知道只是丝线牵出的举手投足，也活了似的叫人忍不住想挽手相搀，看完叫人不得不叹一声：真不愧演了一辈子。我由衷说：老爷子您可真不愧演了一辈子。老爷子听着这句，也抱着木偶笑了笑，笑完，脸色就变了,6036775204,2,2024-01-09 15:05:42
去妳的島,489102926,0,2,0,100,带我去你的岛,还能剩下什么呢？没个家，没个伴儿，一辈子什么都没剩下，除了这么个陪了他一辈子的木偶。老爷子没说完就哭了，拿补丁摞补丁的袖子揩脸，揩了再揩也揩不净。我也不知道该怎么说，顺着他口风哄了两句，干脆求老爷子亮亮手艺，想不到这招好使，老爷子擤擤鼻子止了哭，真给我演了一出。,6036772450,1,2024-01-09 15:05:04
去妳的島,489102926,0,2,0,100,带我去你的岛,知道是演牵丝傀儡的卖艺人来了，就奔着那小戏台子去，给三尺红绵台毯上木偶来来往往演出的傀儡戏勾了魂儿，一高兴，干脆学起了傀儡戏。家里打也打了骂也骂了，见是真止不了，也只好由得他去。就这么入了行，也演了一辈子。漂泊过多少山水，卖艺的到底都是卖艺的，除了年轻时一股逍遥浪荡的劲儿，,6036772424,1,2024-01-09 15:04:43
去妳的島,489102926,0,2,0,100,带我去你的岛,娇贵鲜艳得刚描画出来似的，神情栩栩如生，眼角挂着一滴泪惹得我都心猿意马，好险没伸手去接。自然接不着的。偶遇也算有缘，夜深雪大无事可做，我同老爷子凑着一堆火边烤边聊，话匣子一开便合不拢，听他唠唠叨叨多半个时辰，从前事讲了个底儿掉。讲他小时候何等贪玩，一听见盘铃声就收不住脚，,6036771522,1,2024-01-09 15:04:25
去妳的島,489102926,0,2,0,100,带我去你的岛,所以就这么给阻在了路上，好歹算有座破庙能挡一挡风雪。我就是在那个大风雪的夜里，在那座庙里，遇见了他们。演傀儡戏的老人，和他的木偶。那是一种很奇怪的感觉。老爷子破衣烂衫，年纪足够半截身子入土，随身没半点值钱玩意儿，除了那木偶——那木偶是个娇贵女孩儿模样，做工太好，,6036776110,1,2024-01-09 15:04:07
去妳的島,489102926,0,2,0,100,带我去你的岛,这样的故事，理应埋在心里，葬下就不再提起。打小儿我就能看见些不同寻常的东西，旁人看不见的，见识这故事时就是这样，只不过那时我还年轻——年轻到了，一切的一切都可以并不当作一回事。见鬼见神也好，独自出游也好，那时候觉得都没什么要紧，,6036775103,1,2024-01-09 15:03:53
做穿牢底,1528432967,18,2,320000,320500,MissQ180817,恭喜🎉,6036696581,0,2024-01-09 11:16:48
烤地瓜啊烤地瓜,30973163,0,2,0,100,因为我喜欢你啊。,恭喜,6036656145,0,2024-01-09 08:51:09
云村村民167809755602543,8434938574,0,0,0,100,,知我如此，不如无生,6036653501,2,2024-01-09 08:37:15
云村村民167809755602543,8434938574,0,0,0,100,,如果我的心像傀儡木偶一样硬，无知无觉，不恼不愠，不闻恶言，不见世人眼光，应该就不会悲伤了吧。可惜吃了那么多苦，眼泪都流干了，还是做不到。,6036652617,2,2024-01-09 08:36:30
宝蓝恋希,67075677,31,2,210000,210100,未曾说出口，已潸然泪下,常听常新，百听不厌！,6036644579,0,2024-01-09 08:01:40
夏日兴奋独立摇滚,1762417593,0,0,0,100,,谢谢为我们补歌,6036639662,0,2024-01-09 07:26:53
累哭少年郎,8390699246,0,0,0,100,,课余时间10分钟 你是真的困还是没人陪呢,6036635017,2,2024-01-09 06:05:26
累哭少年郎,8390699246,0,0,0,100,,女生们 你最不理解男生哪些行为,6036634757,2,2024-01-09 05:53:08
羽化的希翼,7938544445,0,2,450000,450100,桃花面，多暖春，相遇即是上上签🌸🌸🌸,好怀念啊,6036552868,2,2024-01-09 00:10:22
羽化的希翼,7938544445,0,2,450000,450100,桃花面，多暖春，相遇即是上上签🌸🌸🌸,超爱的,6036551315,0,2024-01-09 00:09:57
羽化的希翼,7938544445,0,2,450000,450100,桃花面，多暖春，相遇即是上上签🌸🌸🌸,是我,6036551986,0,2024-01-09 00:09:48
老八和八八,4982519290,15,1,1000000,1000200,,真不错[狗头],6036529541,1,2024-01-08 23:43:00
HM_0000,6425370896,0,0,130000,130100,,太俗[撇嘴][撇嘴],6036508168,0,2024-01-08 23:01:34
不知道名字怎么起啊啊啊,3716688345,0,0,610000,610100,,我,6036499176,0,2024-01-08 22:48:02
去看看海吧_love,8541205024,0,0,0,100,,恭喜,6036477621,0,2024-01-08 22:16:53
累哭少年郎,8390699246,0,0,0,100,,让你突然安静的三个字是什么,6036448699,3,2024-01-08 21:32:25
累哭少年郎,8390699246,0,0,0,100,,还记得那句伤你很久的话吗.,6036444630,2,2024-01-08 21:23:13
乐乐子-乐子,3408852160,33,2,1000000,1010000,,好好好，无论真假，每见到一次此般信息，我心中喜悦便更胜一分,6036444289,0,2024-01-08 21:19:28
乐乐子-乐子,3408852160,33,2,1000000,1010000,,我不道啊？,6036444915,0,2024-01-08 21:17:23
你在计划里,1848651136,16,2,0,100,孤独＿是一个人的狂欢,害,6036438491,0,2024-01-08 21:11:17
累哭少年郎,8390699246,0,0,0,100,,男孩子问一个问题 女孩子来回答.,6036436507,2,2024-01-08 21:08:28
累哭少年郎,8390699246,0,0,0,100,,男孩子问一个问题 女孩子来回答.,6036437240,2,2024-01-08 21:07:26
脑袋有些晕,5084603705,17,1,370000,370700,晚安是爱你的续篇。,有谁是因为这首歌入坑古风歌的,6036400889,2,2024-01-08 19:54:48
南风012,328490051,0,2,0,100,,他是我年少时的勇气，在之后的很多年里给予我力量。,6036350933,2,2024-01-08 18:08:14
_饱饱_R,1414496881,20,2,420000,420900,,我我我昨天还去ktv唱了,6036293547,1,2024-01-08 16:25:50
浅尝辄止ing,1441176999,39,2,1000000,1003300,,你们俩一定很幸福吧,6036197430,0,2024-01-08 13:47:06
呵哈呢,119390748,25,1,120000,120101,Your real strength comes from being "You" you can be,我啊,6036060460,1,2024-01-08 11:56:54
呵哈呢,119390748,25,1,120000,120101,Your real strength comes from being "You" you can be,恭喜恭喜,6036061021,0,2024-01-08 11:56:47
你就不要_z,1304248241,0,0,0,100,,插,6035844473,0,2024-01-08 06:00:32
_三笠_,1522476603,19,1,510000,511700,,很喜欢一个up主改编的牵丝戏，是关于一人之下的。可惜已经找不到了,6035815317,2,2024-01-08 03:25:47
遲池_,1769101626,0,0,1000000,1005700,我们曾做过最亲密的事情，就是看着彼此,半故也很好听！强推[多多可怜],6035735648,2,2024-01-08 00:30:39
南无阿弥陀佛2021,4045834413,0,0,340000,340100,,南无阿弥陀佛,6035701026,2,2024-01-07 23:39:20
甲乙丙丁无名氏,7880560072,15,1,650000,650100,,请问你夜以继日地送外卖，每天只睡三小时，哪来这么多时间上网求助?在火的歌评论区发，而且每隔一段时间就发，你“外卖”还送不送了?[大笑],6035630854,2,2024-01-07 21:56:13
饿死大楼最穷旷工,5130641071,0,2,500000,500101,醒啦普罗丢桑，你的体力满啦！,将厌离[流泪],6035603070,0,2024-01-07 21:15:58
天降小染,8700841022,0,2,0,100,,2024年喽 听到这个前奏还是觉得好听 吊打现在网红歌,6035558775,5,2024-01-07 19:59:41
双板落叶飘,137275300,0,0,310000,310115,,来报道🌹,6035552336,0,2024-01-07 19:54:38
辞尘-忘川,3890882437,0,0,420000,420100,,肃拜揖别，姿若生人，绘面泪痕宛然，一笑迸散，没于篝焰。火至天明方熄。翁顿悟，掩面嚎啕，曰:“暖矣，孤矣。”,6035537418,5,2024-01-07 19:28:51
辞尘-忘川,3890882437,0,0,420000,420100,,”翁且言且泣，余温言释之，垦其奏盘铃乐，作牵丝傀儡戏，演剧于三尺红绵之上，度曲咿嘤，木偶顾盼神飞，虽妆绘悲容而婉媚绝伦。曲终，翁抱持木偶稍作欢容，俄顷恨怒，曰:“平生落魄，皆傀儡误之，天寒，冬衣难置，一贫至此，不如焚。”遂忿然投偶入火。吾止而未及，跌足叹惋。忽见火中木偶婉转而起，,6035538789,6,2024-01-07 19:26:29
辞尘-忘川,3890882437,0,0,420000,420100,,牵丝戏背景:余少能视鬼，尝于雪夜野寺逢一提傀儡翁，鹤发褴褛，唯持一木偶制作极精，宛如娇女，绘珠泪盈睫，惹人见怜。时云彤雪狂，二人比肩向火，翁自述曰:“少时好观牵丝戏，耽于盘铃傀儡之技，既年长，其至愈坚，遂以此为业，以物象人自得其乐。奈何漂泊终生，居无所行无侣，所伴唯一傀儡木偶。,6035532257,26,2024-01-07 19:20:23
不第一不永不改名,4021732815,0,1,1000000,1004400,,＋1,6035524898,0,2024-01-07 19:01:28
夏日兴奋独立摇滚,1762417593,0,0,0,100,,我不甘，天天的试卷毁了我的青春，为什么一张试卷毁了我的朋友，和我的一生！,6035520807,1,2024-01-07 18:54:43
lythrum冷烟,547218772,0,1,510000,510100,こんなつまなんない,我,6035472124,0,2024-01-07 17:22:55
爱吃锦丸,1728122421,0,1,410000,410700,,看看牛,6035450427,0,2024-01-07 16:42:45
调皮猫0812,50095376,37,2,320000,320300,,我[蛋仔坏笑],6035434640,0,2024-01-07 16:14:50
开心了吗_71Be,8554769481,0,0,0,100,,时间冲淡了一切  曾经我们也无话不谈,6035378582,2,2024-01-07 14:34:15
云村村民167809755602543,8434938574,0,0,0,100,,这竟然是2015年的歌 震惊 ！可惜那时我还没手机 时间真的好快,6035350259,2,2024-01-07 13:38:20
zzz赛,89359923,23,1,320000,320300,,恭喜 恭喜,6035345312,0,2024-01-07 13:28:28
butanytoday,1774059619,0,1,120000,120101,,人间别久不成悲…,6035323981,1,2024-01-07 12:42:58
听雨声_w,8902068940,0,2,0,100,,我们隔着屏幕 我的情绪 我的泪 我红了的眼睛 你能体会到吗  如果我不跟你倾诉 你永远都不知道 我无数个需要你瞬间 你死哪去了,6035303955,1,2024-01-07 12:07:12
zekibou,384039675,0,0,440000,440300,,+1,6035283340,0,2024-01-07 11:29:25
fantastic帅帅潘,134633364,25,1,1000000,1010000,✈️✈️✈️,要火了,6035218732,1,2024-01-07 09:13:30
异次元的大雾,3963362409,16,0,120000,120101,降雨,一蓑烟雨任平生,6035153465,1,2024-01-07 04:23:22
08悠悠鸟,7845947121,15,2,650000,659001,读书,我我我,6035150851,0,2024-01-07 03:55:37
阿然Or_,3335846884,0,0,0,100,宣泄方式不同 比如听歌,问世间 哪有更完美,6035118319,1,2024-01-07 02:13:13
榕姐姐1213,264031653,0,2,440000,441300,,恭喜，大吉大利跨过这关后必有后福。,6035115082,1,2024-01-07 02:04:31
春末遇吉,545827354,18,2,0,100,,是在复读岁月里遇见的，没有缘分的。我们都有各自要奔赴的前程。暗暗滋生的情愫，让它烂在我的心里吧。2024高考，苦尽甘来！,6035064659,2,2024-01-07 00:41:05
春末遇吉,545827354,18,2,0,100,,他的眼睛里有星星。复习到《孔雀东南飞》里的“葳蕤自生光”时，我说，这是我第二次看到“葳蕤”这个词。我解释道，第一次看到是在《牵丝戏》里。他说他也是。能懂我吗？在青春岁月里遇见一个教养极高，温润如玉，走近后发现他偶尔有些“小贱”的男孩子啊！他挠头的样子好可爱，他眼睛好亮，但是，是在,6035065331,5,2024-01-07 00:38:07
韵黛樱宁萌,1517074069,18,2,140000,141000,？,2024啦，你好呀,6035059244,1,2024-01-07 00:30:13
-偏薆_,3341608840,0,2,0,100,,都是歌名,6035037070,0,2024-01-07 00:06:00
听雨声_w,8902068940,0,2,0,100,,我们拉拉扯扯 删了又加 加了又删 每隔一段时间就会联系 你说到底是爱还是不甘 其实我也说不上来,6035013358,2,2024-01-06 23:37:05
一个不懂自己的人,1455866028,22,1,610000,610500,,爱而不得啊,6034968545,1,2024-01-06 22:32:10
-109Yun,565960499,0,0,0,100,空气寂静 树林沉默,突然想起我心中两位戏子，程蝶衣、解雨臣。,6034931741,0,2024-01-06 21:28:15
56型三棱军刺,1394573019,19,1,1000000,1010000,「Amorch' anull' amatoamar perdona」,我,6034920400,0,2024-01-06 21:15:13
月亮藏不住的小情绪yo,505855210,0,0,0,100,,恭喜啊妈妈身体越来越棒！,6034919149,1,2024-01-06 21:12:17
叔感双木woooh,3422359876,33,2,450000,450100,铁汁萌保底出六星,哈哈哈哈这里没有人认识我，我随便说说，总感觉有点落寞呢有好感的人有喜欢的人什么的…越来越摸不清到底是什么感情了，精神寄托吗？还是说萌生出了什么多余的感情呢，明明想继续成为好朋友的说，好累，心里一股说不上来的酸涩,6034907959,2,2024-01-06 20:51:27
不与笨蛋讲话,1944062457,15,0,310000,310101,惡心賤,网恋吗？我可以陪你打游戏，陪你聊天，给你安慰，早上叫你起床，晚上给你说晚安，等你遇到你那个意中人，他去做你的盖世英雄，风生水起，您说一句我主动消失,6034876313,1,2024-01-06 19:55:38
DME繁星点点,8811293974,16,1,440000,440900,,好听,6034866951,1,2024-01-06 19:33:46
小蛇神520,4980915629,15,1,330000,330700,“梧桐枝芽疯长，爱意贯穿心脏”,说得好,6034826675,1,2024-01-06 18:21:19
用户6349634124,6349634124,0,0,360000,360100,,+1,6034826185,0,2024-01-06 18:14:58
念安-_0voQ,8717533267,0,0,0,100,,恭喜,6034822561,1,2024-01-06 18:09:40
寸土成方,415116561,0,1,230000,231100,,愿谁记得谁，最好的年岁,6034770241,2,2024-01-06 16:12:34
-瑞崽-,8903937684,15,1,620000,621100,一个学业无成的失败者……,不是我们不帮你是世上真事少,6034761389,5,2024-01-06 15:55:01
独钟意_t2Yd,9046653557,0,0,0,100,,你也有今天,6034753687,1,2024-01-06 15:41:35
独钟意_t2Yd,9046653557,0,0,0,100,,许你万丈光芒,6034758049,1,2024-01-06 15:41:22
毛油鑫,3718502787,0,0,310000,310101,,恭喜,6034750330,2,2024-01-06 15:29:46
帅哭我_fVg9,6422415196,0,0,0,100,,恭喜,6034721786,1,2024-01-06 14:16:29
布莱克依思,8987213303,19,2,0,100,？,听这首歌我仿佛回到了那个时代，唐朝。,6034715800,2,2024-01-06 14:02:48
1-许刈,9032240202,0,2,0,100,,看你幸福的时候我眼泪再也忍不住了.不恨不怨我只怪自己的无能为力.忘不了你那短暂的爱.烟花易冷 人事易分.我熬的不是夜 是我短暂的自由.心软是我最大的败笔.早该结束了只是我不舍得.,6034607669,1,2024-01-06 09:59:36
轻风_OA6W,5160201601,0,0,450000,450800,,加油,6034610134,2,2024-01-06 09:56:12
粉红色的回忆222,5009989227,18,2,370000,371500,喜欢好听的歌,错了吧，魑魅魍魉是三个鬼的名字，一个是魑，一个是魅，还有一个是魍魉[心心],6034601540,0,2024-01-06 09:40:11
用砖仔砌,8873918944,0,0,0,100,,张学友原唱歌曲牵丝戏，真好听,6034514703,0,2024-01-06 01:56:06
云好烦烦烦烦烦,8219054134,0,0,1000000,100,,2020年[哀伤],6034485125,1,2024-01-06 00:44:10
云好烦烦烦烦烦,8219054134,0,0,1000000,100,,御堂筋谁还记得，每次听这首歌我就会想起。,6034485803,1,2024-01-06 00:42:41
拜别克a,3422867210,0,2,650000,654200,,恭喜,6034440996,0,2024-01-05 23:52:01
盅客,472702140,0,1,710000,711000,,太好啦，🫂🫂,6034390752,0,2024-01-05 22:24:46
累哭少年郎,8390699246,0,0,0,100,,留一个你忘不掉的日期吧,6034360324,3,2024-01-05 21:35:59
wxy天冷加衣,8724336781,15,1,320000,320100,伯牙绝弦,加油，相信你的宝贝一定会挺过去的,6034356155,0,2024-01-05 21:24:08
My哥,567513363,0,1,0,100,希望在我嘴硬的时候 你也会坚定的选择留在我身边.,希望在我嘴硬的时候 你也会坚定的选择留在我身边.,6034339599,1,2024-01-05 20:55:02
My哥,567513363,0,1,0,100,希望在我嘴硬的时候 你也会坚定的选择留在我身边.,希望在我嘴硬的时候 你也会坚定的选择留在我身边.,6034342860,2,2024-01-05 20:54:54
慧眼识老根,51962754,0,1,120000,120101,NTR是游戏王OCG的一环，不爽不要玩，壮哉我大巨眼！,其实看珠泪的时候我心里有疙瘩一下。,6034323903,1,2024-01-05 20:15:40
用户8097068996,8097068996,0,0,340000,340100,,加一,6034295962,1,2024-01-05 19:21:55
楚楚街_NKoQ,8515505656,0,2,1000000,100,,我,6034264358,1,2024-01-05 18:41:20
笙瑟薰竹,368620214,25,1,320000,320500,我想和你一起等天晴,初中高中开始听，如今工作了再听，竟有种想要落泪的感觉,6034235136,0,2024-01-05 17:49:48
脏脏的草莓,3250958514,0,2,350000,350100,,居然9年了，时间好快,6034218922,1,2024-01-05 17:03:03
迪夏-4,1497712442,16,1,230000,230500,,第1首就是盗将行让我以为后面也都是乐子,6034203031,2,2024-01-05 16:24:22
百万富豪2012,4004531596,0,1,320000,320300,,中国古代的傀儡戏,6034193666,1,2024-01-05 16:09:59
凯蒂口苗,5187440266,0,0,420000,420200,方续,24年 还在听这首歌,6034170607,3,2024-01-05 15:32:36
花以吹,561530721,0,2,150000,150200,🎧爱我所爱,好听,6034156079,2,2024-01-05 14:50:11
花以吹,561530721,0,2,150000,150200,🎧爱我所爱,好听 好听好听,6034152544,1,2024-01-05 14:46:34
岛屿山川-,469600071,21,2,350000,350100,热爱可抵岁月漫长.,17—24年。真快。,6034030946,19,2024-01-05 10:28:06
寒也_,3336472863,16,2,0,100,昭和牛郎,好！！,6034026748,0,2024-01-05 10:06:55
水边日下有三人,255359362,26,1,0,100,,恭喜你，阿姨以后都会一直健康的,6033986285,0,2024-01-05 07:10:08
取名叫巴黎的防,3414507325,21,1,420000,420100,,2024[流泪],6033857245,3,2024-01-04 23:13:45
天火流岚,349834097,28,1,610000,610700,沧海月明珠有泪，蓝田日暖玉生烟。,已听1337次，看看再过两年会是多少次。,6033851505,1,2024-01-04 23:05:32
憶希_66fd,8063641328,0,0,0,100,,感谢已全补入歌单,6033852104,1,2024-01-04 23:01:21
陈睿杰2302,8383019534,0,2,370000,370900,,谢…谢谢大哥哥❤ (ɔˆз(ˆ⌣ˆc),6033838567,1,2024-01-04 22:42:55
深海的幽默,1644890774,20,1,340000,340500,快乐的一天，从早餐开始。海鲜汤，三明治😀,加一,6033806475,0,2024-01-04 21:47:56
是我心中的秘密,3681061316,0,2,430000,431200,愿李莲花长命百岁，自在逍遥,这些是什么意思啊,6033802961,0,2024-01-04 21:35:25
日初梦末,6385600896,0,0,440000,441900,,我,6033752793,0,2024-01-04 19:48:37
Dk2q,533630205,23,0,310000,310101,依,末将于禁,6033742703,2,2024-01-04 19:32:23
iixing_,1792455426,0,1,0,100,,额,6033729049,0,2024-01-04 18:50:52
笑傲院长_xiao,8214350026,10,2,420000,420900,我推的小潮TEam、上海zoo等，小学五上哔wer吧wer，哔wer吧wer!,我!(骄傲),6033719795,0,2024-01-04 18:16:51
玉笙寒_,374832457,0,1,150000,150500,,胡说八道,6033701069,0,2024-01-04 17:24:53
筱笙墨露,1373810827,21,1,130000,130400,命运这种东西，生来就是要被踏于足下的！,报道,6033588486,0,2024-01-04 11:26:08
HBC_Rabbit,365108515,0,1,0,100,,“是你吻开笔墨 染我眼角珠泪。”这句听的好想哭，谁懂啊,6033539514,3,2024-01-04 08:09:57
风尘_4QrI,8535107945,0,0,0,100,,现在也是大姐姐了,6033507778,0,2024-01-04 02:59:56
风尘_4QrI,8535107945,0,0,0,100,,恭喜,6033505424,0,2024-01-04 02:58:20
消綢,3884150067,0,1,1000000,1007700,不经一番寒彻骨 怎得梅花扑鼻香,多情却似总无情 唯觉樽前笑不成,6033479019,0,2024-01-04 01:14:18
一把感情刀-,1620851672,18,1,440000,440300,习惯就好 人多反而不自在,时间一直再走 你又能记住我多久.,6033463203,1,2024-01-04 00:41:47
-Amazing-,107274631,30,0,110000,110101,Just the way you are，cause girl you are amazing !,啊？没有戾气啊，你用带着戾气的心态解读那可能感受到的就是戾气，我是无奈仅此而已。,6033461888,0,2024-01-04 00:35:17
终留不下两人,265229956,0,2,440000,440700,,+1,6033444943,0,2024-01-04 00:12:37
SilverWingsx,486844643,23,1,440000,440100,,是我了,6033404119,1,2024-01-03 23:22:44
葉-Ye3221341183,6318748586,33,1,420000,420100,简单一点，可爱多了,是哪位小帅哥/小姐姐在2024年还忘不了咱们的《牵丝戏》呀，绵绵,6033398419,4,2024-01-03 23:14:59
瓷浅_,7869708227,0,2,210000,211000,,好棒啊啊啊啊啊,6033367485,0,2024-01-03 22:17:15
Longj1ng_,1790393017,13,1,150000,150700,谁问我了？,byd娃子都快似了还充个vip是吧,6033364941,0,2024-01-03 22:05:16
祈安予,8116717472,0,0,510000,511300,i n 55!W !,+1,6033336035,0,2024-01-03 21:17:04
萱er_,1339608407,20,2,320000,320100,,前两天还在全民k歌唱了哈哈哈哈,6033314372,0,2024-01-03 20:45:22
萱萱0124-,8939406758,8,2,0,100,,恭喜你，恭喜阿姨！[多多笑哭],6033310402,0,2024-01-03 20:41:57
残城暮雪Lx,605203422,21,1,320000,320100,呜呜呜，昵称被占用了,是哪个小可爱2024还在听牵丝戏呢？是我呀，那没事了[多多可怜][多多可怜][多多可怜],6033305434,2,2024-01-03 20:29:28
北冰洋说数码硬核,8973327242,0,0,0,100,,这首歌配秦时明月嬴政那几段简直不要太好,6033306871,2,2024-01-03 20:25:17
罗罗诺亚索隆220107,6354236738,0,0,610000,610100,,希望我能追到她……,6033293997,1,2024-01-03 20:04:30
bilibili白风,1524187458,0,0,0,100,我本将心向明月，奈何明月照沟渠。,我心中永远的古风歌曲巅峰,6033184865,3,2024-01-03 17:31:40
時夢啫,1874596533,0,1,0,100,,恭喜恭喜 百病不侵,6033149121,0,2024-01-03 16:59:47
可口可乐口未,8284137602,25,1,610000,610800,没必要找原版   听着舒服就行了没必要找下个   过得幸福就行了,等等等……等一下，先别滑走那个 屏幕前的陌生人我不认识你但我想祝你加油祝你顺丰顺水 祝你马到成功祝你一生永远被爱祝你遇良人，结婚生子祝你遇贵人，事业有成祝你平安喜乐,6033148131,3,2024-01-03 16:59:01
想想_joKT,8057572859,0,0,0,100,,银临对不起,6033149875,1,2024-01-03 16:55:40
我是你的白前辈啊,323686098,26,1,320000,320600,出发，永远是最有意义的事 ，去做就是了。,恭喜🎉,6033135493,0,2024-01-03 16:46:46
柯利斯顿酱,60009873,0,2,0,100,,+1,6033118805,0,2024-01-03 16:09:00
Kissmehurtme,311221072,0,0,0,100,不过是些许风霜罢了,我,6033086037,0,2024-01-03 14:53:27
朴树枝头,2129287018,0,0,230000,230400,,我也觉得,6033083103,0,2024-01-03 14:50:25
幻光_Mxz8,1320029864,20,1,320000,320100,音乐是一场冒险！,我我我！！！！,6033085809,1,2024-01-03 14:48:43
祁林意,8193440807,0,0,1000000,1001300,“九十九分钟的歌，我们也会久久”“枯木逢春，另世我”,来咯,6033058150,1,2024-01-03 13:36:53
最后一页--翻篇,7964818548,0,0,440000,440300,,我,6033052421,0,2024-01-03 13:21:57
冰冷主唱_,8974850434,17,1,320000,320800,,唉...24年了想她了...[流泪][流泪],6032989085,1,2024-01-03 10:00:06
日子全都给了猫_,273283984,30,2,330000,330100,,我🙋🏼,6032978148,0,2024-01-03 09:07:10
云村村民166351298061247,8032928566,0,0,0,100,,恭喜,6032970038,0,2024-01-03 08:32:03
和啊季,350508874,0,1,0,100,我是傻逼,24年了 听15年的歌还是那么有感觉,6032892077,1,2024-01-03 01:21:59
aniz_VOYe,7966991516,0,0,0,100,,我[大哭],6032878792,0,2024-01-03 00:57:34
刘刘刘源,1571563540,0,0,0,100,wowowowowowo,初听小学生，再听大学,6032853760,5,2024-01-03 00:22:16
Mr-icy,1423741291,0,1,0,100,希望我们脑海里的旋律能一样,狠狠的听,6032817625,2,2024-01-02 23:48:41
一碗面不要葱_,5077685468,17,0,420000,420500,,2024年还在听,6032815899,5,2024-01-02 23:42:12
阿婷别任性,1558958837,0,2,440000,441500,,他说你错我不肯对,6032749827,3,2024-01-02 22:18:11
花与香水与猫,3227388660,11,0,510000,510300,,恭喜恭喜！！！🎉🎉🎉,6032736684,0,2024-01-02 22:07:05
阿仔G200,3391825245,24,1,520000,520100,,我,6032709757,0,2024-01-02 21:27:31
余醉烟雨,8857101260,0,1,130000,130100,无人扶我青云志，我自踏雪至山巅！,再见[哀伤],6032675848,0,2024-01-02 20:45:06
81号水星历险记,284849038,0,0,0,100,我们坠落，破碎，掉入深渊，但我们终会被托起，被治愈，我们无所畏惧！,记忆中的样子 是不分时间 空间的 停留在那一刻的自己 也将永远停留在那一刻,6032664419,0,2024-01-02 20:32:04
盖盖小幸运,3313826053,0,2,370000,370500,,+1,6032666004,0,2024-01-02 20:29:57
希子今天很开心,3257804833,0,2,440000,441900,,24年了,6032660548,0,2024-01-02 20:24:58
在找回自我的路途,4923814075,0,0,440000,440800,,难绷啊,6032640373,2,2024-01-02 19:48:00
龍瞖,1918554832,20,1,130000,130100,,我,6032581406,1,2024-01-02 17:23:22
破势D,1310252005,34,1,330000,330100,,其实反复都听几年了，一直都没好好去看歌词，现在仔细看看这歌词，实在是妙啊“你一牵我舞如飞 你一引我懂进退”,6032515793,6,2024-01-02 13:40:44
呐-俺喜欢你,8670706832,12,2,1000000,1001300,你是我的.意難平.,我,6032502524,2,2024-01-02 13:12:44
晓晓晓绵羊,368992355,0,0,220000,220100,,真好  接下来的路都是平坦  平平安安,6032463567,0,2024-01-02 11:12:05
是62啊,8383571693,18,1,330000,330100,像我这种叼丝只配听大众歌、、小众人有福了,都到2024年了这首歌还是好听~,6032463984,2,2024-01-02 11:06:49
冈崎真一的拨片,1553605610,17,2,130000,130400,你分享音乐 没几个人点开 你发了一组自拍却收到了很多赞 其实大家一直都在关心你的外在容貌 并不关心你的喜好 正如廖一梅书中写的那样 人这一生中 遇到性 遇到爱 都不稀罕 稀罕的是遇到了解.,新年快乐,6032388948,0,2024-01-02 05:12:54
我老叔家孩子,116835615,22,1,430000,431200,愿中国青年都摆脱冷气，只是向上走，不必听自暴自弃者流的话。能做事的做事，能发声的发声，有一分热，发一分光，就令萤火一般，也可以在黑暗里发一点光，不必等候炬火。此后如竟没有炬火：我便是唯一的光.倘若有了炬火，出了太阳，我们自然心悦诚服的消失，不但毫无不平，而且还要随喜赞美这炬火或太阳；因为他照了人类，连我都在内。我又愿中国青年都只是向上走，不必理会这冷笑和暗箭。,有,6032300967,0,2024-01-01 23:58:58
安shuai,2119676741,0,0,650000,654200,,我今天听🌝,6032286042,2,2024-01-01 23:34:35
起名-哦-我不会,6432416789,14,1,530000,530100,不知丢哇,24年了,6032271529,0,2024-01-01 23:15:51
今日枯木又逢春,1548530656,0,0,0,100,你还在意我,明灯三千 花开满城,6032262515,1,2024-01-01 23:00:41
3日啊,5125409834,0,1,430000,430100,,9年前的歌了,6032247364,1,2024-01-01 22:34:56
菜波波波,1905357740,0,2,130000,130300,,2024年我还在听,6032238318,3,2024-01-01 22:20:06
神火飞吖,5110100955,0,0,310000,310101,,真的很好听诶,6032175874,0,2024-01-01 20:38:04
加碗大米饭,613288154,25,1,440000,440400,,我的狀態 就是我的運氣，要發生的事都是利於我的好事,6032159938,2,2024-01-01 20:24:35
忧郁_MNmb,9049741116,0,0,0,100,,我们十指紧扣 永远不说分开的话 今年 明年 年年 ˶>ᗜ<˶,6032159920,1,2024-01-01 20:24:28
忧郁_MNmb,9049741116,0,0,0,100,,比起平平安安我更希望年年有你新年有烟花不一定浪漫 但新年有你一定很浪漫^ω^,6032158175,1,2024-01-01 20:24:24
忧郁_MNmb,9049741116,0,0,0,100,,零点的烟火下开启下一个四季.烟花升空 又一年.旧事皆尽 迎新纳喜.这不平凡的一年终于要结束了咔！这一年杀青了 .烟花短暂  但我们友谊永恒这不平凡的一年终于要结束了年年景不改 岁岁人常在年年景不改岁岁人常在  何其有幸年岁并进烟花短暂我们永恒 辞暮尔尔，烟火年年何其有幸年岁并进,6032159875,1,2024-01-01 20:24:17
忧郁_MNmb,9049741116,0,0,0,100,,无论岁岁年年，只愿平平安安，祝这个世界继续热闹，祝我们仍是我们，小手一牵，陪你今年、明年、年年，未来可期，来年可待🎇关关难过关关过，前路漫漫亦灿灿.希望去年所有的遗憾，都是今年惊喜的铺辞暮尔尔 烟火年年 又是一个365天 无论岁岁年年唯愿平平安安.愿所念之人 平安喜乐 愿所想之事 顺心,6032157132,1,2024-01-01 20:23:55
忧郁_MNmb,9049741116,0,0,0,100,,亲爱的公主零点的烟火下开启下一个四季. 烟花升空 又一年. 旧事皆尽 迎新纳喜. 这不平凡的一年终于要结束了 咔！这一年杀青了 . 烟花短暂  但我们友谊永恒 这不平凡的一年终于要结束了 年年景不改 岁岁人常在 年年景不改岁岁人常在  何其有幸年岁并进 烟花短暂我们永恒 辞暮尔尔，烟火年年 何其有幸年,6032159780,1,2024-01-01 20:23:45
忧郁_MNmb,9049741116,0,0,0,100,,小手一牵，陪你今年，明年，年年。你们是整年的陪伴，也是年末的欢喜来日可期，来年可待,6032157088,1,2024-01-01 20:23:37
忧郁_MNmb,9049741116,0,0,0,100,,零点的烟火下 开启我们下一个四季^0^,6032154644,1,2024-01-01 20:22:55
忧郁_MNmb,9049741116,0,0,0,100,,零点的烟火下 开启我们下一个四季^0^,6032156939,0,2024-01-01 20:22:46
在雾里拥抱你wly,6473683279,23,2,450000,450100,,＋1[多多调皮],6032131301,1,2024-01-01 20:02:40
在雾里拥抱你wly,6473683279,23,2,450000,450100,,＋1,6032128940,0,2024-01-01 19:59:42
枫潇潇wx,1408711693,0,0,340000,340800,,➕1,6032100033,0,2024-01-01 19:45:34
云村村民16778111679190,8426259377,0,0,0,100,,2024还是有人听,6032000854,0,2024-01-01 17:16:52
神佑谪仙,619164002,1,1,1000000,1002200,,元旦快乐！,6031907103,0,2024-01-01 14:23:37
不知道叫你什么好,1308087136,24,1,440000,440300,,有,6031853138,0,2024-01-01 12:45:52
1网1抑1云1,8409645141,0,0,0,100,沙雕一个,到站了,6031835423,0,2024-01-01 12:15:25
1网1抑1云1,8409645141,0,0,0,100,沙雕一个,到站了啊,6031836357,0,2024-01-01 12:15:08
1网1抑1云1,8409645141,0,0,370000,371700,沙雕一个,你好，2024,6031836321,0,2024-01-01 12:14:45
-冰岛_G7Sk,8707152598,0,2,410000,411000,想你的话你会出现吗^_^,世上何来常青树 心中不负 便胜朝朝暮暮.,6031746922,9,2024-01-01 09:04:36
你是人间署光,556602534,22,1,430000,430500,,24年第一天在听,6031665333,0,2024-01-01 02:26:37
替代ta,1430217948,18,2,370000,370700,,新年快乐,6031642925,0,2024-01-01 01:39:41
替代ta,1430217948,18,2,370000,370700,,新年快乐,6031642192,0,2024-01-01 01:39:35
替代ta,1430217948,18,2,370000,370700,,新年快乐,6031639690,0,2024-01-01 01:39:29
Saeee_17,1291469503,18,2,820000,820100,坐酌泠泠水，看煎瑟瑟尘。,我[大笑][大笑],6031638563,2,2024-01-01 01:38:01
开心_qthU,1407321839,0,2,510000,511000,,小时候听歌的第一首歌是古风歌，从此一入古风深似海，长大了听的是流行歌了，但是发现还是那时的古风歌我能听很久，几年都不会忘不会腻，现在的流行歌嘛，还没一首我记了有两年以上的歌,6031637035,1,2024-01-01 01:31:48
我网恋秀牛被录屏啊,5132753304,0,0,0,100,,是谁2024年还在听,6031602237,519,2024-01-01 00:47:15
华----_华,9052171732,16,1,340000,340300,桃李春风一杯酒，江湖夜雨十年灯,吾少能视鬼，尝于……一转眼就这么多年了,6031509374,1,2023-12-31 23:13:44
爱吃马嘉祺脚脚盖的母蟑螂,5159342281,13,2,320000,320800,谈什么恋爱，有马各帅，还是有好香三观正，要谈就谈时代少年图。,许个愿希望未来男朋友是个恋爱脑,6031455750,12,2023-12-31 21:38:59
还是有点咸,1484469439,0,0,0,100,,再见，再也不见,6031438405,0,2023-12-31 21:11:43
迟早看霉演唱会,4033946558,0,0,0,100,,恭喜恭喜，我姥姥早期乳泉癌做手术也很成功，再有三次化疗就彻底好啦,6031357205,0,2023-12-31 18:22:04
妄屿er,600331907,20,2,370000,370200,,永远会在一段时间重新爱上古风歌,6031357118,2,2023-12-31 18:20:54
困在回忆_uj0m,9049404597,0,1,0,100,,拉勾今年的烟花我们一起,6031334042,1,2023-12-31 17:25:21
X长风Y,3725826009,23,2,0,100,,想到了《魔道祖师》,6031329790,3,2023-12-31 17:15:04
这是一个不一般d名字,8909314203,0,1,110000,110101,䨻䨻䨻䨻䨻䨻䨻䨻䨻䨻䨻䨻䨻䨻䨻䨻䨻䨻䨻䨻䨻䨻䨻䨻䨻䨻䨻䨻䨻䨻䨻䨻䨻䨻䨻䨻䨻䨻䨻䨻䨻䨻䨻䨻䨻䨻䨻䨻䨻䨻䨻䨻䨻䨻䨻䨻䨻䨻䨻䨻䨻䨻䨻䨻䨻䨻䨻䨻䨻䨻䨻䨻䨻䨻䨻䨻䨻䨻䨻䨻䨻䨻䨻䨻䨻䨻䨻䨻䨻䨻䨻䨻䨻䨻䨻䨻䨻䨻䨻䨻䨻䨻䨻䨻䨻䨻䨻䨻䨻䨻䨻䨻䨻䨻䨻䨻䨻䨻䨻䨻䨻䨻䨻䨻䨻䨻䨻䨻䨻䨻䨻䨻䨻䨻䨻䨻䨻䨻䨻䨻䨻䨻䨻䨻䨻䨻䨻䨻䨻䨻䨻䨻䨻䨻䨻䨻䨻䨻䨻䨻䨻䨻䨻䨻䨻䨻䨻䨻䨻䨻䨻䨻䨻䨻䨻䨻䨻䨻䨻䨻䨻䨻䨻䨻䨻䨻䨻䨻䨻䨻䨻䨻䨻䨻䨻䨻䨻䨻䨻䨻䨻䨻䨻䨻䨻䨻䨻䨻䨻䨻䨻䨻䨻䨻䨻䨻䨻䨻䨻䨻䨻䨻䨻䨻䨻䨻䨻䨻䨻䨻䨻䨻䨻䨻䨻䨻䨻䨻䨻䨻䨻䨻䨻䨻䨻䨻䨻䨻䨻䨻䨻䨻䨻䨻䨻䨻䨻䨻䨻䨻䨻䨻䨻䨻䨻䨻䨻䨻䨻䨻䨻䨻䨻䨻䨻䨻䨻䨻䨻䨻䨻䨻䨻䨻䨻䨻䨻䨻䨻䨻䨻䨻䨻䨻䨻䨻䨻䨻䨻䨻,正在播放《牵丝线》(手动狗头)双击屏幕可暂停━━━━━●───────3:26⇆ㅤㅤㅤ◁ㅤㅤ❚❚ㅤㅤ▷ㅤㅤㅤ↻,6031321819,0,2023-12-31 16:54:36
这是一个不一般d名字,8909314203,0,1,110000,110101,䨻䨻䨻䨻䨻䨻䨻䨻䨻䨻䨻䨻䨻䨻䨻䨻䨻䨻䨻䨻䨻䨻䨻䨻䨻䨻䨻䨻䨻䨻䨻䨻䨻䨻䨻䨻䨻䨻䨻䨻䨻䨻䨻䨻䨻䨻䨻䨻䨻䨻䨻䨻䨻䨻䨻䨻䨻䨻䨻䨻䨻䨻䨻䨻䨻䨻䨻䨻䨻䨻䨻䨻䨻䨻䨻䨻䨻䨻䨻䨻䨻䨻䨻䨻䨻䨻䨻䨻䨻䨻䨻䨻䨻䨻䨻䨻䨻䨻䨻䨻䨻䨻䨻䨻䨻䨻䨻䨻䨻䨻䨻䨻䨻䨻䨻䨻䨻䨻䨻䨻䨻䨻䨻䨻䨻䨻䨻䨻䨻䨻䨻䨻䨻䨻䨻䨻䨻䨻䨻䨻䨻䨻䨻䨻䨻䨻䨻䨻䨻䨻䨻䨻䨻䨻䨻䨻䨻䨻䨻䨻䨻䨻䨻䨻䨻䨻䨻䨻䨻䨻䨻䨻䨻䨻䨻䨻䨻䨻䨻䨻䨻䨻䨻䨻䨻䨻䨻䨻䨻䨻䨻䨻䨻䨻䨻䨻䨻䨻䨻䨻䨻䨻䨻䨻䨻䨻䨻䨻䨻䨻䨻䨻䨻䨻䨻䨻䨻䨻䨻䨻䨻䨻䨻䨻䨻䨻䨻䨻䨻䨻䨻䨻䨻䨻䨻䨻䨻䨻䨻䨻䨻䨻䨻䨻䨻䨻䨻䨻䨻䨻䨻䨻䨻䨻䨻䨻䨻䨻䨻䨻䨻䨻䨻䨻䨻䨻䨻䨻䨻䨻䨻䨻䨻䨻䨻䨻䨻䨻䨻䨻䨻䨻䨻䨻䨻䨻䨻䨻䨻䨻䨻䨻䨻䨻䨻䨻䨻䨻䨻䨻,正在播放《牵丝线》双击屏幕可暂停━━━━━●───────3:26⇆ㅤㅤㅤ◁ㅤㅤ❚❚ㅤㅤ▷ㅤㅤㅤ↻,6031315685,0,2023-12-31 16:51:43
这是一个不一般d名字,8909314203,0,1,110000,110101,䨻䨻䨻䨻䨻䨻䨻䨻䨻䨻䨻䨻䨻䨻䨻䨻䨻䨻䨻䨻䨻䨻䨻䨻䨻䨻䨻䨻䨻䨻䨻䨻䨻䨻䨻䨻䨻䨻䨻䨻䨻䨻䨻䨻䨻䨻䨻䨻䨻䨻䨻䨻䨻䨻䨻䨻䨻䨻䨻䨻䨻䨻䨻䨻䨻䨻䨻䨻䨻䨻䨻䨻䨻䨻䨻䨻䨻䨻䨻䨻䨻䨻䨻䨻䨻䨻䨻䨻䨻䨻䨻䨻䨻䨻䨻䨻䨻䨻䨻䨻䨻䨻䨻䨻䨻䨻䨻䨻䨻䨻䨻䨻䨻䨻䨻䨻䨻䨻䨻䨻䨻䨻䨻䨻䨻䨻䨻䨻䨻䨻䨻䨻䨻䨻䨻䨻䨻䨻䨻䨻䨻䨻䨻䨻䨻䨻䨻䨻䨻䨻䨻䨻䨻䨻䨻䨻䨻䨻䨻䨻䨻䨻䨻䨻䨻䨻䨻䨻䨻䨻䨻䨻䨻䨻䨻䨻䨻䨻䨻䨻䨻䨻䨻䨻䨻䨻䨻䨻䨻䨻䨻䨻䨻䨻䨻䨻䨻䨻䨻䨻䨻䨻䨻䨻䨻䨻䨻䨻䨻䨻䨻䨻䨻䨻䨻䨻䨻䨻䨻䨻䨻䨻䨻䨻䨻䨻䨻䨻䨻䨻䨻䨻䨻䨻䨻䨻䨻䨻䨻䨻䨻䨻䨻䨻䨻䨻䨻䨻䨻䨻䨻䨻䨻䨻䨻䨻䨻䨻䨻䨻䨻䨻䨻䨻䨻䨻䨻䨻䨻䨻䨻䨻䨻䨻䨻䨻䨻䨻䨻䨻䨻䨻䨻䨻䨻䨻䨻䨻䨻䨻䨻䨻䨻䨻䨻䨻䨻䨻䨻䨻,Sz,6031316617,0,2023-12-31 16:51:21
这是一个不一般d名字,8909314203,0,1,110000,110101,䨻䨻䨻䨻䨻䨻䨻䨻䨻䨻䨻䨻䨻䨻䨻䨻䨻䨻䨻䨻䨻䨻䨻䨻䨻䨻䨻䨻䨻䨻䨻䨻䨻䨻䨻䨻䨻䨻䨻䨻䨻䨻䨻䨻䨻䨻䨻䨻䨻䨻䨻䨻䨻䨻䨻䨻䨻䨻䨻䨻䨻䨻䨻䨻䨻䨻䨻䨻䨻䨻䨻䨻䨻䨻䨻䨻䨻䨻䨻䨻䨻䨻䨻䨻䨻䨻䨻䨻䨻䨻䨻䨻䨻䨻䨻䨻䨻䨻䨻䨻䨻䨻䨻䨻䨻䨻䨻䨻䨻䨻䨻䨻䨻䨻䨻䨻䨻䨻䨻䨻䨻䨻䨻䨻䨻䨻䨻䨻䨻䨻䨻䨻䨻䨻䨻䨻䨻䨻䨻䨻䨻䨻䨻䨻䨻䨻䨻䨻䨻䨻䨻䨻䨻䨻䨻䨻䨻䨻䨻䨻䨻䨻䨻䨻䨻䨻䨻䨻䨻䨻䨻䨻䨻䨻䨻䨻䨻䨻䨻䨻䨻䨻䨻䨻䨻䨻䨻䨻䨻䨻䨻䨻䨻䨻䨻䨻䨻䨻䨻䨻䨻䨻䨻䨻䨻䨻䨻䨻䨻䨻䨻䨻䨻䨻䨻䨻䨻䨻䨻䨻䨻䨻䨻䨻䨻䨻䨻䨻䨻䨻䨻䨻䨻䨻䨻䨻䨻䨻䨻䨻䨻䨻䨻䨻䨻䨻䨻䨻䨻䨻䨻䨻䨻䨻䨻䨻䨻䨻䨻䨻䨻䨻䨻䨻䨻䨻䨻䨻䨻䨻䨻䨻䨻䨻䨻䨻䨻䨻䨻䨻䨻䨻䨻䨻䨻䨻䨻䨻䨻䨻䨻䨻䨻䨻䨻䨻䨻䨻䨻䨻,@不问别璃,6031314722,0,2023-12-31 16:50:53
这是一个不一般d名字,8909314203,0,1,110000,110101,䨻䨻䨻䨻䨻䨻䨻䨻䨻䨻䨻䨻䨻䨻䨻䨻䨻䨻䨻䨻䨻䨻䨻䨻䨻䨻䨻䨻䨻䨻䨻䨻䨻䨻䨻䨻䨻䨻䨻䨻䨻䨻䨻䨻䨻䨻䨻䨻䨻䨻䨻䨻䨻䨻䨻䨻䨻䨻䨻䨻䨻䨻䨻䨻䨻䨻䨻䨻䨻䨻䨻䨻䨻䨻䨻䨻䨻䨻䨻䨻䨻䨻䨻䨻䨻䨻䨻䨻䨻䨻䨻䨻䨻䨻䨻䨻䨻䨻䨻䨻䨻䨻䨻䨻䨻䨻䨻䨻䨻䨻䨻䨻䨻䨻䨻䨻䨻䨻䨻䨻䨻䨻䨻䨻䨻䨻䨻䨻䨻䨻䨻䨻䨻䨻䨻䨻䨻䨻䨻䨻䨻䨻䨻䨻䨻䨻䨻䨻䨻䨻䨻䨻䨻䨻䨻䨻䨻䨻䨻䨻䨻䨻䨻䨻䨻䨻䨻䨻䨻䨻䨻䨻䨻䨻䨻䨻䨻䨻䨻䨻䨻䨻䨻䨻䨻䨻䨻䨻䨻䨻䨻䨻䨻䨻䨻䨻䨻䨻䨻䨻䨻䨻䨻䨻䨻䨻䨻䨻䨻䨻䨻䨻䨻䨻䨻䨻䨻䨻䨻䨻䨻䨻䨻䨻䨻䨻䨻䨻䨻䨻䨻䨻䨻䨻䨻䨻䨻䨻䨻䨻䨻䨻䨻䨻䨻䨻䨻䨻䨻䨻䨻䨻䨻䨻䨻䨻䨻䨻䨻䨻䨻䨻䨻䨻䨻䨻䨻䨻䨻䨻䨻䨻䨻䨻䨻䨻䨻䨻䨻䨻䨻䨻䨻䨻䨻䨻䨻䨻䨻䨻䨻䨻䨻䨻䨻䨻䨻䨻䨻䨻,@不问别缡,6031318005,0,2023-12-31 16:50:04
这是一个不一般d名字,8909314203,0,1,110000,110101,䨻䨻䨻䨻䨻䨻䨻䨻䨻䨻䨻䨻䨻䨻䨻䨻䨻䨻䨻䨻䨻䨻䨻䨻䨻䨻䨻䨻䨻䨻䨻䨻䨻䨻䨻䨻䨻䨻䨻䨻䨻䨻䨻䨻䨻䨻䨻䨻䨻䨻䨻䨻䨻䨻䨻䨻䨻䨻䨻䨻䨻䨻䨻䨻䨻䨻䨻䨻䨻䨻䨻䨻䨻䨻䨻䨻䨻䨻䨻䨻䨻䨻䨻䨻䨻䨻䨻䨻䨻䨻䨻䨻䨻䨻䨻䨻䨻䨻䨻䨻䨻䨻䨻䨻䨻䨻䨻䨻䨻䨻䨻䨻䨻䨻䨻䨻䨻䨻䨻䨻䨻䨻䨻䨻䨻䨻䨻䨻䨻䨻䨻䨻䨻䨻䨻䨻䨻䨻䨻䨻䨻䨻䨻䨻䨻䨻䨻䨻䨻䨻䨻䨻䨻䨻䨻䨻䨻䨻䨻䨻䨻䨻䨻䨻䨻䨻䨻䨻䨻䨻䨻䨻䨻䨻䨻䨻䨻䨻䨻䨻䨻䨻䨻䨻䨻䨻䨻䨻䨻䨻䨻䨻䨻䨻䨻䨻䨻䨻䨻䨻䨻䨻䨻䨻䨻䨻䨻䨻䨻䨻䨻䨻䨻䨻䨻䨻䨻䨻䨻䨻䨻䨻䨻䨻䨻䨻䨻䨻䨻䨻䨻䨻䨻䨻䨻䨻䨻䨻䨻䨻䨻䨻䨻䨻䨻䨻䨻䨻䨻䨻䨻䨻䨻䨻䨻䨻䨻䨻䨻䨻䨻䨻䨻䨻䨻䨻䨻䨻䨻䨻䨻䨻䨻䨻䨻䨻䨻䨻䨻䨻䨻䨻䨻䨻䨻䨻䨻䨻䨻䨻䨻䨻䨻䨻䨻䨻䨻䨻䨻䨻,@不问别离,6031317215,0,2023-12-31 16:49:18
宝贝麻烦,1851284775,0,1,360000,360700,,2023.12.31 躺在床上准备入睡 突然哼起了这首歌的戏腔 又来听喽 原来已经过去这么久了啊,6031317841,2,2023-12-31 16:47:58
是超超子啊,1856142855,18,2,330000,331000,加油要记得开心我的女孩👧🏻,2023年12.31这今年的最后一天我忽然想起来了，并且立马来听，还去搜了封茗囧菌的歌[多多调皮],6031316813,0,2023-12-31 16:44:01
ityous,3224034396,0,2,0,100,我们应该好好的,你我天作之合，问世间哪有更完美,6031313301,0,2023-12-31 16:41:26
观青雪,8147542524,0,0,0,100,,何以歌,6031296207,0,2023-12-31 16:01:46
鼠灰色细条纹的麻制和服,1429505311,0,1,1000000,1010000,,2024了，祝能看到这条评论的人天天开心✧٩(ˊωˋ*)و✧,6031297799,3,2023-12-31 16:00:07
没人懂的浪漫,7990611509,0,2,120000,120101,Aimee,再见吧，2023[心心],6031216377,1,2023-12-31 13:08:27
盛故緣,5128819335,20,2,310000,310101,躲起来的星星也在努力发光，你也要努力加油,哥们儿加油啊,6031150029,0,2023-12-31 11:09:12
人间晚秋来,1309419378,20,2,350000,350100,任我游戏任我笑，任我琴狂剑也傲,恭喜！！,6031122170,0,2023-12-31 10:11:40
噢_花欲燃,545111770,23,2,330000,330100,陌上人如玉，公子世无双,恭喜恭喜,6031089362,0,2023-12-31 08:40:50
千阳一,543006318,0,1,0,100,,我计不成，乃天命也,6031055788,3,2023-12-31 04:06:29
好好张筅笙,2133574478,24,1,370000,370200,,火钳刘明,6031049445,0,2023-12-31 03:48:49
游觅于时空,1516634221,19,1,510000,510100,,2023年的年度歌单,6031043151,0,2023-12-31 03:03:48
美富江,1423194527,24,2,440000,440100,美丽可爱善良好运连连,明天就24年了我才听见这首歌 愿我可以得偿所愿 想要得到什么就会得到 好运幸福长相伴❤️,6031037712,0,2023-12-31 02:54:12
封心末情,3225004240,0,2,0,100,,我真的好怀念高中下课去食堂的路上，你告诉我你最喜欢听这首歌，从那以后这首歌也成了我最喜欢的歌，可是啊，现在你的已经不理我了，真的好想知道你现在过的好不好。。。,6030978481,0,2023-12-31 00:25:46
难言心绪,9048159940,0,0,0,100,,是啊,6030942561,0,2023-12-30 23:40:39
墨妈我爱你一万年,2063446059,0,0,440000,442000,喜欢天官赐福,开头像叶罗丽[惶恐],6030945749,0,2023-12-30 23:40:04
ntaer,3718567132,0,1,0,100,Yield to,骗子，各位请不要上当！！年底了请大家提高警惕,6030932489,0,2023-12-30 23:21:39
ntaer,3718567132,0,1,0,100,Yield to,骗子，各位请不要上当！！年底了请大家提高警惕,6030929658,0,2023-12-30 23:19:52
ntaer,3718567132,0,1,0,100,Yield to,骗子请勿相信,6030933798,0,2023-12-30 23:19:48
忧郁_MNmb,9049741116,0,0,0,100,,以前扬言爱可除万难 现在只想睡个好觉,6030915098,0,2023-12-30 22:48:46
忧郁_MNmb,9049741116,0,0,0,100,,上不完的课写不完的作业考不完的试 永远不变难吃的饭菜突如其来的情绪 总爱发呆总爱胡思乱想 有点不甘心 可好像只能这样.,6030912468,0,2023-12-30 22:48:39
忧郁_MNmb,9049741116,0,0,0,100,,破学校越待越委屈 就感觉好烦好委屈   背后的议论  难搞的人际关系,6030912456,0,2023-12-30 22:48:31
忧郁_MNmb,9049741116,0,0,0,100,,成绩下滑 考试不会 上课老走神 动不动就想别的 嘴是老是说下次好好学习 可还是一直在清醒的堕落着 怎么成为爸妈的骄傲.,6030913277,0,2023-12-30 22:48:27
忧郁_MNmb,9049741116,0,0,0,100,,山高路远 独善其身 看世界 爱自己我不见轻舟独跨万重山不需要有人为我撑伞 我的世界本就不下雨不想心事重重 只想开开心心何日方知我是我文案终究是文案 写不出我的情绪.,6030911481,0,2023-12-30 22:48:18
忧郁_MNmb,9049741116,0,0,0,100,,你只看见我的决绝 却看不见我泛红的双眼.,6030913226,0,2023-12-30 22:47:55
忧郁_MNmb,9049741116,0,0,0,100,,有缘人终成眷属无缘者终会吹散.,6030910656,0,2023-12-30 22:47:43
忧郁_MNmb,9049741116,0,0,0,100,,我不能阻止你喜欢别人 但你能不能慢一点忘记我.,6030911433,3,2023-12-30 22:47:39
忧郁_MNmb,9049741116,0,0,0,100,,可他们都说我眼睛好小 皮肤好黄 只有你傻傻的对着我笑说你真好看.,6030911426,0,2023-12-30 22:47:34
忧郁_MNmb,9049741116,0,0,0,100,,我们的关系就像雾模模糊糊一不小心就散了.,6030914943,4,2023-12-30 22:47:00
忧郁_MNmb,9049741116,0,0,0,100,,亲爱的公主 被爱的前提不是漂亮 是真诚.,6030912302,0,2023-12-30 22:46:51
忧郁_MNmb,9049741116,0,0,0,100,,蒲公英一吹就散 哪还有什么约定.,6030911352,0,2023-12-30 22:46:43
忧郁_MNmb,9049741116,0,0,0,100,,秋已至 天渐冷 注意保暖 按时吃饭 我在想你 希望你在风华正茂的年纪做最好的自己 永远开心 我不在的时候不要委屈了自己 要互相倾诉 互相温暖 不开心的时候要记得找我 我一直都在 电话永远打的通 永远不要用无所谓的语气跟我说你很好 你没事 我会给你最好的建议 你在我这里永远有台阶下 永远有最真诚的,6030913088,0,2023-12-30 22:46:35
忧郁_MNmb,9049741116,0,0,0,100,,我不能改变你 我能做的只有放弃你.感谢你的出现 过去的事就往事如烟.骰子的第七面 回到我们初遇的那天.谁都靠不住 擦干眼泪 还得自己走.我那么差劲你是不是后悔认识我.看清你的那刻 你就已经一文不值了.,6030912187,1,2023-12-30 22:45:41
春江花月夜_Relx,472275082,0,0,0,100,无人问津的角落我有自己的乌托邦。,灯火葳蕤 揉皱你眼眉，假如你舍一滴泪 假如老去我能陪，烟波里成灰 也去得完美。,6030903275,3,2023-12-30 22:29:30
南兮_Ve,8777493141,14,2,0,100,,正在播放《牵丝线》(手动狗头)双击屏幕可暂停━━━━━●───────3:26⇆ㅤㅤㅤ◁ㅤㅤ❚❚ㅤㅤ▷ㅤㅤㅤ↻,6030818969,3,2023-12-30 19:37:21
栈桥君,545700628,0,1,0,100,略略略,恭喜恭喜,6030795843,0,2023-12-30 18:42:54
王德法啊,315626783,25,1,230000,230200,,初恋爱听的歌 又过来听一遍,6030754006,2,2023-12-30 16:58:28
写不了离别章qwq,8185513673,0,0,1000000,100,,你没有手机的日子 你会喜欢上同校的男孩子 然后忘记我吗,6030733357,1,2023-12-30 16:14:59
写不了离别章qwq,8185513673,0,0,1000000,100,,你没有手机的日子 你会喜欢上同校的男孩子 然后忘记我吗,6030733309,1,2023-12-30 16:14:22
_宸涣_,1683874539,0,1,440000,442000,,恭喜,6030730700,0,2023-12-30 16:09:49
1网1抑1云1,8409645141,0,0,370000,371700,沙雕一个,就像Kinky2002,6030707086,1,2023-12-30 15:05:48
云村村民169115361710369,8753674648,0,0,0,100,,9,6030702775,0,2023-12-30 14:46:13
茶2013,1585136476,0,0,320000,320100,,阿姨长命百岁,6030689313,0,2023-12-30 14:23:29
帐号已注销,1342733697,无,无,无,无,无,今天的阳光很好，从床上抬眼望去，稀碎的阳光洗涤着常青树，弥漫到窗前曼青画的画上。啊，我想起来了，是波妞与宗介啊。“不可以放开我的手噢，要不然就打断”。曼青在画画时是怎样的心情呢，曼青离开我时又是怎样的心情呢。万语难尽涩于口，祈尔繁芜盛长春。,6030612960,2,2023-12-30 12:48:36
至今仍旧喜欢叫你小狗,1742874636,0,2,350000,350500,,有啊,6030546605,0,2023-12-30 10:27:20
爱莉希雅_yGrB,8694212386,0,2,410000,411300,EVA永远的神,恭喜,6030535474,0,2023-12-30 09:49:23
来哥不怕,284782013,0,1,320000,320900,,恭喜,6030360957,0,2023-12-29 22:22:08
754910,105475530,0,0,340000,340800,,好听,6030340239,1,2023-12-29 21:46:01
庚柒_MFTl,3349282429,18,1,410000,411400,,人生如戏,6030291422,0,2023-12-29 20:02:47
kinky2002,3966740148,0,0,440000,440100,,哎，人生就像……,6030273936,0,2023-12-29 19:12:14
利亚夫人,2085585069,11,2,340000,340100,额……说来话长,其实我觉得你应该知道吧！,6030270358,2,2023-12-29 19:07:29
你泽了,7960767712,0,0,0,100,别有你的冬天我照样能活,还有牵扯吗,6030270343,1,2023-12-29 19:07:12
1网1抑1云1,8409645141,0,0,370000,371700,沙雕一个,上上上,6030267570,0,2023-12-29 19:03:25
正版轲篱沐,1630242390,0,2,230000,230600,,恭喜！,6030211091,0,2023-12-29 16:20:24
匀隐-允影,8506994664,0,2,370000,370100,蓝青绾。“我在君处君在我，情无尽时尽无情”爱古典文学，爱宫崎骏，爱漫画，爱安徒生童话，爱荡秋千，爱山楂酱，爱一草一木，不养宠物。爱清水般淡而有味、醇厚隽永。爱舒展的纯音，爱诗情画意的歌词。（不赶流行，喜欢的大多数歌都小众甚至冷门）想作长情且衷情的少女，温柔优雅的公主殿下。,焰魔邀迎尘寰堕鬼挣落轮回 忘忧亦不归孤自朱血烈酒兑 倾杯玷雪溅五味饮鸩甘迷醉 心魂再无暌无关善恶，只是爱着，于是活着，你是我唯一的万不得已别无选择，纵饮鸩止渴你最是值得阿姐一唱三叹，婉转戏腔；银临脉脉忆诉，又因锦鲤抄一发不可收拾热爱古风；V大光怪陆离，又因梦倾天下为她而注册云村,6030196912,2,2023-12-29 15:32:44
累哭少年郎,8390699246,0,0,0,100,,周日 是跨年夜 也是新的开始 许个愿吧.,6030132066,3,2023-12-29 12:03:29
累哭少年郎,8390699246,0,0,0,100,,周日 是跨年夜 也是新的开始 许个愿吧.,6030131078,1,2023-12-29 12:03:18
玻璃窗破坏者,1814837347,2,1,320000,320100,自你而来的大西洋暖流，温暖了我整个冬天,太好了！恭喜恭喜,6029957161,1,2023-12-28 23:51:40
低幃暱枕_,127171401,0,2,210000,210600,江江夜夜_,听来听去还是古早古风歌好听…,6029953444,96,2023-12-28 23:46:48
路骑鲸,1759792543,18,2,620000,620100,愿你在冷铁卷刃前，得以窥见天光,🙋,6029924616,0,2023-12-28 23:13:14
1网1抑1云1,8409645141,0,0,370000,371700,沙雕一个,上去,6029888871,0,2023-12-28 22:02:02
1网1抑1云1,8409645141,0,0,370000,371700,沙雕一个,饮罢飞雪,6029881446,1,2023-12-28 21:56:36
1网1抑1云1,8409645141,0,0,370000,371700,沙雕一个,茫然又一岁,6029881437,0,2023-12-28 21:56:28
-风也-温柔_,121741485,25,1,440000,441500,音乐与浪漫，至死不渝,好久没听，今天一看破十万了，入坑曲之一[爱心],6029823466,1,2023-12-28 20:18:16
zzya_专注魚,8096755379,12,2,440000,440700,emo,这歌我从小时候就开始听了[流泪] 我从16年就开始听,6029793783,6,2023-12-28 19:27:49
蘑菇墨骨,7980619732,18,2,210000,211000,爱是蓝色的💙,恭喜恭喜，阿姨一定可以长命百岁滴,6029789833,1,2023-12-28 19:18:14
愿生命绽放再盛开,1454582818,0,2,150000,150600,暴风雨之夜,我和你 最天生一对,6029761381,1,2023-12-28 18:52:36
过失使我错过,2040091612,12,2,530000,530100,,我告诉你个事儿，这玩意儿写作业的时候听速度快。,6029743645,0,2023-12-28 18:50:40
冰幻影羽,3930436923,0,2,410000,410700,,好听,6029546537,0,2023-12-28 14:26:46
雨落倾城夏微凉9,1386215936,0,2,420000,420100,,银临唱的好听极了,6029328174,0,2023-12-27 23:39:23
与萧逸坠入爱河,375183819,0,0,0,100,踽踽独行,萍水相逢，有缘无份。,6029308114,2,2023-12-27 22:57:19
长的真的很一般,7917884469,0,0,370000,370100,,恭喜恭喜,6029292197,3,2023-12-27 22:30:28
物逝小飞,250422610,0,0,440000,440300,,当初收藏时才200+，心想没道理呀，半年后10w+了,6029289176,3,2023-12-27 22:23:00
乾长坤,6455009335,0,0,350000,350100,,时间过得真快,6029288975,1,2023-12-27 22:20:13
乾长坤,6455009335,0,0,350000,350100,,[多多耍酷],6029289868,0,2023-12-27 22:19:02
想想周冬雨该怎么办,3723987006,0,2,0,100,,你怎么天天生日？,6029244209,0,2023-12-27 20:50:42
乾爻上九,1434771706,0,1,510000,510100,游侠仗剑行天下,满腔怨化却一句善语,6029237505,1,2023-12-27 20:39:02
乾爻上九,1434771706,0,1,510000,510100,游侠仗剑行天下,梦想成真,6029236674,0,2023-12-27 20:34:17
乾爻上九,1434771706,0,1,510000,510100,游侠仗剑行天下,求而不得太苦太累,6029230139,0,2023-12-27 20:23:32
乾爻上九,1434771706,0,1,510000,510100,游侠仗剑行天下,大概是阿娇还以为刘彻是当初那个刘彻吧,6029228859,0,2023-12-27 20:13:33
乾爻上九,1434771706,0,1,510000,510100,游侠仗剑行天下,什么传奇故事,6029218609,0,2023-12-27 20:08:58
乾爻上九,1434771706,0,1,510000,510100,游侠仗剑行天下,强,6029217678,0,2023-12-27 20:06:37
小轩困惹,3584226040,19,2,410000,411300,如果你很累 那我独行˗ˋˏᰔᩚˎˊ˗,是谁马上2024年了还在听牵丝戏,6029211490,5,2023-12-27 19:50:19
告白山心,3870826242,25,1,1000000,1006100,信仰+努力+坚持=想要的这一份信仰是永远的❤️,在西安古风的城市里面，慢慢聆听，用心去感受，诗情画意，琴声连绵～,6029213919,2,2023-12-27 19:47:51
小提琴明朗泽西舞曲,9041308464,0,0,0,100,,有[可爱],6029170393,0,2023-12-27 18:26:11
天才玩家丨M,257008449,30,1,320000,320500,,恭喜,6029069715,0,2023-12-27 16:24:52
J-XxuAnnn,1634738294,0,0,710000,710300,,真好 阿姨健康平安,6029062066,0,2023-12-27 16:04:35
小呆不会emo_Rdoc,9036155509,0,0,0,100,,亚当没有输只是输在了凡人之躯,6028985143,0,2023-12-27 15:09:00
小呆不会emo_Rdoc,9036155509,0,0,150000,150700,,亚当没有输只是输在了凡人之躯,6028985111,0,2023-12-27 15:08:01
王不留行_葛上亭长,3918711391,0,2,0,100,醉卧沙场君莫笑，古来征战几人回 。,有哒！！！,6028939861,0,2023-12-27 13:34:15
王不留行_葛上亭长,3918711391,0,2,0,100,醉卧沙场君莫笑，古来征战几人回 。,恭喜🎉,6028937609,0,2023-12-27 13:33:47
二号胖胖,1377325781,0,1,370000,371300,动念无念，用心无心。,大多数都是不甘平凡和枯燥无味柴米油盐的生活,6028893015,0,2023-12-27 10:55:42
lIlIlIlIllIlIlIlIlIlIlIlI,81776628,4,2,1000000,1002700,还是一团乱麻,记得那年这歌才999,6028793187,1,2023-12-27 01:24:20
波光粼粼_kurz,1761047738,17,2,440000,441300,什么什么什么,八年了啊,6028753641,0,2023-12-27 00:15:53
画一只橡皮,426960980,20,1,150000,150500,光辉又沉默,恭喜,6028701051,0,2023-12-26 22:52:37
愿古不为风,97130304,29,2,210000,210200,,从46秒到1分08在伴奏里循环的像铃铛一样的乐器是什么呀？,6028694592,0,2023-12-26 22:47:15
凉城_1aJC,4011897638,0,1,130000,131100,落日未解孤城意，旧梦散尽烟雨中,“其实我很早就知道我们不合适。但是我还是尝试着抓住这种可能，陪你走了一段没有结果的路 虽然时间不长 但毕生难忘。留住你和放过你 我都做不到。就像我坐在湖边 以为是海边.我吹着湖边的风 以为吹着的是海风.但湖是湖 海是海. ”,6028642927,2,2023-12-26 21:25:28
敗苳,3263779226,0,2,410000,411700,回想曾经执着的 也不过如此风轻云淡.,w 从相遇到相爱已经很不容易 只希望以后都是你,6028628757,0,2023-12-26 21:03:04
難掩花海的迷雾,8433723070,0,2,0,100,,加一,6028596121,0,2023-12-26 20:23:27
诗酒趁年华wr,3717725768,20,2,370000,370100,古风，纯音乐，流行,大家元旦快乐！,6028588909,3,2023-12-26 20:13:55
诗酒趁年华wr,3717725768,20,2,370000,370100,古风，纯音乐，流行,有，这可是我的古风启蒙歌！初听是初二现在大一了😍😍,6028585088,0,2023-12-26 20:12:43
sellersss,1344472799,20,1,530000,530300,这个人真的简直就是完全酷爆了,“我和你最天生一对”,6028533953,1,2023-12-26 19:18:40
Siri_EkRg,5117000855,13,1,420000,420500,,恭喜,6028249946,0,2023-12-26 13:47:38
轩源l,8577929649,18,0,460000,460100,黑夜无论怎样悠长  白昼总会到来,霞，你也会怪我吧，恨我当初不顾一切的抛弃你，恨我那么快就爱上别人，恨我吧，跟你做的时候还让你对象听声音，怪我吧，霞现在已经过去了896天了，你过的怎么样了。,6028189130,1,2023-12-26 10:42:17
心醉不在酒,1320752432,0,0,0,100,希望我们的未来 ，所有的一切都是如愿以偿 ，突如其来的都能兵来将挡。好好照顾自己，就像我们爱你,我改动一下     “其实我很早就知道我们不合适。但是我还是拒绝了所有人独自走了一段没有你的路 不论时间长短值得便好。留住你和放过你 我都做不到。就像我坐在湖边 以为是海边.我吹着湖边的风 以为吹着的是海风.但湖是湖 海是海. ”,6028176263,0,2023-12-26 10:01:23
SilentSax,269077225,0,0,350000,350100,,好听！,6028161493,1,2023-12-26 09:06:21
小周困困,453245394,21,1,340000,341000,,炸裂,6028121139,0,2023-12-26 03:59:45
失眠的丑八怪,5063303987,18,2,0,100,日出东方落日西，我爱你有始无终,一如既往的好听,6028085404,1,2023-12-26 01:07:08
郾鸎,330725207,22,2,320000,320600,,又是一年啊,6028009670,0,2023-12-25 22:58:56
爆米花TNT_rdsnt7,8091852398,17,2,230000,230900,,恭喜恭喜,6027987486,1,2023-12-25 22:22:06
琚霖,455132625,0,1,0,100,你说，爱一个人十年是什么样子的，我已经分不清了,高中时听的,6027959705,1,2023-12-25 21:36:26
1网1抑1云1,8409645141,0,0,370000,371700,沙雕一个,尊敬的乘客，您好！本次T-2023班次列车即将进站，请在下车时，带好自己的随身物品，注意脚下安全。在2024-1-1号站台换乘下一趟T-2024班次列车。我们永远不会知道哪次不经意的说了再见，就真的不会再见了。最后，我们衷心感谢您坚持乘完了本班T-2023特快列车。,6027958446,53,2023-12-25 21:28:47
用户6364222981,6364222981,0,0,1000000,100,,恭喜[多多大笑][多多调皮],6027876641,0,2023-12-25 18:47:17
倾尽天下亅,393921002,25,1,610000,611000,血染江山的画，怎敌你眉间一点朱砂。,[亲亲],6027784530,1,2023-12-25 14:46:46
桦树林子_Ab20,1761538349,0,2,530000,530100,,早年的古风圈那是百花齐放，现在的古风圈各种网红，各种浮夸造型,6027764546,1,2023-12-25 13:50:34
满大街的找,1441103275,16,1,710000,711700,天道有轮回，苍天绕过谁。,忘记过去是为了新的开始,6027720930,0,2023-12-25 11:36:30
残昼黄昏,441335950,0,1,650000,650100,,经典就是经典（来着迪化的肯定）,6027713708,1,2023-12-25 11:29:04
默逝静殇,1537897485,0,1,350000,350100,,和89757有异曲同工之妙，谁不渴望绝对忠贞的感情，若非习惯或恐惧于背叛，谁又会寄情于木偶和机械呢,6027646467,1,2023-12-25 08:02:04
盛夏的风追星光,8629191789,0,0,0,100,,替我好好活着啊，在我的世界里，只属于我的世界,6027397953,2,2023-12-24 23:09:59
Xdddrr,2025665040,0,0,0,100,,2023.12.24豆到此一游 想不到过了这么多年还在听牵丝戏啊哈哈哈 “当时只道是寻常” 想不到是小学听的它们都是古风的巅峰了🥹,6027378507,3,2023-12-24 22:50:57
Kontal-kontil_yikes,107130790,0,2,110000,110101,,恭喜恭喜！,6027372164,0,2023-12-24 22:40:07
爱吃榴莲的kiki,1407078101,22,2,440000,441800,,有,6027362761,0,2023-12-24 22:22:30
i社会你守哥i,8835819462,0,0,0,100,,恭喜,6027338725,1,2023-12-24 21:55:53
这是一个不一般d名字,8909314203,0,1,110000,110101,䨻䨻䨻䨻䨻䨻䨻䨻䨻䨻䨻䨻䨻䨻䨻䨻䨻䨻䨻䨻䨻䨻䨻䨻䨻䨻䨻䨻䨻䨻䨻䨻䨻䨻䨻䨻䨻䨻䨻䨻䨻䨻䨻䨻䨻䨻䨻䨻䨻䨻䨻䨻䨻䨻䨻䨻䨻䨻䨻䨻䨻䨻䨻䨻䨻䨻䨻䨻䨻䨻䨻䨻䨻䨻䨻䨻䨻䨻䨻䨻䨻䨻䨻䨻䨻䨻䨻䨻䨻䨻䨻䨻䨻䨻䨻䨻䨻䨻䨻䨻䨻䨻䨻䨻䨻䨻䨻䨻䨻䨻䨻䨻䨻䨻䨻䨻䨻䨻䨻䨻䨻䨻䨻䨻䨻䨻䨻䨻䨻䨻䨻䨻䨻䨻䨻䨻䨻䨻䨻䨻䨻䨻䨻䨻䨻䨻䨻䨻䨻䨻䨻䨻䨻䨻䨻䨻䨻䨻䨻䨻䨻䨻䨻䨻䨻䨻䨻䨻䨻䨻䨻䨻䨻䨻䨻䨻䨻䨻䨻䨻䨻䨻䨻䨻䨻䨻䨻䨻䨻䨻䨻䨻䨻䨻䨻䨻䨻䨻䨻䨻䨻䨻䨻䨻䨻䨻䨻䨻䨻䨻䨻䨻䨻䨻䨻䨻䨻䨻䨻䨻䨻䨻䨻䨻䨻䨻䨻䨻䨻䨻䨻䨻䨻䨻䨻䨻䨻䨻䨻䨻䨻䨻䨻䨻䨻䨻䨻䨻䨻䨻䨻䨻䨻䨻䨻䨻䨻䨻䨻䨻䨻䨻䨻䨻䨻䨻䨻䨻䨻䨻䨻䨻䨻䨻䨻䨻䨻䨻䨻䨻䨻䨻䨻䨻䨻䨻䨻䨻䨻䨻䨻䨻䨻䨻䨻䨻䨻䨻䨻䨻,哪个一中,6027300269,0,2023-12-24 20:57:36
诗中写诀别,8727082612,0,2,370000,370400,想你的夜,L你难道没有想过我嘛,6027294664,1,2023-12-24 20:52:10
云村村民167888941777466,8452664133,0,0,0,100,,6666666666,6027249551,0,2023-12-24 19:42:12
带土_iOSr,4874309444,0,2,0,100,,发冬己,6027216425,2,2023-12-24 18:26:44
盛故緣,5128819335,20,2,310000,310101,躲起来的星星也在努力发光，你也要努力加油,啊 努力没白费 上岸一中啦[大笑][大笑][大笑],6027200744,2,2023-12-24 17:38:27
losezzz_,4019434146,0,1,120000,120101,早岁已知世事艰 仍许飞鸿荡云间,仙路尽头谁为峰 一见无始道成空,6027192533,4,2023-12-24 17:27:58
多年以后还想和你,3255782368,0,0,0,100,,快24年了真的抗打啊！！,6027178000,11,2023-12-24 16:45:34
淮风知南景,280414971,17,2,610000,610700,风华是一指流沙，苍老是一段年华 。,还有的,6027169322,0,2023-12-24 16:29:40
情话__9B,8420935786,0,0,350000,350100,。。,“爱妃，朕不管你是什么变的，朕只钟意你一人”,6027083940,0,2023-12-24 13:21:28
再见见_贱,68558320,35,1,320000,320200,In the end you well see who's fake， who's true and who would risk it all just for you.,9年了。。。,6027051690,0,2023-12-24 12:13:38
童趣依旧,552310187,0,1,0,100,夏夜虚闲，高卧北窗之下，清风飒至，自谓羲皇上人,人间别久不成悲,6027048886,2,2023-12-24 11:57:48
刨坟是我儿子,3856230167,15,1,410000,411400,,挥刀砍向梨花树，拔去心中栀子花，忘却栀子花，砍向梨花树,6027040599,4,2023-12-24 11:46:35
云村村民168680225149179,8621010666,0,0,0,100,,不是百合是男同明朝的戏子都是男的女的难登大雅之堂,6027021539,0,2023-12-24 11:01:11
Elysia_lover,3290841849,18,2,410000,410100,,恭喜,6027004900,0,2023-12-24 10:15:27
小颖金榜题名,8672697878,0,2,420000,420300,你也可以抱紧小颖颖嘛,哇去 一样啊 这个歌老早就收藏了  现在我也准备唱这歌,6027000764,1,2023-12-24 10:04:52
机动核心-观象台,8731892161,16,1,440000,440100,,文艺晚会挑了这首歌唱！,6026847880,2,2023-12-24 01:15:50
末路天堂2102,4906205000,0,1,440000,441900,,恭喜，阿姨现在很好了吧。健康安好。,6026749709,1,2023-12-23 22:46:45
Deadly_Smile,5034436674,0,1,310000,310101,此生不悔入华夏！ 外婆外公爸爸妈妈长命百岁身体、心理健康快快乐乐顺顺利利。（不想长大版）,恭喜恭喜🎉🎉🎉,6026726235,1,2023-12-23 22:03:12
游侠终归小楼,5037540387,0,0,430000,430500,,有必要这么大戾气吗？[大笑]好像我也没说什么过分的话吧？,6026721921,0,2023-12-23 21:52:37
冰蝶舞妃,8578934442,0,0,0,100,我想念那个不下雪的冬天,“阿姐，门口的那些恶人要怎么处置？”,6026702710,2,2023-12-23 21:25:34
次境震荡,7915093085,19,1,420000,421100,,魑魅魍魉,6026697926,2,2023-12-23 21:10:36
astronomer冬眠,8535942442,16,2,0,100,,好多都是我喜欢听的！！！[可爱],6026694907,0,2023-12-23 21:04:07
明日泉L,3808752164,0,2,0,100,当爱开始 离开就在倒计时,日子好像回到像以前那样 平静 但从此心里 又多了一条疤,6026685170,4,2023-12-23 20:45:49
雨后好个秋,1432338027,0,1,130000,130100,,有,6026660210,1,2023-12-23 19:53:22
xsearch-,5129406766,0,2,150000,150100,,祝好  祝安,6026652531,1,2023-12-23 19:40:37
L_unCH,605309874,0,1,350000,350300,吹灭读书灯，一身都是月,很棒呀，恭喜你！！！,6026614592,1,2023-12-23 18:12:14
忆海浮光,8724451937,0,2,0,100,,牵丝戏，演绎民生百态，浮生皆入此戏曲间，木偶化成灰烬，代表生命离去，可熏香袅袅葳蕤,6026612241,1,2023-12-23 17:58:11
落叶依溪,8056493950,0,0,0,100,,可喜可贺啊,6026597417,2,2023-12-23 17:27:02
林厌_yR7p,9023455509,0,0,0,100,,艾特出你的名字问她/他幸福吗,6026597030,2,2023-12-23 17:20:36
_空月Elimek,1883364779,0,2,410000,410300,,恭喜！！,6026524324,1,2023-12-23 14:13:39
鹰角博士涛,7985409124,0,0,1000000,100,,好听，可今夕是何年,6026497018,0,2023-12-23 12:57:03
Sleep李李,57234787,30,2,410000,411500,一加一等于爱,恭喜,6026407384,1,2023-12-23 08:29:14
该去晒晒太阳了啦,1531702871,0,0,0,100,我言秋日胜春朝,2024年要到啦，你还会记得我吗，你对我的好是我当时没懂，触犯了你让你不开心所以才会离开我的吧，偷偷来找我却没见一面，有点遗憾吧阿南，我怀念你在我身边的那三个月，已经过去743天了，你好讨厌，莫名其妙疏远我，身体不好照顾好自己吧。江听南。,6026394086,43,2023-12-23 06:57:02
爱上猫的L,4026076231,0,0,370000,370600,,18年听到现在，还是听不腻,6026380696,2,2023-12-23 04:38:23
爱上猫的L,4026076231,0,0,370000,370600,,18年,6026381946,0,2023-12-23 04:38:00
阿飞_FIpZ,8900415501,0,0,1000000,100,,你的声音很好听,6026373031,0,2023-12-23 03:15:02
春风再美也不及,471985215,0,1,0,100,没有完美的人，也没有完美的生活,跟同有啥关系[汗][汗],6026299623,0,2023-12-23 00:03:44
乾长坤,6455009335,0,0,350000,350100,,12.22了,6026273926,2,2023-12-22 23:15:54
刘奕奕奕奕奕奕奕,3988665420,0,1,130000,131100,,恭喜恭喜 平安永存,6026240709,2,2023-12-22 22:24:25
7YV21,6428332057,14,2,350000,350700,心比天高,陪我入睡的只有音乐 再也没有你的晚安,6026213700,14,2023-12-22 21:37:15
7YV21,6428332057,14,2,350000,350700,心比天高,思念到达顶峰的那一刻 眼泪怎么也止不住,6026216108,4,2023-12-22 21:36:32
7YV21,6428332057,14,2,350000,350700,心比天高,思念有个别名 叫自捅千刀,6026214444,4,2023-12-22 21:36:11
7YV21,6428332057,14,2,350000,350700,心比天高,眼泪止不住的时候 要是能抱到你就好了,6026213584,4,2023-12-22 21:35:55
kinky2002,3966740148,0,0,440000,440100,,祝阿姨以后都平安健康,6026214177,0,2023-12-22 21:33:10
kinky2002,3966740148,0,0,440000,440100,,恭喜恭喜恭喜恭喜恭喜恭喜恭喜恭喜恭喜恭喜恭喜恭喜恭喜恭喜恭喜恭喜恭喜恭喜恭喜恭喜恭喜恭喜恭喜恭喜恭喜🎉🎉🎉,6026211459,0,2023-12-22 21:32:47
冷月残红,1861021536,12,2,620000,620100,光影浮沉，不变的，只有落霞（12岁）,嗯,6026167516,0,2023-12-22 20:00:32
药匙钥匙,7807553964,15,1,620000,620100,,十二月二十二，冬至，牵丝戏,6026111501,27,2023-12-22 18:00:29
亦幽亦幽,1509379000,33,1,1000000,1010000,Leave me alone.,就这样吧，6666赞，就不多点了，恭喜恭喜🎉,6026040057,0,2023-12-22 14:39:29
蕾蒂馨馨,272982437,0,2,210000,210100,,听田嘉瑞唱歌来的,6025919759,4,2023-12-22 07:51:59
DiorSir贵公子i,266063517,24,1,310000,310101,绝望着也渴望着，也哭也笑平凡着～可联系vx cc15e10,这首歌好美,6025896044,2,2023-12-22 04:37:56
l陆伯言l,505286227,21,1,440000,440600,,该睡了,6025895020,2,2023-12-22 04:25:27
Mr白洛宸,1749324151,19,1,350000,350200,Thorns,八年前了,6025879319,1,2023-12-22 02:27:48
糖醋里脊喔,535809690,21,1,360000,360900,人间枝头 各自乘流.,没了心才好相配。[多多瞌睡],6025877379,2,2023-12-22 02:26:19
君戏丶神晟,494538508,21,1,510000,511800,,你带我听的第一首古风歌曲唉,6025867617,3,2023-12-22 01:50:19
迟寒又寒,1839042406,0,2,430000,430100,,太棒啦，阿姨的福气在后头呢,6025861967,0,2023-12-22 01:22:27
给回忆加糖-,1544700934,0,2,210000,210400,,恭喜呀！,6025794406,0,2023-12-21 23:40:19
七月娜场雨,307354439,26,1,620000,620100,,几年前我的年度歌单古风能占大半，这两年几乎全是rap,6025784519,0,2023-12-21 23:22:49
Puppet_mcKw,8509608566,14,2,370000,370700,你错过了落日余晖，但你却可以期待繁星满天。,我们在人声鼎沸中，把晦涩的爱意说道最尽兴,6025762633,3,2023-12-21 22:47:49
Puppet_mcKw,8509608566,14,2,370000,370700,你错过了落日余晖，但你却可以期待繁星满天。,身边的人换了又换，我的破思绪理了又乱。🪖,6025762569,3,2023-12-21 22:47:01
一点都不lss,607213363,0,0,0,100,生活复杂，难以豁达,穿越时空思念你,6025725807,2,2023-12-21 21:27:45
丞哥-抱,555208054,19,2,320000,320100,,恭喜,6025716554,0,2023-12-21 21:17:28
奶酪吃电耗子,8875954922,7,0,0,100,,最之外病情加重了…,6025718020,0,2023-12-21 21:13:10
奶酪吃电耗子,8875954922,7,0,0,100,,不要像我得白血病身上都是针,6025715283,0,2023-12-21 21:12:22
Amo-清欢,511930956,22,1,130000,130400,那就让我们在顶峰相遇,又来了,6025703469,2,2023-12-21 20:50:31
差点是美女2212,8172143834,0,2,0,100,,一首好听的歌   评论更有意思  哈哈,6025693789,0,2023-12-21 20:20:35
MyGpt,8799465582,53,1,130000,130600,,先帝创业未半而中道崩殂，今天下三分，益州疲弊，此诚危急存亡之秋也。然侍卫之臣不懈于内，忠志之士忘身于外者，盖追先帝之殊遇，欲报之于陛下也。诚宜开张圣听，以光先帝遗德，恢弘志士之气，不宜妄自菲薄，引喻失义，以塞忠谏之路也。宫中府中，俱为一体，陟罚臧否，不宜异同。若有作奸犯科及为忠善,6025665510,3,2023-12-21 19:22:38
MyGpt,8799465582,53,1,130000,130600,,一首歌下来就写完了一张语文卷子,6025665816,3,2023-12-21 19:20:03
樱花在下落,454332262,0,0,1000000,1001300,以前开始就好像一直不开心。,第一次听是小学的时候。,6025614502,2,2023-12-21 17:02:22
困局ia,8984839338,0,0,0,100,,她好好爱你的时候 你作践她的爱 她要放弃你的时候 你告诉她你想她 后来的她痛不欲生,6025533494,2,2023-12-21 12:39:06
介人skr狼灭,1546119465,34,1,350000,350100,,🥱,6025510929,0,2023-12-21 11:26:48
粗陶浅盏,109523948,0,0,0,100,,今天有个人和我说，这是一个爱情故事，我才从另一个视角看到爱情。我一直认为这是一个讲述追求梦想，最终放弃梦想，又不舍梦想，最终抱着梦想一起毁灭的故事。每个人，都有自己的视角。,6025477677,4,2023-12-21 09:47:38
困局ia,8984839338,0,0,0,100,,每天给你发信息你总是很久才回 甚至不回其实我都明白我对不喜欢的人也是这样的,6025402635,2,2023-12-21 01:45:41
君心有所念,2098152470,18,1,1000000,1004600,噜啦啦,见过陪葬吗，我小时候见过[呆]那俩小孩哭的哇哇的,6025256894,0,2023-12-20 21:53:07
十九笔_,1935099081,23,2,0,100,我会为了一个人一直一个人,有人精明到权衡利弊放弃你 但也有人笨到擦干眼泪也要继续爱你,6025240734,5,2023-12-20 21:22:21
小李超级棒棒棒,551098354,0,2,140000,140900,,不是所有的事情做了就会有结果，但还是要做不是嘛,6025204424,2,2023-12-20 20:18:59
桑稚zZZZZZ,3314930939,0,2,520000,520300,,噢噢原来如些,6025195316,0,2023-12-20 19:56:32
七七付柒柒,3361982681,33,2,530000,530100,,时隔三年年再听已是不一样的味道了，以前只觉得好听，现在是感伤,6025162068,2,2023-12-20 18:43:03
死生亦大矣_,1864502800,0,0,0,100,HAAN,是八年，我第一次听的时候距离现在六年了而已[多多大笑],6025154059,0,2023-12-20 18:16:46
死生亦大矣_,1864502800,0,0,0,100,HAAN,我说的是我知道这首歌啦,6025151253,0,2023-12-20 18:16:09
07070洞拐洞拐洞,427079556,3,1,410000,410300,一个人,情只一字，可“情”含万千，悲剧的爱情并不能妨碍我们继续去爱那些爱我们和我们愿意去爱的人并不能妨碍我们去更多的地方，去享受生活，去遇到那些本应在我们生命中出现仍未出现的陌生人,6025050067,0,2023-12-20 14:03:22
请我叫王大人,418699295,0,1,0,100,不曾永远，只剩离别,前奏是致敬传奇那首歌吧,6024852075,0,2023-12-20 02:36:20
何以抵缘浅,547001014,21,1,0,100,也，没什么好奇怪的。,对不起啦，当我又经历了一段感情我反而不是感到惋惜，在又一次听到这首歌的时候，我感觉到了深深的愧疚，我没有做到应该做的，我以为真心可以换来真心，这个答案貌似是错误的。今天突然很想念你。就这样也蛮好，在此感谢是你成为我心中最重要的月光，祝诸事顺利，哪怕你再不想见到我，我也很感谢你~,6024828951,2,2023-12-20 01:02:13
狐秀,1660511659,0,2,0,100,我在盛夏的黄昏中奔跑，耳边的风告诉我，无需害怕前进的路。,我们国风圈也要有自己的三字经（bushi）,6024813317,18,2023-12-20 00:35:19
絪君子,3329894496,0,1,0,100,原始人，起洞！,快要九年咯,6024768920,2,2023-12-19 23:08:05
陈香米醋,562415075,22,2,370000,370200,A deserted port is always full of flowers.,还得是古早古风圈啊,6024756753,3,2023-12-19 22:41:34
热巴_9668,8532562898,0,1,0,100,,这个让作业速度写的快,6024741336,2,2023-12-19 22:19:20
热巴_9668,8532562898,0,1,0,100,,当然有,6024743915,1,2023-12-19 22:19:01
憨批南乡子,4909879854,0,2,140000,140200,,第一次听还在上小学啊,6024742995,7,2023-12-19 22:18:35
Azoh13,125070389,22,1,510000,511000,耳机重度爱好者,一开始没看到那个疯字哈哈哈,6024739079,1,2023-12-19 22:09:36
xxxp__ZvIU,508362263,0,1,340000,341100,,这是以前高中的时候她喜欢的歌，然后我也就跟着一起听了,6024701097,3,2023-12-19 20:55:07
xxxp__ZvIU,508362263,0,1,340000,341100,,好巧，我喜欢一个女生八年了[哀伤],6024699039,3,2023-12-19 20:53:42
羽然道尊,3283662630,0,0,220000,220100,,有的,6024694606,2,2023-12-19 20:48:23
所有的深情最后都成为了狗屁,3695533798,16,1,220000,220300,,我随风暴而来……,6024640435,1,2023-12-19 19:25:31
90後途迷茫,549256174,0,1,130000,130100,,加油,6024472877,0,2023-12-19 15:50:23
风挽_Rldh,3857363890,0,2,450000,451000,,恭喜,6024454352,0,2023-12-19 15:00:57
金夜月微凉,346779019,0,0,130000,130100,,反思一下为什么才十万评论呢[鬼脸],6024452358,1,2023-12-19 14:53:32
思念留在那天,2131931076,0,0,0,100,与君同舟渡 达岸各自归.,我和你 最天生一对,6024326026,4,2023-12-19 05:30:50
棠花吹雪,532109807,0,0,610000,610100,,又梦到你了，临姐。最近基本隔上一天都能梦到你，又梦到和你见面了。,6024287657,4,2023-12-19 01:54:46
琦公子大概是个美男子,272518750,29,1,510000,510100,讲不出再见,林正英上你身了,6024254136,1,2023-12-19 00:22:16
叫我米花花,1316712358,18,1,610000,610100,,八年了，都变了，一切都变了,6024244209,11,2023-12-19 00:10:26
叫我米花花,1316712358,18,1,610000,610100,,他说的是古疯哈哈哈哈哈哈,6024243521,1,2023-12-19 00:09:44
叫我米花花,1316712358,18,1,610000,610100,,所以他说的是古疯哈哈哈哈哈,6024244090,2,2023-12-19 00:09:32
小宸_baca,3877749211,23,2,420000,420100,一个可爱的宠物狂，弹古筝，画画恋爱脑,又是一个湖北滴呢！[珍宝],6024184074,0,2023-12-18 22:31:22
Windtraveler,8704450875,14,1,410000,410900,(／_＼)大怨种,不知道，为什么，这首歌的声线给我一种既美好又悲壮的感觉[色],6024161536,1,2023-12-18 21:50:03
清风影a,616541356,0,1,340000,340300,,余少能视鬼，尝于雪夜野寺逢一提傀儡翁，鹤发褴褛，唯持一木偶制作极精，宛如娇女，绘珠泪盈睫，惹人见怜。时云彤雪狂，二人比肩向火， 翁自述曰：少时好观牵丝戏， 耽于盘铃傀儡之技， 既年长， 其志愈坚， 遂以此为业， 以物象人自得其乐。奈何漂泊终生， 居无所行无侣，所伴唯一傀儡木偶。,6024148562,4,2023-12-18 21:25:53
我是傻子_X6qx,8832997976,0,0,0,100,,有,6024135380,1,2023-12-18 21:00:49
千思百叶,2032043087,18,1,420000,420100,,哥们儿初中听这歌就直接不想作业[多多比耶],6024134225,1,2023-12-18 20:58:35
千思百叶,2032043087,18,1,420000,420100,,初听还是初一，再听已是大一。,6024135982,5,2023-12-18 20:57:36
-刃g,1608045883,0,1,410000,411200,,一直喜欢听，再过数十年我依然爱听,6024127022,1,2023-12-18 20:40:44
缚邪,1787400048,0,0,410000,411500,,故事在哪,6024120713,0,2023-12-18 20:36:22
曼曼zmw,8657384270,0,0,0,100,,家人们考四级这音乐试音，谁懂啊,6024118524,3,2023-12-18 20:34:05
破绽琪宝,3329348915,0,2,0,100,彼方尚有荣光在,听这首歌，听起来写作业会快很多[呆][呆],6024101132,1,2023-12-18 19:54:21
阙出影随,104872235,0,0,0,100,寻欢又寻欢,爷青回,6024087225,1,2023-12-18 19:34:46
秋透,1545559281,0,0,0,100,一起去看日出吧,而且听古风歌写字还会变好看[惊恐],6024024670,0,2023-12-18 17:05:27
好运伴贾,37286782,0,1,1000000,1003300,是个狗,24你妈妈,6024012123,0,2023-12-18 16:17:40
昏头崽梧桐,446345324,0,1,340000,340800,,有,6023977993,1,2023-12-18 14:17:01
Spike-thecreator,3952265763,0,0,0,100,这个人太丰富，无法简介,想去看银临 想去看看我的青春,6023976994,2,2023-12-18 14:13:03
戮惰,3862264432,16,0,370000,371400,·,并凑的文字,6023950676,0,2023-12-18 12:59:51
云村村民166850907564899,8123735899,0,0,0,100,,24年了呢我还在听这歌,6023868296,0,2023-12-18 07:05:53
酷狗友友,1816576633,0,1,1000000,1010000,,666,6023860702,0,2023-12-18 05:58:57
快用小葵花口服液,1798993126,20,1,130000,130500,喜欢还是喜欢  顾虑依然顾虑,[多多可怜][多多可怜][多多可怜],6023791953,0,2023-12-18 00:19:29
cheny_DjtU,3977574511,0,0,0,100,,明明很久很久没有再想起你了，一听到这首歌时还是忍不住心痛,6023749137,1,2023-12-17 23:21:42
阿瓷_vdRJ,8648829762,17,2,0,100,跟隨感覺 生生不息,不知道为什么，一听到这首歌心里总是很悲伤,6023709685,8,2023-12-17 22:11:36
人间理想是干饭,6277795466,16,2,440000,441300,,有！！,6023655074,2,2023-12-17 20:06:25
程yy-bo,8941575430,0,0,0,100,,有,6023597703,1,2023-12-17 17:48:58
我只会LOVE你,6271091843,0,0,350000,350700,,可我爷爷却死在癌症手中[痛苦],6023594730,3,2023-12-17 17:39:00
鸭鸭鸭鸭子呀,1446123737,0,1,410000,411000,,[多多大笑],6023594348,1,2023-12-17 17:32:42
马尔扎哈-,1795341094,21,1,130000,130100,only,在困难下徘徊，困难永远是绝壁，遇到绝壁努力越过，于是绝壁就变成了桥。,6023591412,1,2023-12-17 17:28:43
上帝之手190915,1980712554,0,1,230000,230600,,你们有几个是来写作业的？,6023586911,3,2023-12-17 17:09:17
上帝之手190915,1980712554,0,1,230000,230600,,有,6023579722,1,2023-12-17 17:04:30
空城旧梦_Xrey,4876493791,0,2,140000,141000,,有啊,6023555569,1,2023-12-17 16:03:01
云雀在夜奔,3973955972,15,2,340000,341200,,好想为这歌跳舞,6023538850,2,2023-12-17 15:09:58
呆大小姐,9023367016,0,0,0,100,,好多都是我喜欢的歌,6023484865,10,2023-12-17 12:58:32
oi-hi,5039687938,0,2,1000000,100,,略略略略略略略略略略略略略略略略略略略略略略略略略略略略略略略略略略略略略略略略略略略略略略略略略略略略略略略略略略略略略略）来了来了）啦啦啦啦啦啦啦啦）了）啦啦啦啦啦啦啦）略略略）略略略略略）了）啦啦啦啦啦啦啦啦））））来了））略略略））了））））来了来了）,6023442593,0,2023-12-17 11:21:33
椭圆体_,2072280090,0,2,0,100,順順利利,感觉这首就挺合适,6023427889,1,2023-12-17 10:34:11
吃草的凉桑,6472586527,0,0,0,100,满怀希望就会所向披靡,戏腔真是绝了,6023399038,1,2023-12-17 09:03:12
复杂的世界和我,448510235,24,0,320000,320500,不许黑化,越渴望什么 越得不到什么,6023353843,2,2023-12-17 03:28:28
邧7_,3994124284,0,2,610000,610100,我不配,八年了,6023341824,1,2023-12-17 02:27:52
许昭昭_,3810904111,0,2,500000,500101,小小心里 只装你,有,6023328928,0,2023-12-17 01:47:29
凉空EDM,558346881,18,1,420000,420100,,八年了,6023276561,0,2023-12-17 00:07:38
昊子不好,1566749284,0,0,0,100,山川湖海~,我高中时有一个物理特别牛逼的学霸他上课一般是闭目养神，但当睁开眼睛老师就知道自己课讲错了…而我在学校也是与此学霸平分秋色的存在每当我一睁眼，老师就知道该下课了,6023231817,1,2023-12-16 22:49:18
尘封魔帝,1888984995,22,1,330000,330700,那一天我看见了光，你那从未埋葬过的绝世容颜。,以前得不到的，我现在不想要了,6023183426,0,2023-12-16 21:27:54
Totoro_awen,311919705,35,1,1000000,1010000,每天学习一小时,鲁迅说的,6023123934,0,2023-12-16 19:21:30
云村村民167910890504431,8457048002,0,0,0,100,,兄弟们，元旦晚会要表演红楼梦宝玉大婚那段，结婚那段配什么音乐好，在线求，蛮急的,6023090226,4,2023-12-16 18:13:24
你还好吗sjf,5035774426,18,1,330000,330100,,吞噬我，我们合二为一,6023073217,0,2023-12-16 17:28:57
Remix-Shiver,1674005234,0,1,410000,410200,,盗将行，红昭愿，不谓侠，落花情，多情岸牵丝戏，拜无忧，对黄昏，梦回还，寄明月典狱司，恨枉生，东风志，将厌离，琵琶行何以歌，长生诀，将进酒，扬州慢，姻缘结造梦者，风华诀，相思赋，画中仙，长安忆桃花诺，半壶纱，眉间雪，化鹤归，醉飞霜雁城雪，三世笺，锦鲤抄，逍遥游，虞兮叹,6023036568,339,2023-12-16 16:01:54
薛浩林衡水景县,8077762859,0,2,1000000,100,,我,6023034081,0,2023-12-16 15:48:55
一张煎饼果子,603022530,28,2,210000,211300,永远心存善意。,有！,6022935766,0,2023-12-16 12:10:12
-褚绥,8099984456,17,0,0,100,“爱是深渊也是大海”,古文:所思乃在大海南文案:可惜思念无声,6022908885,1,2023-12-16 10:54:51
-褚绥,8099984456,17,0,0,100,“爱是深渊也是大海”,古文：山远天高烟水寒相思枫叶丹译：某天我也是你轻描淡写的一页,6022907172,8,2023-12-16 10:54:36
-褚绥,8099984456,17,0,0,100,“爱是深渊也是大海”,古文：曾经沧海难为水除却巫山不是云译：我放下过天地却从未放下过你,6022904174,0,2023-12-16 10:46:45
-褚绥,8099984456,17,0,0,100,“爱是深渊也是大海”,古文：红豆不堪看满眼相思泪译：不忍心看红豆满眼都是相思泪,6022902518,0,2023-12-16 10:45:32
-褚绥,8099984456,17,0,0,100,“爱是深渊也是大海”,古文：青涩不及当初聚散不由你我.泽：你的心千变万化.,6022902207,0,2023-12-16 10:40:02
-褚绥,8099984456,17,0,0,100,“爱是深渊也是大海”,古文：以后隔着三千梨树 六百湘水译：你不必哽咽我始终记得你的第一面,6022900313,10,2023-12-16 10:39:14
-褚绥,8099984456,17,0,0,100,“爱是深渊也是大海”,古文：花开花谢春不管水暖水寒鱼自知译: 你爱不爱我我心里都明白,6022901240,0,2023-12-16 10:38:55
-褚绥,8099984456,17,0,0,100,“爱是深渊也是大海”,古文：玲珑骰子安红豆入骨相思知不知译：破碎的心缝缝补补始终破碎,6022900282,0,2023-12-16 10:38:44
-褚绥,8099984456,17,0,0,100,“爱是深渊也是大海”,花开花谢春不管水暖水寒鱼自知译: 你爱不爱我我心里都明白,6022902881,0,2023-12-16 10:36:27
-褚绥,8099984456,17,0,0,100,“爱是深渊也是大海”,以后隔着三千梨树 六百湘水译：你不必哽咽我始终记得你的第一面,6022898342,0,2023-12-16 10:31:51
-褚绥,8099984456,17,0,0,100,“爱是深渊也是大海”,古文:相思成疾催白发自是人生常苦事泽：忘掉他相思成疾催白发,6022897323,1,2023-12-16 10:26:15
依稀---梦,529768874,0,1,0,100,ELOIM ESSAIM,恭喜,6022807038,0,2023-12-16 01:40:50
依稀---梦,529768874,0,1,0,100,ELOIM ESSAIM,有！,6022805103,0,2023-12-16 01:40:35
云村村民168106415240094,8501989694,0,0,0,100,,二四届中考生加油！,6022790831,2,2023-12-16 01:03:46
阿尚_BNco,1606529369,0,1,0,100,,我计不成乃天命也,6022681601,1,2023-12-15 22:17:42
继思卿,1733342654,0,0,330000,330100,她说她喜欢星星,吾有一计，可使汉室幽而复明,6022679510,1,2023-12-15 22:14:07
梦谁卡谁梦卡,6406061715,0,2,330000,331100,,"老将军，可知天水姜伯约！",6022666639,2,2023-12-15 21:50:41
裙萝-,4973749445,0,0,0,100,,加油宝宝,6022593116,0,2023-12-15 19:15:46
李玉办事----一切从简,8854693535,21,2,350000,350100,若不是情深似海，思念又怎会泛滥成灾,我女的[憨笑],6022449171,0,2023-12-15 12:23:27
携暮寻月色,563316955,0,2,460000,469023,,恭喜🎉,6022417765,0,2023-12-15 10:41:51
小小小值钱,424297479,0,2,410000,410100,一句话形容不了我,初中听到大学[流泪],6022377598,0,2023-12-15 08:33:08
明月向夜,1494442558,0,2,0,100,,恭喜恭喜！,6022364895,0,2023-12-15 07:15:14
慌简芦溪,4911305852,0,2,410000,410100,平安顺遂,希望努力能把东西学会，希望一直坚持努力,6022293142,1,2023-12-15 00:54:21
执离公子,1336422192,0,0,510000,510800,一手仗剑，一手拈花,不知道是从什么时候开始喜欢听古风歌的《雨碎江南》《山鬼》《山有木兮》《风筝误》《倾尽天下》，，，河图，老妖，银临，双笙，，初次听她们的歌的时候已经是七八年前了，蓦然回首，现在迷茫的时候再来听一下，欲买桂花同载酒，终不似，少年游,6022268548,1,2023-12-15 00:14:44
执离公子,1336422192,0,0,510000,510800,一手仗剑，一手拈花,踏山河小学生的歌也算吗？《倾尽天下》《山有木兮》《山鬼》《狐言》，，，河图，刘珂矣，老妖，双笙，银临这才是古风圈的顶流,6022270795,14,2023-12-15 00:12:16
啊啊啊浮拯救世界,2037845630,0,0,370000,370200,有趣的灵魂,现在是2023年12月15日,6022260125,2,2023-12-15 00:03:00
啦啦啦辣味肉丝,1411451378,33,1,440000,441900,,你别忘了科目三也是古风的bgm,6022254203,1,2023-12-14 23:58:11
森林进来英国节拍乐_3,8999423745,0,0,1000000,100,,三四年前可是古风的天下[多多大哭][多多大哭][多多大哭],6022238020,5,2023-12-14 23:28:26
歇尔的假象,1394894116,22,2,230000,230100,如果你愿意来探究我那卑微而怯懦的心，也许-你也有可能被我的纯粹所打动。,时间真的过得好快,6022235964,0,2023-12-14 23:25:18
歇尔的假象,1394894116,22,2,230000,230100,如果你愿意来探究我那卑微而怯懦的心，也许-你也有可能被我的纯粹所打动。,真的挺久了,6022233547,0,2023-12-14 23:24:56
肆叁_七年LS,8419359337,0,0,0,100,,这位姐姐也快26岁了吧，一转眼间马上8年过去了,6022228530,0,2023-12-14 23:17:33
雾化tt,5052357541,14,1,370000,370900,优  雅  永  不  过  时,地球online提醒您：请勿在NPC身上浪费太多时间，避免影响玩家自身情绪，祝各位玩家顺利完成自己的主线，游戏愉快。,6022210949,3,2023-12-14 22:42:17
J蛮不讲理,8210674046,0,2,0,100,要长大 但不要变成奇奇怪怪不可爱的人,2023了呢,6022181898,0,2023-12-14 21:53:48
你看起来好像很好吃hello,1590343260,0,2,140000,140100,,我也是,6022175581,0,2023-12-14 21:46:48
你看起来好像很好吃hello,1590343260,0,2,140000,140100,,啊谢谢,6022178063,1,2023-12-14 21:46:23
辛暝同学,8852873500,15,0,0,100,,你要不去看一下《琵琶行》这首诗,6022141777,2,2023-12-14 21:06:47
一位人_Minecraft,8885423636,0,1,0,100,,这个写语文作业嘎嘎快,6022124603,2,2023-12-14 21:02:56
dontQme,1402345934,0,1,310000,310101,,1,6022070214,2,2023-12-14 20:37:07
少年玛丽莲-,8474232513,18,0,1000000,100,,有啊,6022040576,0,2023-12-14 20:18:49
桑稚zZZZZZ,3314930939,0,2,520000,520300,,好像七八年了,6021941981,0,2023-12-14 16:50:32
嘟嘟灬噜,271868595,7,1,350000,350100,嘟嘟噜,到现在才知道这歌说的戏是指泉州的木偶戏 08年奥运会开场时候出现过,6021804320,5,2023-12-14 09:38:13
望我_x,1550921685,19,1,1000000,1010000,真恶心,江畔何人初见月 江月何年初照人,6021756205,1,2023-12-14 04:59:37
-一颗小虎牙-,1492045533,0,0,110000,110101,,每每听到日推到古风曲，都会打开古风榜，然后一直下一首下一首，直到这首牵丝戏，心满意足地退出，继续日推，谁懂呀[多多难过],6021741216,12,2023-12-14 03:13:26
neduo001,413491529,0,0,320000,320500,,恭喜,6021358636,0,2023-12-13 20:41:10
林北北我不在北极,7873873643,22,1,350000,350100,曾获第6次模拟考满分。（我蛮说你蛮听啰）,最后一首唱完不唱了,6021358933,2,2023-12-13 20:38:14
_冷酷马,122702872,29,2,610000,610100,,🥔老刘分享的第559首。,6021228378,2,2023-12-13 18:44:20
S嘿F嘿,4882005605,15,2,150000,152200,你好！,好听！,6021040199,4,2023-12-13 15:32:11
不复往日温柔_TdHY,7928691845,0,0,530000,530100,,真的哭了？,6020993319,0,2023-12-13 13:36:33
焚相思祭无邪,72470618,27,1,340000,341500,不慕飞鸟 自由如风,戏腔啊,6020949794,1,2023-12-13 12:13:23
高裴英,1306602844,0,1,320000,320500,,这首歌叫什么腔啊真的很喜欢,6020912842,1,2023-12-13 11:31:50
-雅博菲卡-,4908520269,15,1,420000,420700,九月无雪，雪中无茂,听听 红昭愿 怎么样？,6020875764,1,2023-12-13 10:53:41
佟吾,328703545,27,1,440000,440700,岁月里蹉跎,记忆中早期比较好听的国风原创了，最近几年的国风感觉都是量产的调子中间插个戏腔……有点同质化。,6020689811,6,2023-12-12 23:19:45
桜巡时夜,2099705316,0,2,440000,442000,烦死了捏,我对其余男性无感,6020683809,0,2023-12-12 23:10:58
桜巡时夜,2099705316,0,2,440000,442000,烦死了捏,我遇见自家推之前，以为自己是同结果还真因为我推虽是男的但我把他当女的,6020681946,0,2023-12-12 23:10:09
LG古,1574470551,0,1,420000,420100,,刹那芳华曲,6020652084,0,2023-12-12 22:30:58
鱼不能翻面,3626476067,15,2,310000,310101,幻嬷,好有实力,6020559135,1,2023-12-12 20:11:13
鱼不能翻面,3626476067,15,2,310000,310101,幻嬷,太好听了,6020555960,0,2023-12-12 20:05:04
蝴蝶飞舞_XYF9,8689656543,16,2,0,100,咯哦,估计家小仙女就是这样做起来真的,6020512541,2,2023-12-12 18:19:34
SoU_-l,1666865360,0,1,1000000,1002800,,好羡慕阿姨，祝福阿姨长命百岁！我好想妈妈,6020451659,0,2023-12-12 15:20:44
散人快乐,1444031300,0,2,440000,441300,“有趣的灵魂，终会遇见的。”,想起 东宫 周生如故,6020449484,1,2023-12-12 15:13:03
夕儿1706,502417108,0,2,330000,330200,,这里,6020454004,0,2023-12-12 15:11:31
伤心小云吞-辰,5141501078,0,0,230000,230100,你把她抱在怀里的时候 别说我的不好 我没对不起你,你是我一辈子也碰不到的高度，只因我们不在同一起跑线,6020436078,1,2023-12-12 14:21:43
吃个蛋糕不,401574986,19,2,430000,430100,不听歌会死,是我[多多大哭][多多大哭][多多大哭],6020394051,0,2023-12-12 12:06:50
狸猫_DEOM,7882541393,0,0,610000,610100,,在这,6020268470,0,2023-12-12 01:22:08
OZnK-,1944553551,17,2,430000,430400,,女同,6020226785,0,2023-12-12 00:01:20
第7日安息之地,4902961140,18,1,440000,440300,,现在都二三年啦,6020204600,0,2023-12-11 23:35:28
念之森蓝sm,5207176832,0,0,440000,440100,,17年听的，班上有人点了这首歌，当时觉得非常好听回到家就搜了这首歌学着唱呢哈哈哈,6020192068,4,2023-12-11 23:10:39
岑一咚,1338494149,22,1,650000,659001,,好歌是永远有人喜欢滴！[爱心][爱心],6020182819,1,2023-12-11 22:53:45
小草小央,1780501448,21,2,530000,532600,爱与自由,这里,6020126629,0,2023-12-11 21:22:51
反正每段关系都是孤独,3337738044,0,0,330000,330200,,有,6020120618,0,2023-12-11 21:10:41
_呵__呵__哒_,1307719609,18,0,370000,370900,“终有弱水替沧海，再无相思寄巫山”,临姐生日快乐🎂🎉,6020116172,3,2023-12-11 20:56:28
死生亦大矣_,1864502800,0,0,0,100,HAAN,居然已经有六年了,6020037092,4,2023-12-11 18:10:52
你的黄鸭,601602455,22,1,430000,430700,路过人间也才几十年,有,6019940032,0,2023-12-11 12:59:02
你的黄鸭,601602455,22,1,430000,430700,路过人间也才几十年,有,6019940028,0,2023-12-11 12:58:57
云村村民16950175089987,8856932680,0,0,0,100,,是你[多多大笑],6019930048,0,2023-12-11 12:31:54
奶盖加热,618883972,0,1,330000,330600,,缘起即生，缘落即灭,6019874130,0,2023-12-11 09:14:44
到坡,1773918314,0,1,220000,220100,迷茫,第1220遍了,6019755655,2,2023-12-11 00:01:34
困困了_魚,8883118180,0,0,0,100,做自己.,想整个过程 总结快乐或许比成功更值得炫耀,6019738012,1,2023-12-10 23:26:54
困困了_魚,8883118180,0,0,0,100,做自己.,好想有个突如其来的意外 带我远离这完美的城市,6019739941,1,2023-12-10 23:26:46
困困了_魚,8883118180,0,0,0,100,做自己.,真搞不懂一瞬间的桑心 就连喜欢的歌都能碰到一样,6019738950,2,2023-12-10 23:26:38
困困了_魚,8883118180,0,0,0,100,做自己.,心里装着多甘心の心事 也要扛着走,6019736350,1,2023-12-10 23:26:31
困困了_魚,8883118180,0,0,0,100,做自己.,寂寞的那一刻 让我觉得很惊讶,6019735714,1,2023-12-10 23:26:23
Cc千面,373785260,33,0,310000,310101,,在听,6019658634,0,2023-12-10 21:07:53
叹月枝,6483117642,0,2,1000000,1002900,一愿春常在 二愿人不离,以前都没注意 前奏真的好美啊！！,6019656905,1,2023-12-10 20:57:25
零碎破烂,2107553405,0,1,530000,530100,因为灿烂,写的真好啊兄弟,6019611957,1,2023-12-10 19:25:00
洛棠椿,5082511470,0,0,320000,321100,,曾经厌恶的日子 是我现在做梦都想回去的.,6019544296,1,2023-12-10 16:39:43
洛棠椿,5082511470,0,0,320000,321100,,对视的那一刻 是否有一刻心跳共鸣.,6019544949,1,2023-12-10 16:38:56
無情落花风,1441142197,36,1,510000,510100,是的，这里没有个性签名！,庭前花开花落 故人依旧不在,6019541192,2,2023-12-10 16:33:46
削胖,3724039197,18,1,320000,320500,…………,Thanks,6019532905,0,2023-12-10 16:08:26
慕容驰Un-平安版,1689730722,22,2,440000,440500,聚是缘，散便是天意,七年了,6019501308,0,2023-12-10 15:03:18
慕容驰Un-平安版,1689730722,22,2,440000,440500,聚是缘，散便是天意,七年了,6019499553,0,2023-12-10 15:02:31
xfyhhhh,1993963674,0,0,610000,610100,,亚当没有输,6019470511,4,2023-12-10 13:55:42
祈愿明_,1923390168,21,2,510000,510100,我所爱的，仅我所爱,“我和你 最天生一对”,6019394918,2,2023-12-10 10:52:35
梧桐-鸯鸳,8205962445,15,2,0,100,,吻开笔墨,6019379662,1,2023-12-10 10:26:38
李悲桁,8620255820,0,0,0,100,,遇你如春水映梨花 别有你似秋风落叶,6019368030,1,2023-12-10 09:43:19
李悲桁,8620255820,0,0,0,100,,相逢已是上上签 何须相思煮余年,6019367040,1,2023-12-10 09:41:36
李悲桁,8620255820,0,0,0,100,,两岸猿声啼不住 轻舟已过万重山,6019364583,1,2023-12-10 09:41:09
李悲桁,8620255820,0,0,0,100,,两情若是久长时 又岂在朝朝暮暮,6019367898,1,2023-12-10 09:40:39
李悲桁,8620255820,0,0,0,100,,早知如此绊人心 何如当初莫相识,6019366135,1,2023-12-10 09:40:06
李悲桁,8620255820,0,0,0,100,,花开花落终有时 相逢相聚本无意,6019366090,6,2023-12-10 09:39:30
李悲桁,8620255820,0,0,0,100,,三生三世遇见你 纵然悲凉也是情,6019365419,1,2023-12-10 09:38:59
李悲桁,8620255820,0,0,0,100,,庭中三千梨花树 再无一枝入我心,6019366029,1,2023-12-10 09:38:09
李悲桁,8620255820,0,0,0,100,,若心真存栀子花 庭中怎有梨花树,6019366831,1,2023-12-10 09:37:33
李悲桁,8620255820,0,0,0,100,,心中存有栀子花 三千梨花怎入心,6019366802,2,2023-12-10 09:36:54
霧宇_bFAx,7932877548,20,1,440000,440300,,有,6019260723,0,2023-12-10 01:03:31
硕硕超温柔,1443815211,0,2,130000,130500,,愿考试全过！,6019212674,1,2023-12-09 23:42:13
饮鸩杏来,1949046867,19,2,420000,420600,,偶尔会突然午夜梦回，搜出来，再听一次,6019209449,0,2023-12-09 23:36:47
干饭闪电只因,3223968266,15,2,310000,310101,,上一次听还是在很小的时候，那个时候没有现在这么大的压力，超喜欢听这首歌，现在突然听到这首歌，感觉恍如隔世,6019136570,2,2023-12-09 21:35:58
骁_nz,8582731881,0,0,0,100,,有,6019122329,0,2023-12-09 21:12:41
一个块块儿,1458853659,0,2,420000,420100,好事多磨,恭喜恭喜🎉,6019035792,1,2023-12-09 18:22:30
日落之时丶,1453831774,32,1,410000,410300,“ 每个人的生命里，都有最艰难的那一年，将人生变得美好而辽阔。” —— 《岛上书店》,恭喜,6018985381,2,2023-12-09 16:25:15
摇曳的朔,1647613820,0,1,0,100,,太喜欢这首的意境了,6018977519,1,2023-12-09 16:11:06
白茶水仙,1662076151,0,2,120000,120101,打破规则,恭喜,6018912278,1,2023-12-09 13:17:07
心动_V57L,7986297819,0,0,0,100,,有！,6018901816,1,2023-12-09 12:43:27
是烨烨哦,1305488938,0,0,0,100,或许成为遗憾才能让人念念不忘.,有,6018875067,0,2023-12-09 11:46:09
别离开我好吗_Yxy,8983513208,0,0,0,100,,庭中三千梨花树 再无一朵入不我心心中存有栀子花 三千梨花怎入心倘若栀子花有意 又怎谈梨花入心若非单恋栀子花 梨花怎可难入心若是单思栀子花 庭中怎有三千树桃李春风一壶酒 江湖夜雨十年灯落花已故念思人 心空悠悠顾何存,6018833040,2,2023-12-09 09:56:42
洛肆月-,1566413286,0,2,500000,500101,“不做完美的人类，做喜欢的自己”

🐚 愿你勇怀善意，清澈明朗,第一次听还是六年前，再听评论都10w了,6018816467,1,2023-12-09 09:14:23
宁荣子,1357409433,24,1,130000,130100,人在北京可跑棚 三年商配经验 业余音乐制作人 商务合作加v nrz2333,恭喜,6018806232,0,2023-12-09 08:25:16
一只野生小白w,294322319,27,0,210000,210200,一只野生小白w,这首歌让我小时候开始听古风歌,6018806779,2,2023-12-09 08:20:42
梭梭守护者,1303003323,22,1,230000,230700,但是我拒绝,都快大学毕业了,6018797606,0,2023-12-09 08:00:14
关盼盼,4021361474,21,2,650000,659003,从来都是独行者 没有同行人没有庇护所,偏偏错的人 都是用心选的,6018792608,1,2023-12-09 07:33:47
周子怡yo,3300446368,19,2,440000,440100,can you call me？,明年我结婚一定要用这个[多多比耶],6018785439,4,2023-12-09 06:32:18
许鸢-_ovoV,8757095098,0,2,0,100,证明爱人又爱己,你的出现 在我心里  早已胜过所有人,6018755675,1,2023-12-09 02:44:54
对方正在输入中_L-L,1778170531,16,0,120000,120101,,谢谢你,6018654088,1,2023-12-08 23:06:25
散兵和我爱贴贴,502496857,11,1,350000,350500,????????????????????????????,谢谢啦陌生人[可爱],6018650816,1,2023-12-08 22:54:51
替代ta,1430217948,18,2,370000,370700,,2023 12.8，22.21，祝你快乐陌生人,6018628903,2,2023-12-08 22:21:40
J橘子巷,1452746189,28,2,420000,420100,,喜欢听的不是我，而是我想在这首歌里找到喜欢这首歌那个人的足迹……,6018616661,1,2023-12-08 22:06:57
AnimoMaite,515716864,22,2,0,100,慎言是修行，善良是品行。厚德能载物，红尘任君行。,人的缘分一辈子就注定好了吧，对的人兜兜转转总会遇上的。,6018600279,2,2023-12-08 21:38:04
Feverboss,1547710767,0,2,610000,610400,,恭喜,6018585507,1,2023-12-08 21:17:23
我都可以为你扮演,8901411235,0,0,0,100,,我焯，这歌10w+了啊，还记得六年级的时候这歌火了，我从老师办公室听到（应该是视频配乐）当时特别激动,6018496717,3,2023-12-08 18:58:46
黄金月J,6387588485,0,0,320000,320600,,我说好听 ，开口跪，他说磕几个,6018353573,1,2023-12-08 16:25:38
哦哦哦哦okok,2031816309,20,2,370000,370200,心事唯己知,有[流泪],6018284208,0,2023-12-08 12:57:17
只有你才是救赎,439024829,21,1,370000,370100,,有啊,6018250554,0,2023-12-08 11:19:55
今天也很喜欢你咩,1417480404,20,2,1000000,1005300,,确实是读蛤蟆，但是写的就是虾，通假字,6018249578,2,2023-12-08 11:17:55
小P奇奇咔咔,560162691,0,2,370000,370900,永远喜欢直球选手,到底是谁说的啊[多多瞌睡],6018209256,0,2023-12-08 09:05:56
魑魅卍ABANDON卍魍魉,6490764332,14,1,1000000,1004400,生死有命，富贵在天我若成魔，佛奈我何Life and death are decreed by fateIf I become a demon， what can I do?生死には命があり，富貴は天にある私が魔になったら、仏は私をどうするのか。생사는 운명에 달려 있고 부귀는 하늘에 달려 있다내가 만약 악마가 된다면， 포네는 나를 어떻게 하겠는가Жизнь и смерть - это жизнь， а богатство - это небо。Если я стану демоном， что мне дLa vie复仇吧，少年，李帅，我定斩汝之项上狗头,愣是听出来曹操曹孟德驾驶雷克萨斯LC500过9省斩10将的感觉,6018155314,2,2023-12-08 03:12:28
丶仗笔天涯寻梦人,547887139,0,1,130000,131100,,初恋的时候经常听,6018074524,1,2023-12-08 00:06:11
只差一步就能走出的苦夏,446219203,0,1,0,100,敬谣言敬事实,牵丝戏永远耐听[多多比耶],6018024577,0,2023-12-07 23:23:57
听信再见,7796823726,17,2,320000,320500,,没了心如何相配,6017995767,1,2023-12-07 22:19:03
是岳明辉老公啦,393791912,24,2,440000,440100,这个人很懒~什么也没留下,[流感],6017927663,0,2023-12-07 20:01:17
是岳明辉老公啦,393791912,24,2,440000,440100,这个人很懒~什么也没留下,[流感],6017927662,0,2023-12-07 20:01:16
心事未老莫轻折,534319012,26,1,320000,320800,,梨花院落溶溶月，柳絮池塘淡淡风,6017906301,0,2023-12-07 19:02:06
02一生,1822567692,0,2,450000,450700,,真的是越听越喜欢,6017892555,1,2023-12-07 18:22:50
凡小镁,1352210034,0,2,440000,440300,,+1,6017884769,0,2023-12-07 17:48:40
四川南充非转欧的青涵,1497877532,0,2,510000,510100,,再也没有那么出色的歌曲和那时一样，百花齐放了,6017876384,1,2023-12-07 17:34:35
八苦长恨-,1632611620,0,2,210000,210100,当依赖形成 离开就像戒毒,我的古风白月光[蛋仔喜欢],6017853249,2,2023-12-07 16:10:15
交换喜悲_6trC,2094347049,22,1,320000,320100,“心动很难形容”,烟波里成灰，也去得完美。,6017842451,1,2023-12-07 15:33:39
是你们这辈子得不到的男人,408929545,0,0,0,100,不语,支持⭐️,6017830176,1,2023-12-07 14:41:36
小七丫丫01,436447610,0,2,320000,320400,茶不过两种姿态，浮、沉，饮茶的人也不过两种姿势，拿起或放下，人生如茶诚实坦然。所以拿得起也需要放得下！最搞笑的是小时候调皮的我，和爸爸吵架后把他的茶叶泡在水里，哈哈，至今都开心,如果人生最终的归宿都是，择一良人，选一城市，三餐四季，春夏秋冬，注定要这样平凡而快乐的渡过一生的话，那希望我们找到的都是如自己所愿的人，一个灵魂高度契合的人，一个充满趣味的人，一个能够在漫长的无聊的岁月里让你欣喜的人。,6017810902,7,2023-12-07 13:31:38
用户1441168772,1441168772,8,0,0,100,,你说的歌词是“桂花香”吧,6017810756,1,2023-12-07 13:29:00
抱朴bp,1440135312,19,2,320000,320100,银库的碎银子,去年个人专场没唱，一巡也没唱😭希望明年二巡会有二人合唱版,6017803280,0,2023-12-07 13:07:42
Gcbgffccg,8109352888,0,2,0,100,没有,哎，一会儿已经好几年了[皱眉],6017803782,2,2023-12-07 13:07:10
抱朴bp,1440135312,19,2,320000,320100,银库的碎银子,什么时候能现场听到二人合唱版😭,6017802560,6,2023-12-07 13:06:19
吃葡萄不吐葡萄皮啊喂M,450300888,0,2,140000,140100,难寻少年时，总有少年来。,有,6017749987,0,2023-12-07 09:59:55
s是小肖呀,3252038833,0,1,430000,430100,,头一回听是初中，现在大一了🤓,6017722075,0,2023-12-07 08:07:11
林北不知道取什么,1857676249,21,2,350000,350100,,好怀念那时候的古风歌圈 多出圈呀好多歌,6017690109,7,2023-12-07 03:23:20
farawayfr,4039333085,0,0,350000,350500,,第一次听，是16年大约四年级。那时候很多遭遇都没有发生。那时候睡在闺蜜家，也懵懂地以为我会和闺蜜天长地久。第一次听时泪沾枕头，理解不了虚构作品和现实生活的关系，错在只把爱情当生命的意义，一个悲剧的爱情并不导致悲惨的人生，人生更有许多意义不是吗,6017619453,3,2023-12-06 23:45:22
沈剑辞,3388063960,17,2,120000,120101,爱意随风起，风止意难平,老师立大功,6017586242,0,2023-12-06 22:42:39
千岛洞爷湖,620803028,30,1,420000,420100,,人生是无常的，顾好眼前的，何必为往后担忧呢,6017583083,1,2023-12-06 22:37:54
萝卜头hh,405069053,23,2,450000,450100,emo专员,我在,6017534663,0,2023-12-06 21:08:42
沙_cRsm,5023334385,33,0,0,100,,球露白，桂花弄。相思不过一场梦,6017527021,1,2023-12-06 20:46:56
纯情呆瑶,1932652543,20,2,530000,530100,啵唧～,恭喜恭喜,6017522237,0,2023-12-06 20:36:48
思雪遥遥无期,7813260962,0,2,510000,510100,你也讨厌我吗 奇怪的脾气嘴硬的性格,智齿,6017508977,2,2023-12-06 20:05:33
思雪遥遥无期,7813260962,0,2,510000,510100,你也讨厌我吗 奇怪的脾气嘴硬的性格,对啊T^T,6017505701,0,2023-12-06 20:05:00
挖坑跳_,8764588931,0,2,0,100,,当然,6017305597,0,2023-12-06 15:56:23
蔡籽油泡鲲爪,3248817697,18,0,110000,110101,一个喜欢唱跳rap篮球和电竞的女生。第五人格加好友ID:177355954,这个也太好听了！吊打某些古风曲。,6017240244,1,2023-12-06 12:18:43
放肆-_弥漫,3340936443,18,1,420000,420100,,喜欢戏腔,6017223236,2,2023-12-06 11:17:46
夜晚的星-1,1678296534,0,1,320000,320200,谁能聘结局？？？,上班时间来听歌，你们也是这样的嘛,6017207526,3,2023-12-06 10:23:30
墨香的lp,8002430871,0,0,500000,500101,,点了u呜呜呜,6017194674,0,2023-12-06 09:44:19
天才小子_Ovo,8824559541,0,0,350000,350200,故事已成故事，我们还是我们,爱不就是你付出，而我心疼你的付出,6017178725,1,2023-12-06 08:38:34
沈梦ya,3259036815,8,2,230000,230100,,我喜欢戏腔,6017162061,2,2023-12-06 07:07:09
要爱斐崽,5164587638,20,2,370000,370700,,八年了这首歌,6017143952,2,2023-12-06 03:56:51
告白山心,3870826242,25,1,1000000,1006100,信仰+努力+坚持=想要的这一份信仰是永远的❤️,网恋110天，还有3天就奔现了，真的好开心，祝福自己,6017085328,3,2023-12-06 00:15:46
瞳散暗眸,345117962,0,1,0,100,一阵阵风又吹落，一程程雪又茫茫,再也没有哪首古风歌曲能超越这首歌了，太能打了,6017079607,35,2023-12-06 00:10:04
小孩做物化,1740715748,23,1,320000,320200,,过这么多年，牵丝戏还是能打,6017060783,193,2023-12-05 23:40:05
耳机耗子丶,284162828,0,1,620000,620100,,吹灭小山河 明月星河也都不错,6017035034,1,2023-12-05 22:59:23
天天开心_1-,8779258564,0,0,0,100,天天开心,有谁这一年都还在听？,6017013989,3,2023-12-05 22:20:59
风月诀,397462722,22,2,320000,320200,是你路过 捡起了我 我本来七零八落,这么多年了，牵丝戏还是yyds，天花板级别的古风歌曲。,6017005283,1,2023-12-05 22:09:53
夜阑闻声,9050344,31,1,330000,330300,和光同尘，与时舒卷。,太棒了[强],6016972931,0,2023-12-05 21:06:36
横言的阿夨君,624202892,23,2,140000,140300,没什么废话了，你好，再见。,我当年玩端游剧情有一个就是讲木匠与人偶恋的，不是倩女应该，贴吧有佬儿剪的牵丝戏，然后我忘光了……最近迷之很爱听这首歌就是了（因为某部剧的剧情让我想起来了……）,6016953868,1,2023-12-05 20:40:13
Y_Hwkx,1392893598,0,0,0,100,少焦虑多睡觉常开心,好听爱听,6016933419,1,2023-12-05 20:23:32
吃糖水草莓,327626195,0,2,0,100,永远年轻 永远一往无前,还是那么好听,6016803744,3,2023-12-05 18:27:36
_呵__呵__哒_,1307719609,18,0,370000,370900,“终有弱水替沧海，再无相思寄巫山”,愿谁记得谁，最好的年岁,6016773005,5,2023-12-05 17:47:00
回忆装满忧伤,1321631582,26,1,360000,360100,,来个南昌的，一起过冬,6016753818,1,2023-12-05 16:50:27
嘟嘟嘟嘟懒,8568625748,23,0,0,100,,不知道评论区有没有石家庄的女孩，想在今年一起过圣诞节，如果哪天下雪了一起堆雪人、打雪仗、吃火锅、圣诞树下许愿。会成为很好很好的朋友,6016667500,1,2023-12-05 12:30:09
少喝冰饮料,4975864565,0,2,410000,410500,,呜呜呜呜,6016603419,0,2023-12-05 08:49:18
怎样得到银临,321335580,0,2,0,100,,老婆,6016603280,2,2023-12-05 08:45:55
胡萝波呐,1413817566,25,1,610000,610100,爱人不再,恭喜！！！,6016540538,0,2023-12-05 01:45:35
somethingHHS,90341407,34,1,440000,440300,。,为什么一股熟悉的感觉，但有没有印象？,6016461954,2,2023-12-04 23:41:00
薏查,3827938173,16,2,340000,341300,我进化喽嘻嘻,想起几年前网课时老师在课间给我们唱这首歌,6016403430,4,2023-12-04 21:58:01
薏查,3827938173,16,2,340000,341300,我进化喽嘻嘻,恭喜！,6016402667,1,2023-12-04 21:57:22
吮指原味薯条,1543371476,0,0,310000,310101,希望永远都有下次见,不过是黄粱一梦,6016404995,1,2023-12-04 21:55:55
XieccchH,405901218,23,1,440000,440500,蝉在叫，人坏掉。,快十年了都,6016402072,5,2023-12-04 21:50:56
最爱方块学园的小末影人,1888955616,0,2,440000,441300,,然而并没有这些说法……,6016384729,1,2023-12-04 21:23:26
最爱方块学园的小末影人,1888955616,0,2,440000,441300,,戏分很多种，服务的观众也不一样，有些戏是祭祀礼仪，目的就是演给天地鬼神看祈福驱邪的，这种戏本来就不为了给人看，作为祭礼的一部分当然必须演完
演给人看的市井戏曲，真没人看肯定就收了，戏班子不是什么很好挣钱的职业，没人愿意白费劲,6016387129,0,2023-12-04 21:22:59
最爱方块学园的小末影人,1888955616,0,2,440000,441300,,不要用“我觉得”，事实上就是没这些说法，都是后人胡诌，觉得浪漫而已
戏分很多种，服务的观众也不一样，有些戏就是祭祀礼仪，目的就是演给天地鬼神看祈福驱邪的，这种戏肯定得演完
演给人看的市井戏曲，真没人看肯定就收了，戏班子不是什么很好挣钱的职业，没人愿意白折腾,6016382705,2,2023-12-04 21:18:09
_衤訡,3991218545,14,1,410000,410900,,你说有没有可能？有一种东西叫语音转文字.........（没有不敬的意思，只是刚想起来）,6016367266,0,2023-12-04 20:44:54
用户3993673438,1958208713,0,1,370000,370700,,牛,6016367086,0,2023-12-04 20:42:23
巫囡De猫,1570577236,20,2,320000,321100,,恭喜恭喜,6016358862,0,2023-12-04 20:24:55
寄予浪漫于花海,8956349591,14,2,350000,350800,喜欢月亮勾引起我的一切幻想,是我,6016344667,1,2023-12-04 20:01:09
且听-风吟_17,1821380821,0,1,340000,340100,,兜兜转转已经七年了啊…,6016313575,0,2023-12-04 18:46:42
有余_BJX,8978985209,0,0,0,100,,照片 ：暗黑照音乐 ：牵丝线DJ/0.82x文案 ：心存栀子花 怎有梨花树,6016300526,3,2023-12-04 18:06:58
迷途逐梦的峰,8934616965,0,0,0,100,,照片：评论区见配乐：阳台上文案：仅此一年便判若两人！于是我对自己感到陌生！,6016287556,1,2023-12-04 17:31:37
我宇智波闰土愿称你为最强,483818338,23,1,530000,530100,,好听,6016287222,2,2023-12-04 17:25:35
常清姝,1850087638,0,0,0,100,“常清姝，你是我的常青树。”,恭喜你呀！！！,6016278216,1,2023-12-04 16:58:31
梦乐弦,8956049089,0,0,0,100,,有,6016278849,0,2023-12-04 16:53:37
暮气与泡泡,1497318340,0,2,1000000,1010000,,俺也[流泪]属于白月光的程度了,6016257189,0,2023-12-04 15:53:37
海心一色,8062668802,0,0,0,100,,同样哭死,6016112162,0,2023-12-04 07:30:07
你有多久没看书啦,1428397279,0,2,440000,440600,,前男友最喜欢的歌[可爱],6016035161,1,2023-12-04 00:25:25
S-浊玉,1853900015,0,1,220000,220700,哈喽哈喽,我也,6015982483,1,2023-12-03 23:03:51
无中生有equalizer,1571971276,24,1,130000,130100,,同为河北人，我在石家庄上的大学,6015979470,2,2023-12-03 23:00:48
无中生有equalizer,1571971276,24,1,130000,130100,,2023.12.03我还在听这首歌,6015982929,2,2023-12-03 22:59:52
小乔快乐,1551093261,24,2,530000,532900,miss,我大四写实习报告的歌曲[多多捂脸],6015977314,1,2023-12-03 22:53:38
Mnal_,6466548518,0,2,430000,430500,,清河海风溶溶月色 共赏之人就在身侧,6015937076,2,2023-12-03 21:40:36
PlaneVector,3809113226,0,2,430000,430100,,有！,6015936287,0,2023-12-03 21:39:16
PlaneVector,3809113226,0,2,430000,430100,,恭喜！！！,6015933546,0,2023-12-03 21:37:42
独一无二的香玥儿,1395975485,23,2,110000,110101,生活万物滋养我。,我初高中写作业歌曲,6015930007,2,2023-12-03 21:26:02
蘇野哟,608129814,0,1,0,100,续费精神世界,今昔是何年！！！！,6015895940,4,2023-12-03 20:37:24
草莓味的小槿儿,280157518,0,2,0,100,,我很羡慕你，可惜我的妈妈没有，今年她离开了我,6015874284,0,2023-12-03 20:06:51
ONE苏杨,8020184368,0,0,0,100,🎀美丽的皮囊和有趣的灵魂我都有无法被简单的一句话所定义 各位自行解锁来自山东外表冷若冰霜 内在狂热不羁的天蝎姑娘☀9点  ~ 嗓子冒烟   🌙21点~嗓子冒烟下午随缘加班契合的灵魂不期而遇粉团6级➕群 8级➕v主播不易～白嫖滚,音乐这东西，开心时入耳，伤心时入心。,6015849427,2,2023-12-03 19:16:18
米多粒,37820751,0,2,0,100,好了，中英日韩我都听，也是没有更清奇的画风了,福建泉州的提线木偶是不是就是“牵丝戏”,6015839898,2,2023-12-03 18:46:16
山雨万思,1992114072,10,2,330000,330200,蛋仔ID:一句长久的歌小红帽  或者小“能″如果是伸手党不要来加我   我什么都没有小菜蛋   鸡蛋混那兔   古言  原耽推荐大家看《炮灰闺女的生存方式》和《二哈和他的白猫师尊》真的都超甜❤更书中互关闺蜜@残翼_梦蝶_准备过年🈵姐姐@蛋仔派对小朱1/1🈵表姐@千石挽歌1/1🈵CP没有  单身万岁,[汗][汗][汗][汗][汗][汗][汗][汗][汗][汗]……,6015835937,0,2023-12-03 18:37:53
花花y1717,3285884636,18,1,210000,210800,光啊，照亮我吧，（震惊）什么，你是说，我就是自己的光( ✘_✘ )↯,恭喜,6015810832,0,2023-12-03 17:34:55
-G弦上的咏叹调_,1304511087,23,0,0,100,飞往幸福的青鸟和无可替代的挚友，都被遗忘在了过去的追忆里。,@才不是小哀,6015739796,0,2023-12-03 14:50:52
三水七木-,8937764974,0,2,0,100,爱没有定义 你与我同在就好.(^ω^)=,玲珑骰子安红豆 入骨相思知不知.,6015737063,1,2023-12-03 14:47:13
三水七木-,8937764974,0,2,0,100,爱没有定义 你与我同在就好.(^ω^)=,南风知我意 吹梦到西洲.,6015737024,1,2023-12-03 14:46:47
三水七木-,8937764974,0,2,0,100,爱没有定义 你与我同在就好.(^ω^)=,不如意事常八九可与语人无二三.,6015736050,1,2023-12-03 14:45:55
三水七木-,8937764974,0,2,0,100,爱没有定义 你与我同在就好.(^ω^)=,青瓦长忆旧时雨 朱伞深巷无故人.,6015733482,7,2023-12-03 14:45:11
奇迹杉菜,1520918171,0,1,0,100,,恭喜,6015720091,0,2023-12-03 14:10:52
佛鹤于野,1354627219,24,1,520000,520100,,yes。,6015710483,0,2023-12-03 13:57:26
hSakuraw,351471814,25,2,350000,350200,是我,有缘自相见 无缘便于此,6015657056,1,2023-12-03 12:10:07
居心叵测gh,6318242053,0,1,420000,420100,,恭喜,6015649533,0,2023-12-03 12:02:37
好丽友不加派,1388491065,0,1,0,100,羊羔与灰狼跳华尔兹,😅😅😅😅😅,6015632570,0,2023-12-03 11:28:32
柒婳婳柒,6427262593,33,2,440000,440500,啦咯啦咯啦咯啦咯,耶斯,6015628882,0,2023-12-03 11:10:37
云村村民169433371116972,8843238124,0,0,0,100,,恭喜！！,6015611767,1,2023-12-03 10:34:57
星星星秀,1403484888,0,0,510000,511600,,加一,6015599789,0,2023-12-03 10:09:12
嘟嘟嘟嘟懒,8568625748,23,0,0,100,,不知道评论区有没有石家庄的女孩，想在今年一起过圣诞节，如果哪天下雪了一起堆雪人、打雪仗、吃火锅、圣诞树下许愿。会成为很好很好的朋友,6015590716,2,2023-12-03 10:00:39
杏花影里-笛声到天明,8264075567,0,1,0,100,,有,6015587600,0,2023-12-03 09:51:30
春花上酸菜,1545518357,0,2,320000,320100,,传说牵丝戏是因为一对相爱的同性名伶才发明出来的表演技法——为了爱人因哑嗓而无法登台，另一位就想到拿线系于两者间来协调节奏进程，让前者上台做动作，自己在幕后实唱完成表演——后来就有了控制傀儡表演的牵丝戏。这里的故事原型其实是《聊斋志异》里的一段。,6015562875,0,2023-12-03 08:24:03
百良_,8114828204,0,0,0,100,,嘿举手ʕ̯•͡ˑ͓•̯᷅ʔ,6015550777,0,2023-12-03 07:18:55
alfiRa-319,3860907336,18,2,650000,652800,别说谁变了 你拦得住时间吗 ？,问世间哪有更完美,6015452601,2,2023-12-03 00:27:18
梨花熙攘,5064023897,17,2,610000,610100,青春一生一次怎能仓皇落幕,就是就是，哭了😭,6015369376,1,2023-12-02 22:58:10
有马贵将-白色死神,3867651560,0,1,140000,140200,,祝贺！祝阿姨以后平安,6015331722,1,2023-12-02 21:55:58
你就像那病毒一样席卷而来,63077110,0,1,610000,610100,,临子西安的山色有无中竟然没有这首歌，痛苦啊！结束后速听10遍安慰一下,6015331846,2,2023-12-02 21:47:57
魅笙-头晕嗓子痛虚啦,5172496430,26,2,440000,440300,嘘，你命里还缺个我，快来吧~,减少期待，戒掉敏感,6015298237,0,2023-12-02 20:47:18
山花灯路,2121853529,19,1,510000,510300,好饿,恭喜,6015297881,0,2023-12-02 20:42:44
海棠温城,8939441085,19,2,410000,410100,朝生暮死，吃喝玩乐,一样诶,6015290728,0,2023-12-02 20:37:14
1你又说假话,3302830514,0,2,130000,130500,安于现状,若心真存栀子花 庭中怎有梨花树,6015284402,2,2023-12-02 20:19:23
窝萌旺旺,1513645942,0,0,0,100,,是真好听,6015239628,1,2023-12-02 18:47:11
ordinary_sDQN,1912377873,0,0,520000,520200,,恭喜！,6015195954,0,2023-12-02 16:48:23
东湖渠_2W8i,4941695893,0,0,410000,410700,,不知为什么听到这本书就想到了陈长生,6015130378,1,2023-12-02 14:21:33
Hi无人机,1946383133,32,1,340000,340100,😎,有,6015050771,0,2023-12-02 11:07:01
嘟嘟嘟嘟懒,8568625748,23,0,0,100,,不知道评论区有没有石家庄的女孩，想在今年一起过圣诞节，如果哪天下雪了一起堆雪人、打雪仗、吃火锅、圣诞树下许愿。会成为很好很好的朋友,6015045996,1,2023-12-02 11:01:32
挂机大师傅,3318921562,0,1,320000,320600,我是loge .wazf.top/S 94ty.hzfe.org,恭喜恭喜恭喜阿姨能长命百岁。,6014985792,0,2023-12-02 07:11:21
yiki_YNtM,3573502436,0,2,430000,431200,,神曲百听不腻,6014945965,3,2023-12-02 01:49:30
扶我起来继续Study_,1955359939,0,2,0,100,,有 这么多年了还是很好听,6014914386,0,2023-12-02 00:33:10
绿绿陪你过冬,470025475,0,2,0,100,🌙祝我们得偿所愿🌙 粉团7级/日榜过2w➕v进群/粉团前5管理位 拒绝白嫖,留种,6014839892,1,2023-12-01 22:25:05
Moleculee_,122781018,0,0,0,100,不要温和地走进那个良夜,从初二听到大四,6014838809,2,2023-12-01 22:22:15
Dawn萌芽,418762269,21,2,0,100,未完待续,我天 解释的好棒,6014782703,0,2023-12-01 20:37:45
Rachel在睡觉,8103255797,15,2,440000,440100,,“你若盛开，蝴蝶自来”,6014779722,1,2023-12-01 20:32:18
Rachel在睡觉,8103255797,15,2,440000,440100,,“在心里种花，人生才不会荒芜”,6014780620,1,2023-12-01 20:32:14
Rachel在睡觉,8103255797,15,2,440000,440100,,南风知我意，吹梦到西洲,6014783224,1,2023-12-01 20:32:08
Rachel在睡觉,8103255797,15,2,440000,440100,,2026高考加油！目标深大,6014779689,2,2023-12-01 20:31:56
Rachel在睡觉,8103255797,15,2,440000,440100,,否极泰来，物极必反肯定是我有好事要发生了,6014779684,3,2023-12-01 20:31:51
zcq_qzc,1959326627,0,0,0,100,无法飞翔的翅膀有意义吗。,现在都高二了[流泪][流泪],6014753990,2,2023-12-01 19:20:22
时候不对,1689965622,0,0,0,100,,恭喜恭喜,6014727865,0,2023-12-01 18:07:24
赊雾_fUx3,6341231172,14,2,650000,650100,,我,6014693259,1,2023-12-01 16:38:43
-taooyy,3252994233,0,0,310000,310101,,15年,6014615681,1,2023-12-01 13:37:11
江南岸雪,8139853766,0,2,0,100,,嗯，现在还听,6014613173,1,2023-12-01 13:22:36
伊蕾娜_灰之魔女,1825326818,0,2,230000,230100,,事实上绝大部分女生都是双，甚至有很多有了男朋友也找女生的,6014449524,0,2023-12-01 10:50:23
嘟嘟嘟嘟懒,8568625748,23,0,0,100,,不知道评论区有没有石家庄的女孩，想在今年一起过圣诞节，如果哪天下雪了一起堆雪人、打雪仗、吃火锅、圣诞树下许愿。会成为很好很好的朋友,6014435941,1,2023-12-01 10:06:38
冬季不会再来,8215514602,0,0,0,100,你永远不会再冷了 我们的冬季也不会再来,烟波里成灰 也去得完美,6014434946,2,2023-12-01 10:04:16
云深i77,1526819257,18,2,130000,130800,,有,6014363786,0,2023-12-01 02:21:42
云深i77,1526819257,18,2,130000,130800,,恭喜,6014360434,0,2023-12-01 02:21:32
叶秋_Y,438120400,24,1,150000,150400,不过是从头再来罢了,有,6014345119,0,2023-12-01 01:20:07
是阿愁耶,495060178,20,1,440000,440300,来不及了，快走！,听说喜欢小动物的孩子都会有用不完的好运，祝你天天开心哟[多多大笑],6014306658,2,2023-12-01 00:27:19
是阿愁耶,495060178,20,1,440000,440300,来不及了，快走！,哈哈，不是公主，也可以开心吗[西西奸笑],6014305588,1,2023-12-01 00:25:11
中咒,513221063,0,1,1000000,1010000,,介不妥妥有吗,6014267549,0,2023-11-30 23:46:17
1113Z_,350870219,0,2,0,100,,dd！,6014225694,0,2023-11-30 22:38:14
蛋糕杯里的草莓,4894403830,18,2,1000000,1005700,果子一个,有！,6014204410,0,2023-11-30 21:55:04
QL翎壹,4884657248,16,2,440000,445200,为了世界上所有美好而战,有,6014199378,0,2023-11-30 21:45:38
花城谢怜世纪初恋百年好合,6473962848,0,2,0,100,吴雩,我也是！,6014170575,0,2023-11-30 20:58:20
腐木时常厌红尘,1535235311,18,1,210000,210200,,加一,6014172922,0,2023-11-30 20:55:51
你只会强颜欢笑,2135882424,20,1,650000,650200,,我看向镜子，台上有搞笑的小丑，书上有廉价劳动力，柜台里站着章鱼哥，而我我的朋友，我只能在镜子前看到一具笑话。,6014146514,4,2023-11-30 20:14:30
荔枝大侠大吉大利,1452493829,0,1,410000,410100,遥望未来，珍惜现在。可能不同时空纬度下的我们，能坐下来好好听听歌,我们开始同步了 ，佳,6014126594,1,2023-11-30 19:38:24
佦祈,1896910989,0,1,320000,320200,对象：水幕呢,2023末来报道了！,6014117415,1,2023-11-30 19:11:08
葉鋒YF,3215902886,37,1,440000,445200,,风吹哪页读哪页，哪页难读撕哪页，谁来爱你你爱谁？没人爱你爱谁谁！　　　　　　 ＿＿　　　　　／＞　　フ　　　　　|  　_　 _ l　 　　　／; ミ＿vノ　　 　 /　　　 　 |　　　 /　 ヽ　　 ﾉ　 　 │　　|　|　|　／￣|　　 |　|　|　| (￣ヽ＿_ヽ_)__)　＼二つ,6013969775,3,2023-11-30 11:35:03
电影院温和采样,8950915105,0,0,0,100,,宫崎骏拍电影的[西西奸笑],6013878003,0,2023-11-30 04:45:57
Yeon演,613831429,0,2,0,100,一蓑烟雨任平生,你褴褛我彩绘 并肩行过山与水 你憔悴 我替你明媚 他们迂回误会 我却只由你支配 便是最好最好的了 不必你舍一滴泪 不必你陪我老去 更不必暖我一千岁 只是当时当刻只要那时那刻 只要一直一直记得 就是最好的样子,6013804285,2,2023-11-30 00:20:52
绕佰,8309061434,18,2,440000,441900,,恭喜,6013737311,0,2023-11-29 22:57:32
阿茹的音乐脑袋,399130145,0,2,210000,210100,我心匪石 不可转也,假如你舍一滴泪，假如老去我能陪。真正浪漫,6013658853,2,2023-11-29 20:21:52
同风1900,1835306049,0,1,0,100,大鹏一日同风起，扶摇直上九万里。----李白《上李邕》,老祖宗立下的规矩：一旦开嗓就必须唱完，不管台下是否有人，因为凡人不听，并不代表故人不听。,6013613561,0,2023-11-29 18:43:50
嘟嘟嘟嘟懒,8568625748,23,0,0,100,,不知道评论区有没有石家庄的女孩，想在今年一起过圣诞节，如果哪天下雪了一起堆雪人、打雪仗、吃火锅、圣诞树下许愿。会成为很好很好的朋友,6013579271,1,2023-11-29 16:52:52
EasyllI,589765007,0,0,0,100,,棒！随喜赞叹[强][强],6013563942,0,2023-11-29 15:57:24
梁声笙,1687676010,23,1,500000,500101,,恭喜恭喜,6013504037,0,2023-11-29 12:46:53
不二小姐Y,437004893,32,2,530000,530100,你不会再遇见第二个我。,及时止损，过犹不及,6013455235,2,2023-11-29 10:15:43
哲学WC,3234652898,0,0,370000,371600,,祝贺！,6013398608,0,2023-11-29 06:32:33
elu-从不早睡,2124108057,0,2,0,100,,有,6013363042,1,2023-11-29 01:33:23
elu-从不早睡,2124108057,0,2,0,100,,恭喜,6013366921,0,2023-11-29 01:33:07
故此方宁,1539157345,0,2,150000,152500,,别瞎扯 词作公认的故事是老翁将陪伴自己半辈子的木偶投火[呆],6013288656,7,2023-11-28 23:23:32
厌雨_tjzZ,8969125499,16,1,0,100,,加油,6013284046,0,2023-11-28 23:11:42
司夜_0210,1794361430,15,0,640000,640500,Hi,当然有[鬼脸][强],6013222577,0,2023-11-28 21:25:23
流阳故影,6429415140,0,2,310000,310101,,好听,6013223959,1,2023-11-28 21:24:16
流阳故影,6429415140,0,2,310000,310101,,有,6013221580,0,2023-11-28 21:23:37
流阳故影,6429415140,0,2,310000,310101,,恭喜,6013223875,0,2023-11-28 21:23:21
星軌J,1979585144,18,1,530000,530300,,你知不知道云村的云是怎么来的[惊恐]（我是云南的）,6013207574,3,2023-11-28 20:59:21
慕斯妹妹-,8649794639,0,0,0,100,,可为什么会出现妓女，你想过吗？在那个年代出轨的妇女要被沉塘，而男人只是打断腿，而有些小女孩被人贩子拐走卖身，甚至有些家庭为了小儿子把他姐姐买了，那个时候男人为尊，被卖掉的没有人身自由的只有女人。,6013132634,0,2023-11-28 18:30:29
衍絮_VvPV,8985656679,0,0,0,100,,道友好,6013115587,1,2023-11-28 17:37:33
嘟嘟嘟嘟懒,8568625748,23,0,0,100,,不知道评论区有没有石家庄的女孩，想在今年一起过圣诞节，如果哪天下雪了一起堆雪人、打雪仗、吃火锅、圣诞树下许愿。会成为很好很好的朋友,6013084866,1,2023-11-28 15:48:01
我们的歌米乃,3262649543,0,1,430000,431200,,你们。,6013037683,1,2023-11-28 13:29:41
由澈,481251652,22,2,350000,350400,,恭喜,6012978071,0,2023-11-28 10:40:40
云村村民168527307443522,8584745344,0,0,410000,411500,,别管其他的声音，用心看,6012880086,2,2023-11-28 01:28:09
云村村民168527307443522,8584745344,0,0,410000,411500,,爱存在,6012880063,1,2023-11-28 01:27:44
印裴,6367366550,0,1,410000,411100,,有,6012775269,1,2023-11-27 22:15:35
云村村民167701855070973,8406621431,0,0,0,100,,哇拿这个写作业是双倍速度,6012774146,1,2023-11-27 22:13:31
山雨万思,1992114072,10,2,330000,330200,蛋仔ID:一句长久的歌小红帽  或者小“能″如果是伸手党不要来加我   我什么都没有小菜蛋   鸡蛋混那兔   古言  原耽推荐大家看《炮灰闺女的生存方式》和《二哈和他的白猫师尊》真的都超甜❤更书中互关闺蜜@残翼_梦蝶_准备过年🈵姐姐@蛋仔派对小朱1/1🈵表姐@千石挽歌1/1🈵CP没有  单身万岁,现在小学生声音很成熟的好吧！   而且我嗓子比较哑   听不出来,6012745391,0,2023-11-27 21:19:15
山雨万思,1992114072,10,2,330000,330200,蛋仔ID:一句长久的歌小红帽  或者小“能″如果是伸手党不要来加我   我什么都没有小菜蛋   鸡蛋混那兔   古言  原耽推荐大家看《炮灰闺女的生存方式》和《二哈和他的白猫师尊》真的都超甜❤更书中互关闺蜜@残翼_梦蝶_准备过年🈵姐姐@蛋仔派对小朱1/1🈵表姐@千石挽歌1/1🈵CP没有  单身万岁,啊？？？    我才十岁诶   你看我主页   1O后！！！！！[多多比耶][多多比耶][多多比耶][多多捂脸][多多捂脸][多多捂脸][多多捂脸][多多捂脸][多多无语][多多无语][多多无语][多多无语][多多大笑][多多大笑][多多大笑][多多大笑][多多大笑][多多大笑],6012742705,0,2023-11-27 21:14:31
你怎么知道我是云堇的狗,5176538224,13,2,350000,350700,,鸳鸯债、精卫、吹灭小山河、踏雪都挺好听的，个人觉得,6012701119,0,2023-11-27 19:37:11
你怎么知道我是云堇的狗,5176538224,13,2,350000,350700,,精卫也不错。,6012697128,0,2023-11-27 19:26:15
一位上仙儿,1426166737,23,1,430000,430100,请您用绝对的理智和清醒的头脑去压制心里的爱和难过。,我爱你,6012696737,0,2023-11-27 19:19:54
嘟嘟嘟嘟懒,8568625748,23,0,0,100,,不知道评论区有没有石家庄的女孩，想在今年一起过圣诞节，如果哪天下雪了一起堆雪人、打雪仗、吃火锅、圣诞树下许愿。会成为很好很好的朋友,6012680284,1,2023-11-27 18:40:24
vivre_bien,1625166939,23,2,1000000,1002400,,我从小听到大,6012663997,2,2023-11-27 17:41:59
iovo11,1653817323,0,2,0,100,,[云沙发],6012631383,1,2023-11-27 15:52:03
Biteotb_,1885344412,21,0,0,100,Don't let me get me.,恭喜,6012633889,0,2023-11-27 15:50:01
沈镯_LX9N,8017419284,0,2,1000000,100,你是我临摹的第二春,有！≥﹏≤,6012569162,6,2023-11-27 12:11:40
Russell是Goat,3932400879,0,0,0,100,,牛逼，加油,6012550170,0,2023-11-27 11:02:35
阮清欢_Baekhyun,7915592095,0,0,0,100,我指尖蹁跹的一尾蝶，我的Baekhyun。,风雪依稀秋白发尾，灯火葳蕤揉皱你眼眉。,6012528907,11,2023-11-27 09:50:09
SADY11111,333259792,0,0,530000,530100,,嗯。档次不吻合的交际都是悲剧哎,6012514415,0,2023-11-27 08:51:27
木只2209,4000569869,0,2,340000,341100,,小时候听的，已经上班了,6012481608,4,2023-11-27 05:07:31
然子太nb,3314205123,0,2,430000,430100,,好厉害啊[痛苦][痛苦][痛苦][强][强][强],6012387259,0,2023-11-26 23:23:25
然子太nb,3314205123,0,2,430000,430100,,祝福,6012385978,0,2023-11-26 23:19:50
美梦限售,1301311413,0,2,500000,500101,,我也,6012378470,0,2023-11-26 23:13:36
你分钟时间,2128492132,15,2,420000,420100,风推人，都是我老婆,小学到高中了[亲亲],6012379917,0,2023-11-26 23:08:44
我们在等你-,7895432921,11,1,440000,440800,,恭喜,6012336073,1,2023-11-26 21:53:37
风亦修-,1465483594,20,1,820000,820100,,内容：一张自信的自拍音乐：牵丝戏文案：若心真存栀子花 庭中怎有梨花树,6012323609,6,2023-11-26 21:36:15
未妥投_a1i1,6425297730,0,0,0,100,,画壁师羽哥,6012313233,2,2023-11-26 21:12:14
之之忆儿,1925359328,0,0,370000,370100,,初中的时候听 现在大学毕业了[流泪],6012306866,1,2023-11-26 20:55:30
最终幻想VIII陆行鸟,248068623,41,2,410000,410200,纸新娘祝小红！！煞金刚梁少平！！陶梦嫣陶怼怼！！痴傻戏将军荀元丰！！牵丝戏，银临阿杰，古风曲风，傀儡翁，牵伴一生的傀儡相伴，别离的一生牵恋！！,《牵丝戏》是由银临、Aki阿杰演唱，并于2015年推出的古风单曲。通过描绘傀儡翁与牵扯一生的傀儡之间的相伴、别离，来诉说一段牵恋。,6012238456,3,2023-11-26 18:53:14
沈梦ya,3259036815,8,2,230000,230100,,我喜欢这种 类型,6012237508,2,2023-11-26 18:53:01
嘟嘟嘟嘟懒,8568625748,23,0,0,100,,不知道评论区有没有石家庄的女孩，想在今年一起过圣诞节，如果哪天下雪了一起堆雪人、打雪仗、吃火锅、圣诞树下许愿。会成为很好很好的朋友,6012241000,1,2023-11-26 18:52:52
姒啊姒啊,1744714237,0,2,0,100,空气寂静 树林沉默 今夜我爱你。,“我和你 最天生一对”,6012227688,2,2023-11-26 18:32:59
_Queencard_,256229345,0,1,0,100,热恋降临,健康🌹,6012198101,0,2023-11-26 17:16:12
用户2017726818,2017726818,0,1,130000,130400,,初一听的，现在大二了[呆],6012190542,0,2023-11-26 17:04:43
无畏宝宝__,8461280022,0,2,0,100,无畏的小老婆,无畏再拿冠军吧,6012190950,1,2023-11-26 17:00:36
好丽友不加派,1388491065,0,1,0,100,羊羔与灰狼跳华尔兹,你大概也十四五岁吧,6012159894,0,2023-11-26 15:49:10
川白芷,29355220,0,2,0,100,听晚风,相互走失的人双方都有责任,6012108050,2,2023-11-26 13:49:24
云村村民169435679004976,8844088840,0,0,0,100,,现在都快24年了，还有人在听这个吗？戏腔之后的那一段间奏真的我哭死,6012100468,631,2023-11-26 13:37:39
一千二佰首,126838796,22,1,410000,410100,回到起点，看到黎明,上次陪我听这首歌的人已经八年没联系了,6012091992,3,2023-11-26 13:13:05
一千二佰首,126838796,22,1,410000,410100,回到起点，看到黎明,上次陪我听这首歌的人已经八年没联系了,6012091366,1,2023-11-26 13:13:05
小颖金榜题名,8672697878,0,2,420000,420300,你也可以抱紧小颖颖嘛,一样啊 姐妹,6012088300,0,2023-11-26 13:08:31
灰烬丶落星,3893757412,0,2,440000,440700,散伙是人间常态，谁都不是例外,笫一次听二年级，现在初三,6012087389,0,2023-11-26 13:07:39
灰烬丶落星,3893757412,0,2,440000,440700,散伙是人间常态，谁都不是例外,八年咯,6012088934,1,2023-11-26 13:03:57
路逍渺,2093236566,20,2,370000,370300,脚下的影子，从来不肯像极了谁。,转眼间2023，八年过喽。,6012067677,3,2023-11-26 12:24:12
流阳故影,6429415140,0,2,310000,310101,,初一听的，现在高二,6012061565,1,2023-11-26 12:08:45
滴答滴答滴O_o,8528364572,0,0,460000,460100,,主要是家庭情况都不错,6012031933,0,2023-11-26 10:57:59
纳吉先生,1744989427,20,1,610000,610100,Je serai toujours le roi de vos petites gens.,恭喜恭喜,6011957569,1,2023-11-26 06:10:11
-鲟榅x,8073027317,0,0,0,100,,求了悲悯众生的菩萨  佑我长安 长安,6011951690,2,2023-11-26 05:16:40
-鲟榅x,8073027317,0,0,0,100,,原谅我这一生的平庸错落 你也该有属于自己的春.,6011955173,1,2023-11-26 05:15:07
S-浊玉,1853900015,0,1,220000,220700,哈喽哈喽,我大二了呀,6011860704,1,2023-11-26 00:06:29
树里不是树,7893817799,0,2,420000,421100,あなたは満開している山々優しさ,经典老歌永远听不腻，现在也只能从老歌中回忆了,6011737357,3,2023-11-25 20:34:34
Dream_idro,3996268211,7,2,350000,350500,“我于春日迎百花而来，在冬日随大雪而去”,恭喜,6011638079,0,2023-11-25 17:13:13
诗华-yu,1713489469,18,2,610000,610100,火星撞地球，晨宇你最牛🌸🔒🔥,我也,6011582434,0,2023-11-25 14:51:19
诗华-yu,1713489469,18,2,610000,610100,火星撞地球，晨宇你最牛🌸🔒🔥,初中听的，现在大二[流泪],6011584899,2,2023-11-25 14:51:01
