用户4011614962,4011625606,0,2,320000,321100,,是我心动，我承认我心动了，偷偷给他安排这个vx语音，可能他再也不会给我电话。也不会懂我的心思吧,6040850021,0,2024-01-16 17:04:32
lianyyyyyy,1300665050,0,2,0,100,,侵如野火纷燃震如千军雷声绽这句词的咬字太好了,6040404461,0,2024-01-15 14:59:26
星夜伴海,95221753,30,1,130000,130100,,就听就听[多多耍酷],6040332701,0,2024-01-15 11:24:36
原舍九,3726386970,0,2,520000,520300,,莫名想到：“我自黑暗中绽放，在黎明中盛开，于天亮前死去。”,6040273852,0,2024-01-15 07:50:33
最后一书封,3399521333,0,0,370000,370600,fade.,到了能明白这句话的年纪,6040065659,0,2024-01-14 23:29:14
继续睡吧你歪歪,2039614805,16,2,440000,440500,.,神作！听不腻啊！！！,6039937924,0,2024-01-14 20:42:39
潮皇哈哈,8484712196,0,0,0,100,,别晃了我没晃 是风是风动还是心动,6039934991,1,2024-01-14 20:39:36
pjack_haian,1816161441,0,0,530000,530100,,B站desk剪辑来的致我时运不济的少年天才，我忠诚无价一人一城的大中锋，我命途多舛的前腰和我奉命于危难之间的小队长To my Tottenham hotspurTo Dele，Christian，Sonny and Harry,6039576840,0,2024-01-14 12:18:54
一只鼠条哦,5211102387,33,0,370000,370100,,对，不知道该说什么,6039508912,0,2024-01-14 10:42:51
公寓快乐萨尔萨,9050351971,0,0,0,100,,你,6039464362,0,2024-01-14 09:27:59
豆芽小菌,297971721,0,1,340000,340200,,2024了,6039132840,0,2024-01-13 21:18:41
江予夺-C,8967928214,0,0,0,100,刻苦铭心,往事清零爱恨随意,6038996123,1,2024-01-13 17:40:48
小摄郎75,7880350440,40,0,440000,440100,,听到“旧堂前”三个字的时候就被蛊到了[好听哭了][好听哭了],6038991361,2,2024-01-13 17:35:26
秋名山漂移少女,1487714359,0,0,510000,510100,,仁者心动,6038963162,0,2024-01-13 16:29:24
冷秋囐鑈,7800839763,18,2,230000,231000,我很懒，啥也没有,但是真的都很好听[色]都很喜欢[色],6038865492,0,2024-01-13 12:35:10
冷秋囐鑈,7800839763,18,2,230000,231000,我很懒，啥也没有,加一,6038865345,0,2024-01-13 12:33:11
美羊羊啃灰太狼,8019327076,18,2,510000,511100,,“如果我们活着出去的话 万水千山 你愿意 陪着我 一起看吗”。                            —王权富贵,6038855714,1,2024-01-13 12:19:01
当春天结束,1300900038,0,2,410000,410900,我们一起，成为一个句子吧去看天地交合，时间归于暗昧吧,风吹幡动，是风动，还是幡动？非风动，非幡动，仁者心动。,6038690878,0,2024-01-13 00:32:29
有关风月题序等你回,1296090398,0,2,350000,350100,遇见，热爱，唯有。,不是幡动，是我心动,6038668927,1,2024-01-13 00:00:38
风情永远绝配风情天生一对,8969333554,0,0,0,100,,大家听歌都是发表自己的感受嘛 既然这里没有主场提 这个也是没有关系的 不算ky[小红花],6038444159,2,2024-01-12 15:38:17
Rekas,1443859734,21,1,430000,430100,明月装饰了你的窗子,若非万重飞烟都过眼,6038423905,2,2024-01-12 14:46:06
稚沐颜,5074833024,17,2,360000,360100,少年没有乌托邦，心向远方自明朗,不是风动，不是幡动，是仁者心动,6038059736,2,2024-01-11 23:40:58
又到秋天了_,3998139551,0,0,0,100,就很棒～,十年后再次在旅途之中，不一样的心境。由衷说一句成长真好，虽然诸多迷茫，但是越发了解自己的过程真的很美好。,6038013945,3,2024-01-11 22:39:24
想啊想a,1840392572,0,2,420000,429004,,不是风动，是心动,6038001718,1,2024-01-11 22:25:58
听小羊的爱,6481072382,17,1,1000000,1005500,,在听吗，晚安，我想你了,6037975815,2,2024-01-11 21:44:05
侧耳倾听于风前,133820661,0,1,510000,510100,,我家是祖传算命的，但我不信这个。小时看见床旁有一团纯黑人影，我不怕；高考前爸梦中了我的高考分数，我不以为意；之后帮一低调同学算出他是个富哥，结果真是个官二代，我说本来如此。直到再在成都看见她，胸口挂着的古币落下，那一刻不知命运在动，还是心在动。,6037868848,5,2024-01-11 19:18:26
红丝绒可可,568789673,21,2,430000,430100,春风得意马蹄疾，一日看尽长安花,yyds😭😭😭,6037811419,1,2024-01-11 17:32:51
reallindadadada,1833525673,0,2,320000,320100,,可能在某个地方听过这首歌高潮部分，今天是第一次完整听，差点就错过这首歌了，词好曲也好,6037740523,1,2024-01-11 14:09:18
黄昏固化离子茶,3402000201,0,2,1000000,1006700,所以春天还会远吗。,我没晃！是风。,6037256850,3,2024-01-10 16:49:56
晴雨ofe,1441168886,26,0,630000,632300,,在船上的你，是随波逐流还是乘风破浪,6037208177,1,2024-01-10 14:38:04
疏影横斜lll,1378440128,0,2,350000,350500,,我游玩路线和住酒店地址都会跟我家人报备一下，晚上不怎么出去玩，回酒店就把能搬的东西全堵门口,6037191070,0,2024-01-10 13:35:20
疏影横斜lll,1378440128,0,2,350000,350500,,大景点一般人挺多的，刚开始我也挺害怕的，但是路上遇到的人都挺好的。地铁安检站务小哥和小姐姐都会帮我抬行李。,6037188746,0,2024-01-10 13:15:16
白月光bling,1914691838,18,2,130000,130500,,哇，真的吗？主要怕不安全,6037163458,0,2024-01-10 12:04:28
山河萤火森,5143612010,16,2,440000,440900,风向是会变的，总有一天会吹向更明亮的地方，听凭风引,你知道吗？当你降落在我的眼前时，一时分不清楚是心动还是风动,6037163886,3,2024-01-10 11:57:18
疏影横斜lll,1378440128,0,2,350000,350500,,自己旅游也挺好的，我在旅游的路上遇到挺多自己一个人游玩的,6037148733,0,2024-01-10 11:21:57
山河萤火森,5143612010,16,2,440000,440900,风向是会变的，总有一天会吹向更明亮的地方，听凭风引,能让困境中的你们感到好一些,6037142700,0,2024-01-10 10:58:43
山河萤火森,5143612010,16,2,440000,440900,风向是会变的，总有一天会吹向更明亮的地方，听凭风引,抱歉，学生党帮不了您什么，只希望您和您的女儿可以快点好起来，祝您的女儿，生日快乐！八岁的孩子还未见过世界之美，便临近日暮，但日暮又何尝不是一种日出前的黎明呢？愿你们可以挺过这一关，苦尽甘来。。。算是体会到“我在最无能为力的年龄，遇到最无能为力的事”的感觉，希望我微薄的希望和祝愿,6037143422,0,2024-01-10 10:57:55
忘忧_三生,3262410415,0,1,340000,341500,,是我心动,6037122659,0,2024-01-10 09:45:48
-lovemyself--,3860398896,0,1,1000000,1004400,..“情”字最难解 最磨人了,我,6037007348,0,2024-01-10 00:06:45
欲往白玉京上游,1766893586,0,1,430000,430700,,2024年也可以听啊,6036992559,0,2024-01-09 23:45:55
橘子祈祈,8038523710,0,0,610000,610900,,风帆亦未动，动自心尔,6036909117,4,2024-01-09 21:03:45
白月光bling,1914691838,18,2,130000,130500,,我总是，总是想，会有个人能陪我去到处玩，但是，我一直在找，找不到……我决定，不期待了，要自己学着一个人去旅游,6036845307,1,2024-01-09 18:42:52
槢凘,8619859419,18,1,320000,320900,,不是风动，也不是幡动，而是我的DNA动了,6036842745,3,2024-01-09 18:28:07
远归_honor,1711072734,25,1,710000,711700,,好了，说的很好，能删了吗,6036777404,0,2024-01-09 15:25:04
一曲肝肠寸断了,387187106,0,0,320000,320500,,孤寂,6036713507,2,2024-01-09 12:12:15
盺晤,9065864108,0,0,0,100,,答案也许在未来,6036448182,1,2024-01-08 21:26:28
口水鸡_,8065024,21,0,150000,150700,不应,风动 幡动 还是少年心动？,6036397948,4,2024-01-08 19:51:21
-什造--,1789341298,18,2,320000,320500,,+1是风动是心动,6035658374,0,2024-01-07 22:41:44
凌晨-想N,8855766192,0,0,0,100,,好多烦心事 都在脑子里 徘徊着我好累 好想哭.,6035566512,3,2024-01-07 20:18:52
念初叶子,1441103299,24,1,510000,510100,不定时更新,不执着于情爱的东西,6035329282,1,2024-01-07 12:56:16
借此窥天光丷,3926879241,0,2,110000,110101,,新年快乐!,6035327598,0,2024-01-07 12:55:55
小患幸,1942615662,0,2,350000,350500,,太绝了，我正边听边翻着评论区，刚好看到的时候就刚好唱到这句,6035321578,0,2024-01-07 12:45:15
蟹老板的罐头鱼coc,357560187,0,0,0,100,如果我们选择的道路相同，破晓时分就能再见面,stoirm,6034890881,0,2024-01-06 20:18:27
香菜和苦瓜真滴好好吃,554312277,0,0,440000,440100,白居过隙,2024我还很爱[多多大哭],6034785666,0,2024-01-06 16:50:37
Wwww_4521,4040227621,0,0,0,100,,风动、幡动亦是心动…,6034642448,2,2024-01-06 11:19:28
三条鱼的乐子人,305933357,34,1,440000,440100,,挂了吗,6034598233,1,2024-01-06 09:25:31
世梦YS,1875652405,0,0,0,100,,由爱故生忧，由爱故生怖。若离于爱者，无忧亦无怖。,6034532622,3,2024-01-06 03:08:55
twilight棠,1310963397,18,2,220000,220100,一整个宇宙 换一颗红豆,风箫帆帆春天见,6034521104,4,2024-01-06 02:04:49
L5276,2023834320,0,0,0,100,5276,2024年再听是风动还是会很心动,6034511358,6,2024-01-06 01:42:35
一亿泡泡,1673463312,20,2,0,100,希望听到更多宝藏歌曲~耶耶耶,他们理想的状态就是，将自己万般情绪怀抱于心，内心翻滚万千，但在外表现时只是默契地相视一笑或化作拥抱，即歌词里唱到的，青山撞我入怀，我应不动如是。你可以想象那样的画面，我觉得只有非常灵魂契合的人，再重逢时才会有在外人看来淡然简单的行为。我觉得特别美好[可爱],6034471085,0,2024-01-06 00:24:09
一亿泡泡,1673463312,20,2,0,100,希望听到更多宝藏歌曲~耶耶耶,我感觉歌词没有主要只讲两个人的感情，因为看感情的话会比较散。但是硬要将感情也可以。我会理解成，两个人金风玉露一相逢，互相喜欢，并非常珍视这段偶遇，但是彼此都知道分开是必然的，但内心仍然珍藏着这段喜欢，我会把后来的那些看似相逢的，看成是他们彼此在心中想象见到彼此应该用一种怎样的心态,6034468865,0,2024-01-06 00:19:30
小圆圈圆圆,513369130,0,2,1000000,1003000,摘星建高塔  做勇敢的大人吧,看女将星的时候一直循环这首歌,6034442707,1,2024-01-05 23:59:32
墨尘之羽,6416870919,0,1,320000,320100,,我还是喜欢前几年的歌，现在的都是什么妖魔,6034426980,3,2024-01-05 23:26:22
千峰回,1357053929,0,0,230000,230100,,缺爱的细狗开始emo了,6034411660,1,2024-01-05 23:06:59
咩狸猫,7963497589,0,2,360000,360800,他们都说我好帅，为了追到我想破脑袋，他们都说我好帅，我的照片每天被倒卖,每次一听到这首歌，脑海就自动带入了狐妖小红娘，苦情树下，所念都不得偿,6034305278,2,2024-01-05 19:41:53
濛--,1822002826,16,2,110000,110101,,“是风动，还是幡动”“是我心动”,6034283076,4,2024-01-05 18:53:08
很会吃手手舔毛毛呐,1390120125,0,0,310000,310101,,突然发现2017年左右的比较火的老歌我即使不熟也至少听过一点…我留在了那时…,6034241115,2,2024-01-05 18:05:32
很会吃手手舔毛毛呐,1390120125,0,0,310000,310101,,请问同学现在多大（来自已经不再是高中生的人,6034240043,0,2024-01-05 18:03:00
苏瑾年a_ZJY,8292378047,0,2,0,100,暗恋一旦成了明恋，要么更进一步要么满盘皆输。,那年冬天不止有风动，还有心动,6033812434,2,2024-01-04 21:58:22
林鹿饮溪林渐深,6433786341,0,2,370000,371700,,新年快乐,6033677132,0,2024-01-04 16:11:11
我的太阳先生要幸福,9027540273,0,0,0,100,,求期末不挂科,6033632944,3,2024-01-04 13:47:29
阿榕rogn,1327303134,22,1,510000,511300,,妩媚,6033482559,0,2024-01-04 01:35:09
弋颗仙仙桃,277591977,25,2,120000,120104,一个来自天津的老baby。是个大咧又细腻的人，可聊愈，可搞笑，可唱歌～别害怕，桃子跟月亮一直陪着你。🌙,还是原版最生动,6033423594,1,2024-01-03 23:58:35
漓彬,1676387794,22,1,430000,430100,遇见是福气，不遇见也是,24年了怎么还在听,6033286141,6,2024-01-03 19:51:21
得想办法娶到李信,6449688277,0,2,440000,440600,,举手🙋,6032974798,0,2024-01-03 08:55:31
受不鸟了-,8103345238,0,0,0,100,,我也是，一听这首歌就想到双玄[多多大哭],6032882467,1,2024-01-03 01:09:55
凡只,8345154982,13,1,360000,360100,,是风动？是幡动？是心动,6032665570,1,2024-01-02 20:33:11
重名鬼才,1485276473,0,2,610000,610500,一个听歌的人，没有诗，没有酒，没有故事。,23年好多古风歌手都活跃起来了，所以河图今年你能不能也开个演唱会啊啊啊[流泪],6032617602,13,2024-01-02 18:54:29
重名鬼才,1485276473,0,2,610000,610500,一个听歌的人，没有诗，没有酒，没有故事。,加一，新年快乐！,6032617388,0,2024-01-02 18:51:15
无眠曜,1515013974,0,1,450000,450600,,或许你已经知道我是谁了  但是依然希望你能释怀  走出去  其实那个人真的很一般  我猜想  这也不过是年少时的执念罢了  何必一直在记忆的长河里刻舟求剑呢   我不后悔曾经爱过你  回头看但是不要回头走  那就祝你  陈女士  在2024捱到新天地,6032357005,3,2024-01-02 02:05:28
浮生梦中步相逢,1767840986,0,1,410000,411700,等到的如果是哭泣的话，就毁灭吧。,心猿意马就相拥，这句话真的触动我，现代人太理性了，不相信爱情，做不到冲动，没有气劲，是我们出了问题，还是社会出了问题？,6032279311,3,2024-01-01 23:27:31
愿待此生成真月,1789386954,0,0,0,100,,不是风动，不是幡动，仁者心动,6031893787,2,2024-01-01 13:58:29
白玉为昭ly,8483899628,0,0,0,100,,希望国家重视一下古语的随时而进的教育，与时俱进，生生不息，重峦传承,6031873578,6,2024-01-01 13:25:41
韦斯林weslyn,255529026,25,2,410000,410500,,同样也在为风动心动,6031700377,1,2024-01-01 04:29:58
韦斯林weslyn,255529026,25,2,410000,410500,,新年快乐,6031700366,1,2024-01-01 04:29:33
星早语,392533766,0,2,1000000,1010000,和羞走，倚门回首，却把青梅嗅,2024年还是在为是风动心动,6031698398,79,2024-01-01 04:25:22
用户6275137940,6275137940,0,0,0,100,,祝你释怀 谢谢你曾作为一束光照亮了我的黑暗世界,6031601434,3,2024-01-01 00:48:36
夕言敗,6372795957,18,1,440000,440900,,有谁2024还喜欢 是风动 [云比心],6031555921,6,2024-01-01 00:05:38
用户1441068391,1441068391,37,2,510000,510100,,我第一次知道这首歌是在初三的课间,6031126083,1,2023-12-31 10:20:33
人类观察者喵,337822173,0,2,0,100,,缘 起 性 空 因一念心动，而生三千世界 若无心动 “我想到这世界看看” 又何来风幡动？ 幡动亦是静之极。,6030896756,2,2023-12-30 22:12:48
萧雪苏苏,1618579041,21,2,320000,320100,这世间所有关于爱和我的——,是风动，是我心动。,6030889814,2,2023-12-30 22:00:39
人类观察者喵,337822173,0,2,0,100,,爱人应如风,6030883563,1,2023-12-30 21:57:12
人类观察者喵,337822173,0,2,0,100,,以及 执着与放下,6030886961,0,2023-12-30 21:56:57
人类观察者喵,337822173,0,2,0,100,,太棒了,6030884230,0,2023-12-30 21:54:23
人类观察者喵,337822173,0,2,0,100,,初听不知曲中意，再听已是曲中人。,6030884118,3,2023-12-30 21:53:18
时谜your,550853758,19,0,0,100,一定要上岸,河图，银临，还是小学的记忆的人,6030757212,4,2023-12-30 17:10:10
绿色的公子四大鬼王之首戚容,8693702271,0,2,0,100,,双玄，无解风师娘娘年芳二八风师娘娘风趣潇洒风师娘娘善良正直风师娘娘无处为家,6030702785,36,2023-12-30 14:46:27
立十大旺旺,1472031970,27,2,220000,220100,,原来，他也一直在看我,6030536346,3,2023-12-30 09:50:19
失约_lnjn,4035105942,17,2,0,100,交友,双玄,6030464712,1,2023-12-30 02:21:32
周三_Lc7s,9047088573,0,0,0,100,,今年就快结束了 好幸运 我遇到了你,6030352966,4,2023-12-29 22:06:58
周三_Lc7s,9047088573,0,0,0,100,,今年就快结束了 好幸运 我遇到了你,6030349453,1,2023-12-29 22:05:32
一定要坚持阅读,1543836940,0,0,530000,530800,小憨包是冉冉,啊，双玄好像是风师和地师呀，风水是两个亲兄弟,6030324339,0,2023-12-29 21:14:14
你别说话了行吗,442585387,23,2,130000,130100,分享应该被认真对待,是风动 还是幡动？,6030248411,1,2023-12-29 18:09:22
弦外刻,1428958184,0,1,0,100,白一,河图吗,6029985603,1,2023-12-29 00:28:35
海色-_-,330257898,33,0,320000,320400,不断接受感官刺激的人，心里太过脆弱，也很容易被人乘虚而入,是怦然心动！  开钢,6029852356,1,2023-12-28 21:03:50
wqfhhm,68629063,0,2,0,100,,嵇康吗,6029314438,0,2023-12-27 23:12:12
-顾盼洲舟-,253804640,24,2,320000,320100,寒来暑往，秋收冬藏,好听！,6029221995,1,2023-12-27 20:04:18
-辰渊-,8826329697,0,0,0,100,,谢谢你的解读,6029087683,2,2023-12-27 17:02:10
杀震天下事,570121140,0,2,0,100,于繁华中窥见真实，流光溢彩，心中清明。,且观风月，醉眠人间,6028560290,0,2023-12-26 19:46:21
一兀的幻想世界,1441103265,38,0,510000,510100,,若不是心在动又怎会起波澜,6028297408,1,2023-12-26 14:33:26
是小刘小刘_,1865969939,22,2,430000,430100,数字“9”,“是风动，还是幡动？”“是我心动。”,6027896615,2,2023-12-25 19:33:37
用户6477231047,6477231047,0,0,440000,440300,,上个月听到了临姐的现场，多希望什么时候能听一次你,6027891453,2,2023-12-25 19:19:22
奴陌,351555032,0,2,0,100,,原来已经那么多年了,6027868933,2,2023-12-25 18:21:07
羽阳阳阳阳,5170182971,0,2,130000,130100,,这首歌和你说的这俩有关系吗,6027837368,4,2023-12-25 17:12:08
我萝莉控骄傲,1441068399,11,0,510000,513200,,佛性不灭，此心不动,6027709446,0,2023-12-25 11:06:27
nieeeeee859,3328259110,0,0,510000,511000,,依然如此动人心弦,6027633218,3,2023-12-25 07:16:31
GR1FF1TH,409486916,0,0,0,100,,好多年前的歌了[流感],6027545582,7,2023-12-25 02:27:59
谦行的人生,423283245,32,1,350000,350200,低谷的深度，决定巅峰的高度。,六祖坛经中，慧能说过: 不是风动，不是幡动，是心动，心动的感受才是最真实的，也是最美好的时光，珍惜人生的时光，去体验不一样的感受，人生就是来体验的。老气横秋，假装成熟都无用，青春就是来绽放和展现，人生应该有张力，活力，中二也没关系，风动，幡动，比不过心动,6027378056,3,2023-12-24 22:47:25
谦行的人生,423283245,32,1,350000,350200,低谷的深度，决定巅峰的高度。,我一直在倡导大家去追求不一样的人生体验，而不仅仅局限于游乐，还可以看看山川湖海等大自然的气息，更应该深入文化去感受每个地方的人文气息，或者深入每个不同的人生角色，去扮演，去感受，去感受他们的温度，六祖坛经中，慧能说过: 不是风动，不是幡动，是心动，心动的感受才是最真实的，也是最美好,6027378931,3,2023-12-24 22:46:50
光似箭刺心扉,1522535795,0,1,320000,320400,当心中的那颗种子顶开了压住它的石头，将会焕发出无穷的生命力。,网抑云，e来！,6027345573,2,2023-12-24 22:03:20
多多_th1V,3974333681,19,2,370000,371500,,不是风动 不是幡动 仁者心动,6027241328,2,2023-12-24 19:24:26
有有厘子,1474764644,20,2,370000,371400,有趣的灵魂,回想起了高中的学政治的时光,6027237556,5,2023-12-24 19:17:52
万里覆泽芜,2016981809,0,0,0,100,,是的～有种热烈的感觉。喜欢么？喜欢，那就抓住现在，抱一下吧！,6026798430,0,2023-12-24 00:05:08
海棠赠微雨_r-w,5210614584,0,1,330000,330700,,风师扇！风来！,6026622957,6,2023-12-23 18:24:21
备婚订婚版的幸福女人,1980424251,22,2,630000,630100,,对，看山还是山，看水还是水。,6026540429,0,2023-12-23 15:02:13
备婚订婚版的幸福女人,1980424251,22,2,630000,630100,,完美闭环,6026540239,2,2023-12-23 14:59:13
ll_七零八碎,3580304381,4,2,360000,360800,少年自有少年狂 心向骄阳万丈光,听到这首总是会想到双玄他是风 他是水 一风一水 风吹水动 水怎会不心动,6026435327,17,2023-12-23 10:06:47
嗷嗷嗷呜嘟,341492340,0,0,1000000,1007700,,加油，一定上岸,6025570721,8,2023-12-21 14:41:59
冰水潇箫,1441068500,31,0,510000,511300,,加油呀！祝我们都能上岸,6025551275,2,2023-12-21 13:29:43
用户5034583165,5034583165,0,0,0,100,,禾宴,6025514424,0,2023-12-21 11:43:54
哈迷2004,573972161,0,2,150000,150100,,“难道轮回就不同”，再走那条路，我还是会做同样的选择吗？,6025476677,5,2023-12-21 09:46:29
周敦素,1710426506,0,0,210000,210100,,快2024咯,6025445413,0,2023-12-21 07:12:38
术-南宫流云,4892921604,18,1,0,100,。,回不去了啊！五年前,6025392148,4,2023-12-21 01:06:31
门后烟火-,425014724,27,2,310000,310101,风如果要走，你是无法挽留的﹉0111,17年啊…那年正是我大学去苏州实习，真想回到那时去考个本，可是错过了就是错过了，或许回到以前也不一定会比现在过得好,6025302241,1,2023-12-20 23:11:52
暮色对饮茶,7828819371,20,1,340000,341100,我生已悦我，而非他人所困。,古风一哥与古风一姐[色],6025254418,7,2023-12-20 21:53:14
-风起水亦动-,2025006822,23,2,110000,110101,“With you.”,六年前？！,6025189532,5,2023-12-20 19:46:45
加一不加零,8378453197,0,0,0,100,,这个角度好酷,6025165001,0,2023-12-20 18:46:19
ze-eI-ze-e,612670926,20,1,330000,330600,不出意外，十年后我27。,回忆坐标：听歌次数超越了全站99%我真是超爱,6024958427,2,2023-12-20 11:05:57
w我呀咚吧啦,1327287306,0,2,0,100,从此山南水北爱不相逢,不算今天，距离考研还有两天，看到这首歌名第一时间就想到了刚开始看涛涛老师政治课的时候，涛涛老师讲的风吹幡动，希望命运的经幡能在今年扶摇直上，希望我们都有不含遗憾的结果。,6024911485,4,2023-12-20 09:18:36
斯卡拉姆齐-挚爱,8571048846,0,0,0,100,,一直在压制啊,6024387604,0,2023-12-19 11:11:08
川穹w,403564887,23,1,320000,320200,不寐望江南。,是心动 是输了,6024264323,2,2023-12-19 00:47:20
你丞哥姓蒋_king,2061090213,0,0,0,100,,是啊，回不去了，遗憾终究是遗憾，只是风动,6023529901,10,2023-12-17 14:49:09
-风起水亦动-,2025006822,23,2,110000,110101,“With you.”,风师大人！青玄！[流泪][流泪],6023441637,38,2023-12-17 11:21:40
-风起水亦动-,2025006822,23,2,110000,110101,“With you.”,风来！,6023445134,4,2023-12-17 11:20:52
居家必备小太阳,1351416155,0,0,0,100,（笑）,这也是我回不去的过去,6023352487,3,2023-12-17 03:33:06
爱爱爱Tina,5069696976,0,2,0,100,像个孩子一样无忧无虑,挪威森林里面有句话：每个人都有属于自己的一片森林，也许我们从来不曾去过，但它一直在那里，总会在那里。迷失的人迷失了，相逢的人会再相逢。风吹幡动我也动心了……,6023252443,3,2023-12-16 23:32:47
卿云Rachel,1498744833,0,2,410000,410300,于万人中万幸得以相逢,来啦,6023228656,1,2023-12-16 22:52:37
----小瓶子----,1632237456,27,2,140000,140400,不烦世事 满心欢喜,@道玄心清 很是会推荐,6023007264,1,2023-12-16 14:41:44
市场出2-StepGarage,8628779799,0,0,0,100,,想到了风师娘娘,6022914331,8,2023-12-16 11:16:25
为爱跳过鸭绿江_t,385171623,0,2,410000,411600,遇事不决，可问春风,17年听的,6022852460,0,2023-12-16 07:23:27
创死我得了,8777980955,13,1,430000,431000,这个人很神秘。。。。。。。,学校广播站天天放这首歌,6022771059,2,2023-12-16 00:29:38
_吃的,372320349,0,2,0,100,只要活着，就会有好事发生！,太会写词了，太蒂了，有种被子弹击中眉心的感觉,6022664152,3,2023-12-15 21:36:11
奈何-k,3951397142,0,0,1000000,1001300,,嗯嗯感谢,6022570675,0,2023-12-15 18:27:17
奈何-k,3951397142,0,0,1000000,1001300,,嗯嗯，感谢,6022573451,0,2023-12-15 18:27:10
墨幽蓠,4043043972,0,2,0,100,雾里看花，隔岸观火,不是风动，不是幡动，是我……心动,6022569199,2,2023-12-15 18:18:52
chen_32wf,8585119782,12,0,370000,370300,早年恐婚+日常发癫+暂退美术生,“风师娘娘年方二八，风师娘娘貌美如花，风师娘娘无处为家…”,6022409928,5,2023-12-15 10:22:44
剑锋忘尘,1479095530,0,0,0,100,,听了那么多年都不腻，词太绝了，各个典故也用的恰到好处。超爱的两处：“我是你途中有青山撞入怀，不动声色见你如是才自在。”——我见青山多妩媚，料青山见我应如是。“以为积雪成川有孤鸿不知疲倦”——雪泥鸿爪：人生到处知何似，应似飞鸿踏雪泥。,6022235599,173,2023-12-14 23:29:51
转角遇到的爱被我撞死,5178469828,0,0,140000,140100,,这么多年了，听到这首歌，还是会心动,6022233155,7,2023-12-14 23:21:03
原顾绝配_MuOA,8853062155,0,0,0,100,,双玄，双玄，永远死局，偷换命格，飞升成神，沦为乞丐，断手断脚，风光无限的神本该是贺玄，没想到成为了黑水沉舟，“明兄我不想当神仙了……,6022022518,10,2023-12-14 20:11:30
冬青叶冬青,1465782842,29,2,1000000,1005900,音乐🎶，无国界。,唯心主义，主观唯心,6021973199,0,2023-12-14 18:31:04
一望甜满心,510787749,0,1,0,100,平山海☀️，遇伊人💗 ，不早不晚，刚好是你                                                同时收藏好听的各类歌哈哈哈,还是挺明显的，河图大大独特的音色和银临的区别蛮大的,6021846515,0,2023-12-14 12:00:49
我爱叉着腰,1797343144,0,0,320000,320500,我被光所诱惑,「年轻气盛时真的是太随意的对待感情了」,6021832504,2,2023-12-14 11:16:53
鹿崽儿要抱抱,8291262056,20,2,370000,370100,,是风动，更是心动,6021584745,1,2023-12-13 22:54:56
鹿崽儿要抱抱,8291262056,20,2,370000,370100,,是啊，不动声色是我唯一的表演,6021582194,0,2023-12-13 22:54:25
鹿崽儿要抱抱,8291262056,20,2,370000,370100,,求不得就偏宠 心猿意马就相拥。最爱的一句[多多耍酷][多多耍酷][多多耍酷][多多耍酷],6021578627,3,2023-12-13 22:53:45
鹿崽儿要抱抱,8291262056,20,2,370000,370100,,是我似曾相识的那一面。我和他的第一面,6021581973,1,2023-12-13 22:52:15
Rubusideausl,102686176,0,2,210000,210200,一只咸鱼,桃元宝宝,6021327463,0,2023-12-13 20:25:28
图大我是最烈的人,1351535420,0,2,440000,445100,,第889遍,6021266339,2,2023-12-13 19:31:37
小丛雨重度依赖,485781768,0,2,440000,440300,,18年[多多大哭],6021104224,0,2023-12-13 16:51:26
鹿崽儿要抱抱,8291262056,20,2,370000,370100,,不动于心见你如是才无憾。呜呜呜呜[多多难过][多多难过][多多难过][多多难过][多多难过][多多难过]啥时候才跟我一起,6021047527,1,2023-12-13 15:58:55
鹿崽儿要抱抱,8291262056,20,2,370000,370100,,求不得就偏宠心猿意马就相拥，是风动还是幡动轮回难道就不同，你是我身外化白云任去来，推开孤城万里吹渡春风几千载，我是你途中有青山撞入怀，不动声色见你如是才自在，难道逆水行舟的执念。你是我的执念[多多可怜][多多可怜][多多可怜][多多可怜][多多可怜],6021051310,1,2023-12-13 15:56:26
鹿崽儿要抱抱,8291262056,20,2,370000,370100,,仿佛是我，爱而不得？(｡í_ì｡),6021051100,1,2023-12-13 15:52:35
漂浮S4,8904027696,0,0,0,100,,逝去的不再来,6020942924,2,2023-12-13 12:00:09
小相星禾,282584049,0,2,0,100,藏在星星里的浪漫。,故地重游,6020827638,0,2023-12-13 08:11:38
希希羲羲,1743305772,18,2,1000000,1001900,安耐毀譽 八風不動,痴人说着梦 都道是情之所钟,6020814656,1,2023-12-13 07:00:25
长岁安,279977568,0,2,0,100,♡♡,我和你的感觉差不多，有一种两人各自想着另一个人，为取暖而将就的感觉,6020753467,3,2023-12-13 00:57:23
是凌洛啊,418958534,0,0,0,100,,仁者心动,6020716011,0,2023-12-12 23:57:52
圈圈点点又圈又点,119250164,21,1,0,100,想了很多，写下的却只有圈圈点点又圈又点,风吹我心动,6020558934,2,2023-12-12 20:08:05
又聋又瞎沈十六,1419665964,0,2,0,100,人间不值得,是风动，还是幡动？,6020487715,3,2023-12-12 17:07:29
无度一梦,566785830,0,0,0,100,山中何事？松花酿酒，春水煎茶.,青山元不动，白云自去来。,6020447167,1,2023-12-12 14:51:34
无度一梦,566785830,0,0,0,100,山中何事？松花酿酒，春水煎茶.,同一个编曲,6020443435,0,2023-12-12 14:50:40
好想养一只橘猫啊,323377111,0,2,0,100,,不是文，是一个空友发的：以前看刻舟求剑觉得这个人好傻，他难道不知道剑在中央掉下了水，跑到江边是找不到了吗？现在才明白，多少人一次次返回某个节点想找寻失去的东西，但是只能站在船边徘徊，失去的东西永远不会回来。故地重游本身就是刻舟求剑。转发区：难道逆水行舟的执念是你刻在船舷的那一剑,6020423247,4,2023-12-12 13:42:31
好想养一只橘猫啊,323377111,0,2,0,100,,不是文，是一个空友发的：以前看刻舟求剑觉得这个人好傻，他难道不知道剑在中央掉下了水，跑到江边是找不到了吗？现在才明白，多少人一次次返回某个节点想找寻失去的东西，但是只能站在船边徘徊，失去的东西永远不会回来。故地重游本身就是刻舟求剑。转发区：难道逆水行舟的执念是你刻在船舷的那一剑,6020421702,10,2023-12-12 13:42:23
过往难再,560410054,21,1,130000,130300,,这首歌真的是两个人唱的吗，可我完全听不出男声啊,6020258340,1,2023-12-12 00:51:41
执子之手I与子偕,3883979203,0,0,420000,420900,,话说银临今年就两层演唱会吗？抢不到票啊。,6020148822,1,2023-12-11 21:55:58
宝贝乔乔耶,1662615804,19,2,340000,340100,,非常好,6020112285,1,2023-12-11 20:48:16
不是老弟你有啥实力啊lly,8989787268,0,0,0,100,,不像啊,6020068586,0,2023-12-11 19:24:32
不是老弟你有啥实力啊lly,8989787268,0,0,0,100,,你看过天官吗，天官我就是感觉双玄死局,6020070262,1,2023-12-11 19:23:02
惊鸿公子白_,469237059,0,0,0,100,,前天听到了现场  很感动,6020052978,1,2023-12-11 18:40:37
1-v-3,1920377738,0,0,0,100,,是女将星啊😭😭😭,6019996690,0,2023-12-11 16:15:34
啊喂晚安,376345781,0,1,440000,440600,,乐了,6019993256,0,2023-12-11 15:56:21
风休云驻且悠宁,2059204174,0,0,110000,110101,只爱cdn,[钟情][流泪],6019896834,0,2023-12-11 10:38:30
冬蝉东,603847102,0,1,540000,542600,曾经我是皮皮鲁,删了吧，求你了,6019629092,1,2023-12-10 20:02:19
yuoyuy,5217153342,0,2,0,100,,不动声色,6019613374,1,2023-12-10 19:31:09
三丹皮,331214628,21,2,110000,110101,要大笑要做梦要与众不同—,更动心的那个人 大概会更容易痛心吧,6019550926,2,2023-12-10 16:53:22
情绪Axure,8467017040,13,2,1000000,100,,风师大人年芳二八   风师大人貌美如花  风师大人英俊潇撒   风师大人幽默风趣🥺,6019473958,4,2023-12-10 13:56:31
情绪Axure,8467017040,13,2,1000000,100,,😭😭😭,6019471996,0,2023-12-10 13:52:48
陌寒_M,3254360099,17,1,210000,210200,,何以歌并不是爱而不得啊，魏无羡和蓝湛是he,6019464168,1,2023-12-10 13:37:31
梅溪桃湘,1934518919,16,2,330000,330100,等一位卖花姑娘呐.,是同一位老师作曲[多多比耶],6019410542,2,2023-12-10 11:39:32
奈何-k,3951397142,0,0,1000000,1001300,,这前奏有点像拜无忧,6019253767,2,2023-12-10 00:40:42
山渐青yu,1385779561,0,2,0,100,槐根梦觉 苦尽甘来,百听不厌[流泪],6019026835,1,2023-12-09 17:58:10
硕硕鼠鼠鼠,324063499,0,2,0,100,,伟大的,6018974938,1,2023-12-09 15:55:43
叉叉叉叉叉出去,3854080455,0,2,330000,330100,,是的！！这两首真的超级好听了！！,6018975781,0,2023-12-09 15:55:35
汐nices,1543389819,22,2,130000,130700,永远是自己！,风幡非动，动自心耳。,6018913296,7,2023-12-09 13:17:55
Mumei_無名,361305040,0,1,220000,220100,。,我爱过黄元宇，但是，永远不要再见了,6018905639,4,2023-12-09 13:05:24
布丁乱炖,4893377725,0,0,0,100,,来回忆当年了[多多捂脸],6018897515,1,2023-12-09 12:42:30
cc锦淋,1598625153,0,2,0,100,琳琳,是凤鸣,6018851305,1,2023-12-09 10:50:34
白菜味的白菜,1326646187,0,0,350000,350100,,故地重游,6018796219,1,2023-12-09 07:33:44
鹰宝PENGUIN,566527175,23,1,230000,231000,the end,起风了➕何以歌➕牵丝戏,6018628530,2,2023-12-08 22:28:57
Layceni,381901730,0,1,0,100,常听常喜，银临子❤,爱闲能有几人来,6018473218,1,2023-12-08 18:17:20
霸气外露阿飞,3720426995,0,0,330000,330200,,2023年年底再次打卡,6018351936,1,2023-12-08 15:57:53
小相星禾,282584049,0,2,0,100,藏在星星里的浪漫。,不知道大家有没有听过《何以歌》，当初也是疯了一样的单曲循环。这两首歌听完都有种爱而不得的感觉！[流泪][流泪],6018207819,13,2023-12-08 08:43:47
水星上的烟火,1392467781,40,1,440000,441700,在这里等待，我最有感觉的一首歌,盗将行，红昭愿，落花情，多情岸牵丝戏，拜无忧，对黄昏，梦回还，寄明月典狱司，恨枉生，东风志，将厌离，琵琶行何以歌，长生诀，将进酒，扬州慢，姻缘结造梦者，风华诀，相思赋，画中仙，长安忆，苏幕遮桃花诺，半壶纱，眉间雪，化鹤归，醉飞霜雁城雪，三世笺，锦鲤抄，逍遥游，虞兮叹，星月落,6018165305,2,2023-12-08 04:15:02
半生赏曲,255896445,25,1,640000,640200,谢谢各位音乐创作人！谢谢！,我见青山多妩媚，料，青山见我应如是,6017918918,3,2023-12-07 19:31:08
月亮水泥,1484587922,0,2,110000,110101,,你将永远不会知道,6017802693,1,2023-12-07 13:09:01
佛系狩猎者,1367302915,21,2,620000,620100,暂无,我个人的感觉是，不是你的话对任何人有点感觉都可以相拥阿巴阿巴,6017508060,4,2023-12-06 20:05:47
有人jpg,4977484537,0,2,110000,110101,,看到了一年前我的评论好感慨,6017420241,0,2023-12-06 18:00:16
京洛曹子建,136080764,27,1,310000,310101,等方块的红桃十,习习，阵阵，瑟瑟，猎猎我没在胡言乱语其实我在讲风其实我也没在讲风我在讲春夏秋冬,6017253784,1,2023-12-06 12:49:32
静电真的太烦了ovO,430742244,0,1,340000,340100,没回信息就是在放羊，一直没回就是羊丢了,拜无忧啊,6017181714,0,2023-12-06 08:59:16
静电真的太烦了ovO,430742244,0,1,340000,340100,没回信息就是在放羊，一直没回就是羊丢了,拜无忧,6017182629,1,2023-12-06 08:58:18
苏家阿曼,3241067122,0,0,440000,440100,,女将星😭,6016665628,0,2023-12-05 12:23:39
今安在焉,1441103247,23,0,650000,652300,,欲寄彩笺兼尺素，山长水阔知何处,6016658293,1,2023-12-05 11:49:33
浅巷里的一抹阳光,401640430,0,2,0,100,,“别晃啦”“我没晃，是风”,6016530253,5,2023-12-05 01:09:21
寻常调,7970898080,0,2,510000,511500,听长白又落雪，似故人遥相别,我们一定还会再见面的,6016405061,0,2023-12-04 21:56:38
慕慕慕慕慕慕慕斯捏,8502588069,0,0,430000,430100,,前奏无敌,6016365493,3,2023-12-04 20:44:46
wysa9972,1401660906,0,0,1000000,1010000,梦的尽头是海的入口,"会让你不可控地感到痛苦的，才是喜欢。",6016358715,2,2023-12-04 20:31:06
冰下旷野,1314423622,0,2,440000,440300,愿永远疯狂、清醒、浪漫地活下去。,故地重游，本就是刻舟求剑。说得好好！🥹,6016345437,7,2023-12-04 20:01:37
vin千屿千寻,2061076368,0,2,360000,360100,,青山原不老，为雪白头绿水本无忧，因风而皱,6016069258,3,2023-12-04 01:53:48
vin千屿千寻,2061076368,0,2,360000,360100,,不是风动，不是幡动，是心动,6016068609,2,2023-12-04 01:53:06
North_sunflower,1290390955,24,2,140000,140100,人间何所以，观风与月舒。,是风动，还是心动？是恋人的发丝飘动，还是眼角眉梢的爱意流动？,6015995147,2,2023-12-03 23:22:10
北城有星光,4988486061,0,0,500000,500101,,我,6015964226,1,2023-12-03 22:30:26
十三洲司,1998626458,33,1,430000,430100,音乐为救赎,2023年还记得这首歌，这都是我的青春啊[流泪][流泪][流泪][流泪],6015951344,5,2023-12-03 22:08:40
BRTYSL,1441142269,39,0,1000000,1002700,,你这是编的吧[多多捂脸],6015632395,1,2023-12-03 11:26:21
功名桥世俗dao,298740428,0,0,0,100,喜欢许嵩。,这首歌今天在脑子里循环了一天，睡前还是听一下吧,6015396883,2,2023-12-02 23:41:44
KK3号,1724873355,0,0,140000,140600,,2023年12月，还有人在听是风动吗？,6015379524,3,2023-12-02 23:17:21
颜妗卿,8440966557,22,2,130000,130200,2024 最后一年，为别人留长头发。不再剪短。也仅仅是留长头发，如果不再有希望的话，便不只是为了你。2024 是第一年，又美又瘦，头发长长钱包鼓鼓，读书锻炼，有教师资格证有车本，赛道多开双副业，又温柔又飒。2024 最后一个月我的目标体重 95 月入 8000经济自由2023 双副业已即将全部开启 未达目标绝不漏富,叠层茫泊层云起，古道相识道封烟。惊慌忙梳云鬓梦，你是逍遥我是仙。,6015289542,3,2023-12-02 20:33:31
ECHO-QSJ,8653904644,18,0,0,100,,从Crush喜欢列表里来的[可爱],6015201474,4,2023-12-02 17:04:25
音乐中的情感,420752820,0,0,1000000,1001300,一曲天地远，山水总相逢,谁家的水壶烧开了,6015189402,3,2023-12-02 16:36:22
樱落夏酬,480708647,0,2,0,100,爱古风 声控不能停,故地重游,6015083233,0,2023-12-02 12:31:28
因你而在-__-,1537513212,19,1,0,100,“你努力合群的样子，看起来格外的蠢。”,好听,6014871798,2,2023-12-01 23:20:50
音乐拯救域,8847090264,0,0,0,100,,第一开始在抖音听高潮听调还没反应过来，后来品味这歌词，加上这个调我的天太好听了,6014850638,0,2023-12-01 22:52:07
__Salome__,1856115462,19,0,0,100,做个有钱的碧池,山和云可以偶尔相逢但是不能长久相拥,6014183274,4,2023-11-30 21:15:14
不如吃茶去_dGrc,398992305,1,2,420000,421100,,刻舟求剑,6013625711,1,2023-11-29 19:17:02
哔哔叭叭啦啦,1307117805,19,1,440000,440500,,好像起风了[多多大哭][多多大哭],6013603074,0,2023-11-29 18:05:40
无尽的妖気,11362027,33,1,330000,330200,,纵有万般不舍，仍相忘于人间,6013595128,1,2023-11-29 17:44:10
-Roens予笙,8954122895,0,0,0,100,,我们曾经那么好 现在连问候都是打扰.,6013501964,4,2023-11-29 12:39:51
-Roens予笙,8954122895,0,0,0,100,,我不想独行我想我身边的那个人永远是你.,6013499397,1,2023-11-29 12:39:47
-Roens予笙,8954122895,0,0,0,100,,我爱你的时候只会爱你一个人.,6013501956,1,2023-11-29 12:39:42
-Roens予笙,8954122895,0,0,0,100,,好想抱住你而不是对着手机说想你.,6013500284,6,2023-11-29 12:39:37
-Roens予笙,8954122895,0,0,0,100,,像珍惜礼物一样珍惜你在的每一天.,6013499390,1,2023-11-29 12:39:33
-Roens予笙,8954122895,0,0,0,100,,思念到极致真的会梦见吗，,6013498632,1,2023-11-29 12:39:27
-Roens予笙,8954122895,0,0,0,100,,希望你好 不顾一切的好.,6013499377,1,2023-11-29 12:39:22
-Roens予笙,8954122895,0,0,0,100,,时间会冲淡一切但终究抵不过相见.,6013499373,1,2023-11-29 12:39:17
-Roens予笙,8954122895,0,0,0,100,,若心中真存栀子花 庭中怎有梨花树.,6013501171,1,2023-11-29 12:39:07
伏唔_才,1330433090,0,0,0,100,山止川行,求不得就偏宠心猿意马就相拥,6013248159,5,2023-11-28 22:09:45
Alkaid源,1640576758,17,2,0,100,松冈凛,刚看完，好看死了,6013204832,0,2023-11-28 20:42:20
莫妮卡Monica_333,546344793,23,2,450000,450100,拉乌🐠,有没有人懂我的谦与千寻~[流泪],6013080871,1,2023-11-28 15:34:41
sjy只是爱听歌,3376880512,0,1,640000,640100,,不管，多少年我都听！,6012778715,1,2023-11-27 22:26:47
-两碗抄手,1757695646,0,0,0,100,,一下晃过好多年,6012634327,1,2023-11-27 16:00:32
V是欲言又止的W,550424616,0,0,0,100,我永远是能够保护你的小野兽,不是风动，是我心动,6012593170,8,2023-11-27 13:31:56
用户3866855094,3866855094,0,0,0,100,,一定要重蹈覆辙吗？无意义的事，翻来覆去做了一万遍，你还没满意吗？血与泪的教训从未让你醒悟，迟早，要付出代价，来场彻底的肃清，要么百分之百彻底死去，要么不可能的苏生,6012310439,1,2023-11-26 21:06:24
把番茄切成小船-,466608785,25,2,0,100,,2023  11月抓你来听歌,6011917022,0,2023-11-26 01:37:06
冷徵,254909747,0,2,0,100,愿余生鲜衣怒马，陪你看烈焰繁花。,还是辣么好听,6011900713,2,2023-11-26 01:05:22
松风与嵘,7818864741,0,0,0,100,,风师娘娘，因你爱风。风师娘娘，因你心动。风起心动，我遇风而动，风师娘娘啊，那是一洒千金的风师大人，那是我爱而不得的风师娘娘,6011740262,3,2023-11-25 20:37:29
佐久间的狗,504503883,0,0,0,100,,他俩声音为什么这么好听,6011588480,9,2023-11-25 15:07:50
帐号已注销,8980406752,无,无,无,无,无,用理性压制感性亦是克制亦是爱过,6011455599,2,2023-11-25 09:26:51
抖M殿下,324838840,0,1,440000,441500,渴望着理智与妄想的世界,燃料烧尽，什么情感都会退却。,6011433843,0,2023-11-25 07:26:57
逐月鲲,294578935,0,2,110000,110101,be alive.,被青春的记忆击中了😭 声音果然是跨越遗忘的啊,6011430104,1,2023-11-25 07:24:26
永远不要被找到的用户,72275908,0,0,0,100,,芝麻开门 见到想念的人,6011310185,4,2023-11-24 23:31:38
别那么晚睡-y,322050417,24,2,440000,440300,岁月负我情衷,青山元不动，白云自去来,6011192719,1,2023-11-24 20:43:26
司小南的糖水草莓_,1301934729,0,0,0,100,,不要ky哦[可爱],6011000725,0,2023-11-24 14:12:39
司小南的糖水草莓_,1301934729,0,0,0,100,,重点是你，而不是怎样的你[可爱],6011003866,0,2023-11-24 14:11:03
_吃的,372320349,0,2,0,100,只要活着，就会有好事发生！,到底是哪一篇文啊啊啊啊啊啊,6010735991,1,2023-11-24 01:42:47
蓝桉_sy,398107051,21,2,0,100,从这里一直到月亮，再绕回来,边听这首歌边看仙侠小说太有感觉了😭😭,6010597395,4,2023-11-23 21:41:33
回首幻眸,438711571,0,2,0,100,YOU ARE NOT ALONE，YOU ARE MY LIFE,原来云村有是风动的版权啊，搞得我一直几个软件跳转,6010578523,1,2023-11-23 21:03:23
_谁先松手,277260729,25,1,610000,610100,遇到好听的歌便会单曲循环,大佬多给银临写点歌，真的很好听,6010578265,1,2023-11-23 21:00:09
六味子,344031737,0,0,460000,469032,此心少年清澈,蚍蜉撼树,6010578794,2,2023-11-23 20:55:09
大扬声,350824240,0,0,420000,421000,但愿春风遇故人,一直以来的手机铃声,6010250881,1,2023-11-23 00:16:02
稻之晏礼,8158794859,0,0,0,100,手中执剑之人，更应该明白剑锋所指何处。,是因为这本里有个情节和歌词超级搭啦宝贝[憨笑],6010223817,0,2023-11-22 23:47:25
9ii_Y,5055139054,19,2,1000000,1007700,自由如风,“我没晃，是风”,6009958492,6,2023-11-22 19:10:57
容520,356651006,0,2,430000,430100,,莫名想到天官怎么回事？,6009957413,0,2023-11-22 19:09:23
异想异想,301488372,0,1,0,100,无情的听歌机器。,有几年没听河图了,6009680297,1,2023-11-22 00:29:49
小-星-儿,3255237212,0,0,0,100,听完就释怀好嘛,我什么时候能幸福一次,6009564563,2,2023-11-21 20:50:06
77幸运_MGER,8721907563,0,0,0,100,,你刀我[流泪][流泪][流泪]呜呜呜,6009551988,0,2023-11-21 20:12:16
你的时光博物馆,435802766,0,2,330000,331000,,有点像晚夜微雨问海棠？,6009539031,3,2023-11-21 19:41:18
无冬_Ann,1788330854,21,0,1000000,1002200,希望你不曾认识我，又由此记住我。,“逆水行舟的执念”,6009500830,1,2023-11-21 17:41:41
八神月,109734156,0,0,530000,532900,,欲买桂花同载酒，终不似，少年游。,6009442191,25,2023-11-21 14:08:38
小路233333,1467723404,22,1,140000,140400,,我在找这条评论，你不是一个人！,6009220150,1,2023-11-20 23:02:29
seagjjkull,1758752959,0,2,0,100,,又一个三年,6009187335,5,2023-11-20 22:04:52
你的时光博物馆,435802766,0,2,330000,331000,,“我想知道那些仓皇南飞的鸟群究竟带走了谁的思念。”,6009128051,2,2023-11-20 20:00:10
亭廊柳,1531162611,0,2,410000,410300,,这么多年了，终于听懂歌词了[多多笑哭],6009104803,2,2023-11-20 18:57:04
许墨墨墨-,617622510,19,0,0,100,狗彘不若,对我来说，风光无限的是你，跌落尘埃的也是你.重点是‘你’，而不是怎样的你,6009084189,0,2023-11-20 18:10:04
2emt,1948099051,16,1,0,100,不过些许风霜罢了,老树叶落无故人，长生路上影独在,6008835836,2,2023-11-20 00:38:58
bunnyevanlu,1486857410,0,2,0,100,,每次听到这首歌都会想到刷到的一个太太剪辑的天刀视频，虽然没有玩过这款游戏，但是真的很美！,6008782439,1,2023-11-19 23:20:09
迷了鹿-lz,609508437,0,1,370000,370300,你要知这世上再难遇我.,唯有见你是青山,6008743839,1,2023-11-19 22:07:43
我特_,482849404,0,2,410000,411300,,好家伙 这一排都是你留,6008569862,1,2023-11-19 15:04:51
宇宙无敌薯,246829267,0,0,0,100,都付笑谈中,前奏好像起风了,6008520488,1,2023-11-19 13:16:58
陈子舟我是,7929686779,17,0,360000,360100,,好熟悉真的好熟悉这个调调,6008487173,0,2023-11-19 11:50:14
沐兮攸宁,1846966728,0,2,0,100,识得君音，三生有幸,谁家歌手第一句就递话筒啊，还是背景视频没有歌词的那种，原来是长沙场的我家银临！[多多亲吻],6008434541,5,2023-11-19 09:49:13
Reborn丨,613550587,22,1,440000,440400,福无双至，祸不单行,银临这首歌的声音真的像男的,6008369900,1,2023-11-19 03:03:19
yUyyjx_rq3s,3859491151,0,1,150000,150700,,[星星眼][星星眼],6008144431,0,2023-11-18 20:11:27
听海带走思念--,8948290599,0,0,0,100,,是谁2023年11月还在听是风动,6007934985,3,2023-11-18 11:26:21
小语与鱼,1310231258,0,0,0,100,希望可以永远不后悔,原来故地重游不过是刻舟求剑罢了,6007728104,7,2023-11-17 22:40:09
大圣哥哥抱,1497535748,23,2,440000,441900,当然普通啦 谁不普通,错过了某个人总会觉得心痛和遗憾 但是如果真的在一起 也没想象中的那么好,6007577208,3,2023-11-17 19:50:38
无聊_fYQQ,6309082074,14,2,650000,650100,,6,6007455025,1,2023-11-17 14:12:54
是乖乖喔n,308156935,28,2,0,100,,这不是起风了？,6007433982,3,2023-11-17 13:09:25
名字真的太不好起啦,592158521,0,0,130000,130100,,他,6007116636,1,2023-11-16 19:37:46
别距丨隔,279594889,27,1,230000,230100,徒余留 明月忆往昔温酒会知音借问人间 知我者能有几,这冬雪中，可有人暖心？,6006992984,1,2023-11-16 12:30:02
谭平生,552299496,24,1,420000,420500,天气好吗,风未动，幡未动，是我心动,6006904576,1,2023-11-16 05:53:20
云村村民167427471076077,8303562716,0,0,1000000,100,,感谢,6006564572,0,2023-11-15 12:54:31
云村村民167427471076077,8303562716,0,0,1000000,100,,好牛掰,6006563473,0,2023-11-15 12:50:22
-pina少爷,8890689697,0,0,0,100,,你老是怀念以前 让后面的人怎么爱你.,6005939950,0,2023-11-14 14:19:01
-pina少爷,8890689697,0,0,0,100,,挚爱没有你我的世界都是黑暗的.,6005937518,0,2023-11-14 14:18:46
-pina少爷,8890689697,0,0,0,100,,很遗憾吧那么喜欢连张合照都没有.,6005939932,0,2023-11-14 14:18:36
-pina少爷,8890689697,0,0,0,100,,永远和一直只是助兴词.,6005937501,0,2023-11-14 14:18:20
-pina少爷,8890689697,0,0,0,100,,如果回到那天结果是不是就会不一样.,6005939135,0,2023-11-14 14:18:08
-pina少爷,8890689697,0,0,0,100,,感情是聊出来的不聊自然就没有咯.,6005937489,0,2023-11-14 14:17:51
-pina少爷,8890689697,0,0,0,100,,随后 便是没有你的冬天.,6005937462,0,2023-11-14 14:17:18
-pina少爷,8890689697,0,0,0,100,,公主你是我不可代替的晴天.,6005939099,0,2023-11-14 14:16:59
-pina少爷,8890689697,0,0,0,100,,幸福过但不久被爱过但不长.,6005940791,0,2023-11-14 14:16:46
-pina少爷,8890689697,0,0,0,100,,遇你 如烟花映天下 可烟花一瞬而过 你也是.,6005938113,0,2023-11-14 14:16:34
-pina少爷,8890689697,0,0,0,100,,又是一年冬 差一点就幸福了.,6005937419,0,2023-11-14 14:16:25
-pina少爷,8890689697,0,0,0,100,,我对生活不幸的妥协那谁来给我一条路.,6005937409,0,2023-11-14 14:16:14
-pina少爷,8890689697,0,0,0,100,,为什么手握寒冰因为幸福如履薄冰.,6005940743,0,2023-11-14 14:15:40
-pina少爷,8890689697,0,0,0,100,,没有回不了的信息只有不想回的信息.,6005939031,0,2023-11-14 14:15:33
-pina少爷,8890689697,0,0,0,100,,你无聊的消遣 我却当成真爱降临.,6005939820,0,2023-11-14 14:15:23
-pina少爷,8890689697,0,0,0,100,,没骨气 心情一好 就原谅所有人.,6005939018,0,2023-11-14 14:15:16
-pina少爷,8890689697,0,0,0,100,,喜欢你的那一刻起 你在我眼中无敌.,6005938057,0,2023-11-14 14:15:06
-pina少爷,8890689697,0,0,0,100,,公主 天冷 添衣 想我.,6005938053,2,2023-11-14 14:14:55
必将实现自我救赎,490427757,0,1,0,100,救赎之道,美女你一定在听吧,6005932134,1,2023-11-14 13:54:01
春日青qing,1605495515,20,2,410000,410100,小舟从此逝，江海寄余生。,说的好好[多多难过],6005628629,2,2023-11-13 20:43:29
LLLLLithium,587816965,0,0,1000000,1007700,蜀道之难,@春日青qing,6005596347,2,2023-11-13 19:38:03
癸卯亮fakaobiguo,1934292561,22,2,350000,350500,,哲学的尽头是神学，唯物还是唯心，反复横跳,6005459302,5,2023-11-13 12:00:43
雪地折花,4907976928,16,2,450000,450100,我开始享受看小说听广播剧一个人,前奏有一种宿命感,6004981235,3,2023-11-12 12:42:29
等号等号,1888623227,0,0,0,100,⍤,刻舟求剑。,6004828006,3,2023-11-12 01:30:29
小洁洁欧尼,351575425,24,2,1000000,1010000,构建三观中……,是风动吗？不，是心动。,6004290785,4,2023-11-11 00:27:24
饭饭嗷呜,3248917598,0,2,0,100,,狠狠点了,6004104029,4,2023-11-10 18:31:00
IJUSTAWAYFROM,358699311,0,0,440000,440300,,风动？幡动？是人心动…,6003828410,3,2023-11-10 00:30:07
一袭衫青,1726663829,0,0,0,100,,刻舟求剑,6003822410,3,2023-11-10 00:19:45
yttrium_29,3296245683,0,2,130000,130200,,运动是绝对的，静止是相对的。,6003800648,0,2023-11-09 23:48:07
听惊蛰静寂成谷雨,4906191246,0,1,0,100,无,有抢到西安场的么，可以一起呀，在太原,6003762850,2,2023-11-09 22:39:03
若春风不解意,1769797057,19,1,610000,610100,下次公平一点，你走向我，我坚定你。,兜兜转转已半年，是风动，还是幡动？亦是我心动😞,6003751887,2,2023-11-09 22:24:02
你不是扬言要和我在一起,6427782991,32,2,520000,520300,回忆像水剪不掉,时间久了新鲜感真的会过 他不会再注意你 关心你 不会再和你互道早晚安 不再和你说话 他会觉得你烦 身边也会有其他异性 以前说的誓言你还傻傻的信了 可人心本就瞬息万变,6003721163,2,2023-11-09 21:23:31
鹤舟不是鹤州,1341735320,18,1,1000000,1010000,这人太萌啦，什么都没留下,旋律承载记忆，这首歌把我拉回那年高三,6003649302,4,2023-11-09 19:06:52
Gin001游秦,1415174996,0,0,0,100,cool,是风动  还是幡动,6003567040,2,2023-11-09 15:03:38
欧喵Yeah,1582684560,23,2,370000,370100,,女将星要是拍剧一定要买这首歌的版权啊,6003550667,3,2023-11-09 14:13:06
萱萱呀-0,3996196682,20,2,370000,371700,GLXM,有些人明明互相喜欢，但是不能在一起,6003542037,8,2023-11-09 13:36:24
果粒多小可爱,1480646029,20,2,440000,440100,蒸  気  女  孩,毕竟编曲都是灰原穷,6003493880,0,2023-11-09 10:59:07
即刻出发940,530716546,0,1,420000,420100,,本就是名不正，言不顺的关系，被丢下只是早晚的事。想被偏爱，被例外，想唯一，是我太贫心了。突然凉了心，终于明白，这一天迟早都会到来！我高估了我在你心里的位置，既不是例外，也不是偏爱，只是你人生旅途中的擦肩而过，只有我把你看的比自己的一切都重要，接下来的路我就不陪你了，祝你幸福！,6003308697,3,2023-11-08 23:13:58
做好现充,3573834938,0,2,320000,320200,,我听前奏真的以为是拜无忧，，,6003309534,0,2023-11-08 23:12:49
雨季_JH7,364517609,0,1,410000,411600,,第一次相遇就心动了,6003137380,2,2023-11-08 16:47:54
你不是扬言要和我在一起,6427782991,32,2,520000,520300,回忆像水剪不掉,两个人在一起的时间久了 感情都会出现问题 当你们感觉这条路很累的时候 不妨回头看看这一路走来你们卖过的所有坎坷 要明白一个道理 爱从来不需要用新鲜感维持 什么是爱 我不太懂 对方犯了错误你无法原谅 转身离开 还是喜欢 对方犯了错你艰辛地原谅了 又继续在一起 这才是爱,6003117935,2,2023-11-08 15:29:06
渡风几千载,1368193648,20,2,420000,420800,我宁愿说一万句轻浮的话 也不愿意再放下防备 真挚的表达爱意了,不是风动，不是幡动，是我心动,6003092976,2,2023-11-08 13:58:38
1拾肆,1354086646,24,2,0,100,困住我整个青春的人，始终没有回头看我一眼。,笑晕了,6003051514,0,2023-11-08 11:44:08
美人如花隔云端1704,450270578,0,2,340000,341200,,难道逆水行舟的执念，是你刻在船舷的那一剑。,6002837723,11,2023-11-07 22:16:28
是庄周吗,1303110396,0,0,0,100,,难道逆水行舟的执念，是你刻在船舷的那一剑。,6002806654,9,2023-11-07 21:15:28
了了-莉莉丝,1754393998,21,2,520000,522200,下一个季节是什么,好美的组合和词曲,6002359529,2,2023-11-06 20:57:47
小-星-儿,3255237212,0,0,0,100,听完就释怀好嘛,瞒着所有人 偷偷爱你好多年,6002351193,2,2023-11-06 20:38:31
1-Wwu,629974962,0,0,0,100,就当神爱世人遥远温柔，未必要牵手,求一下，我想知道是哪一篇文[流泪],6002133518,1,2023-11-06 08:57:14
惊封-别理夏天,8692792084,0,0,0,100,,风师扇，风来！,6001750283,6,2023-11-05 13:53:49
觉春心动,8336190506,17,2,360000,360400,(〜￣▽￣)〜,风幡非动，动自心耳,6001543736,2,2023-11-05 01:17:56
慕湎-ll五花肉,371576266,0,2,0,100,想改一下id哈哈哈，原本叫ll五花肉。作词作曲代表作《共享视觉》《肮脏睡前故事》《谎言三百首》《与世说》《森林巴士》《万拒》《窃贼公主》……作品合集详见歌单,我个人理解。坐船、坐车在路上前进，途中自然会遇到各种风景，比如青山。这不是你想去找一座山而看到的青山，而是不经意间随缘遇到的青山，但你依旧会从心中产生喜悦、将它的美丽景色好好观览，所以“途中有青山撞入怀”。“我是你……”大概形容的是两人之间的关系是缘分所至、美好欢喜。,6001464824,0,2023-11-04 23:04:54
偶停-,8250777408,0,2,0,100,选择看向以后,是幡动了，不是风动。,6001383587,3,2023-11-04 20:45:46
寻yie,8825604667,0,0,0,100,少问别人为什么 多问自己凭什么。,风起了，少年儿们的双眼该就坚定了,6001346948,2,2023-11-04 19:17:19
翡翠岛深秋,1691156902,0,0,0,100,告别，就是一点点死去,特别牛的词🥺🥺[流泪],6001069482,0,2023-11-04 02:51:08
风筝误_U9z2,8943519084,0,0,0,100,,为什么我看不到歌词？,6000929424,1,2023-11-03 21:43:42
吃饱之后再睡觉,273691923,0,0,0,100,睡觉💤,是风动，还是幡动,6000563164,1,2023-11-03 00:19:21
风吹雨已散,8820026533,0,1,0,100,,风动即心动，风走人已散,6000519671,1,2023-11-02 23:18:19
YYYYYuri,1534378152,0,2,210000,210100,毕竟所有人都不能保证自己到死为止都能把某些东西当成最爱,小水，我心动了，我走不出来了,6000495016,1,2023-11-02 22:25:45
_李弱水_,1745773100,24,2,340000,340300,大知闲闲,旧时王谢堂前燕，飞入寻常百姓家,6000456209,11,2023-11-02 21:09:39
雾尽明澈,575280667,19,2,320000,320100,有人花底祝长生。,啊啊啊啊啊宝宝这个是空间一条很火的说说😭😭不素我写的,6000189083,0,2023-11-02 13:10:34
用户5205435821,5205435821,0,2,510000,510100,,歌词写的太好了,6000164058,2,2023-11-02 11:41:12
我就想吃泡芙,113341056,24,2,320000,320500,吹灭读书灯，一身都是月,时间的一维性,6000150909,7,2023-11-02 10:53:25
Aurpom,1507862793,0,1,330000,330100,,真的很久没听了，五六年了。。,5999954127,1,2023-11-01 22:03:47
JC-TJ次,1721977106,21,2,150000,150400,檀健次，做自己！,风止意难平,5999944339,1,2023-11-01 21:45:23
_SN0W1,268391275,26,0,410000,410900,麻瓜,爱意随风起！,5999891930,2,2023-11-01 19:45:25
OceanBlueEyes_,1822675720,0,0,1000000,1007400,北大西洋漂浮中,永爱。即使很久没听了也还是,5999825485,1,2023-11-01 16:27:02
-十一点前睡觉,261859655,26,2,500000,500101,再见是再也不见,在看我不成仙，想到了见愁和傅朝生,5999713721,1,2023-11-01 09:46:50
用户1457625889,1457625889,0,1,440000,440100,,经典呀  百听不腻  每一次听  心情不同  感觉不一样  让我一个老大叔有感觉的歌不多了,5999701315,2,2023-11-01 08:43:46
清底的风,441485321,0,1,0,100,YOLO.,好厉害,5999434291,0,2023-10-31 18:11:52
清底的风,441485321,0,1,0,100,YOLO.,“时有风吹幡动，一僧曰风动，一僧曰幡动，议论不已，慧能进曰：‘不是风动，不是幡动，仁者心动。’”——《坛经》,5999435150,1,2023-10-31 18:09:50
kiss-fiercefire,542736404,21,1,440000,440500,江湖夜雨十年灯,好久没听了，再次听还是当年那个感觉,5999235113,3,2023-10-31 02:21:05
ooh蝴蝶少女,4878719519,0,0,0,100,无须比较 我独我 世间第一等 此间最上乘,你是我身外 化白云任去来,5999094522,2,2023-10-30 21:37:45
1见公主盗令箭,260568241,0,0,0,100,缺爱才会割舍不掉烂关系,有点累了，你还是变成了那个我不喜欢的人,5999034141,3,2023-10-30 19:04:31
御草神宫,425213400,31,1,110000,110101,读书多了，容颜自然改变，许多时候，自己可能以为许多看过的书籍都成过眼烟云，不复记忆，其实它们仍是潜在气质里、在谈吐上、在胸襟的无涯，当然也可能显露在生活和文字中。你读过的书，都会成为你的积累。同样地，你听过的歌从来不会白听，他们沉淀在你的精气神中。,这首用的最厉害的典故是六祖慧能大师的风动帆动仁者心动,5998984160,6,2023-10-30 16:24:35
李软妹呀,454044436,0,2,510000,511700,,从桃元视频来的,5998775351,2,2023-10-30 01:16:09
竹芒松,1680822084,0,0,0,100,你认真听一首歌，会解释所有的事。（不是唱歌的 也不是音乐专业的 ）,《百年孤独》里有这么一句话：比起有人左右情绪的日子，我更喜欢无人问津的时光。独处让自己的本心，更自由，更潇洒。不用周旋于别人的情绪，也不用刻意判断他人的心思，人终其一生的追求大概就是自由吧。,5998750949,9,2023-10-30 00:21:51
千年铁皮石枫斗啊啊啊啊,8369231615,33,1,110000,110101,扬旗鸣鼓浪屿,洛天依;腾格尔;我从睡梦中醒来总来不及吃早餐每天保持好身材现实从没有彩排新的一年就快来心愿清单已填满忘掉去年的失败告诉自己很期待(说你呢，听到没)早睡早起早点下班早点拥抱自由戒糖戒油戒掉懒癌深夜少点 emo变好变富变得优秀要靠自己双手不要听谁说着笑着梦里全都有七点半 闹铃声响,5998370770,3,2023-10-29 11:18:41
葳蕤8467,1402767866,24,2,350000,350500,成为自己独一无二的宝藏～,放下执念，少内耗，少争辩 ～无关紧要的一切都不为我所用，我也不为所动..不接受任何形式的洗脑，永远自己思考，少生气多微笑，我会越来越好一年又一年没有任何人也可以.,5998260337,4,2023-10-29 03:05:00
西兰花_one,8263322526,33,2,130000,130400,,[多多大哭][多多大哭],5997992585,0,2023-10-28 17:46:43
remember-Sorry,8627037033,0,0,410000,410700,,我喜欢这首歌。听了好几年了，一年多前女朋友这是怎么跟我表白的？因为就是这首歌词。这首歌真的很适合用来表白。当时听完就心动了。,5997901967,2,2023-10-28 13:18:30
remember-Sorry,8627037033,0,0,410000,410700,,我们的一生总是在错过中悔恨，在悔恨中错过。无法弥补，无有机会补偿，留下一堆遗憾。,5997899260,1,2023-10-28 13:17:04
满船清梦压星河1213,1606943069,0,1,340000,341300,爱你，老妈。,为啥要用西方哲学体系，来给中国儒道释法这些观点来取名呀，程朱理学，阳明心学，佛偈禅语，儒家思想，比主义前面加个唯加个辩证好听多了。,5997821670,0,2023-10-28 09:35:05
满船清梦压星河1213,1606943069,0,1,340000,341300,爱你，老妈。,不是风动，不是幡动，仁者心动，和阳明先生的心外无物有点像。,5997821154,0,2023-10-28 09:23:22
满船清梦压星河1213,1606943069,0,1,340000,341300,爱你，老妈。,摘抄吧，我记着出处是佛家其中一代祖师问的，另外一个祖师答的。,5997818408,0,2023-10-28 09:21:57
明天过后_ws,552882341,19,1,130000,130800,......,好听,5997766436,1,2023-10-28 03:24:25
羽翼闪烁,3548521423,19,1,320000,320100,理想主义的人,你是我身外，化白云任去来。,5997361872,2,2023-10-27 10:40:24
春酒映梨花,1842324103,25,2,0,100,你一生不喜雨，为何将我困在江南。,是风动还是幡动,5996918342,1,2023-10-26 09:25:26
要风起也要浪漫,1736029877,24,2,430000,430700,“我口袋只剩玫瑰一片，此行又山高路远”于是我现在：故地重游.就是刻舟求剑,还是听不懂，人各有想法，在我这里是唯心主义.“是风动、还是幡动，是我心动……”围绕困惑的只是，如若风不动、幡怎么会主动去动，说到底是心乱了,5996918277,4,2023-10-26 09:23:13
我爱墨香_MXTX,7851283899,12,2,320000,320200,原耽读者,风师娘娘貌美如花,5996887317,1,2023-10-26 06:34:55
我爱墨香_MXTX,7851283899,12,2,320000,320200,原耽读者,上,5996889059,0,2023-10-26 06:33:04
我爱墨香_MXTX,7851283899,12,2,320000,320200,原耽读者,上,5996888256,0,2023-10-26 06:32:58
我爱墨香_MXTX,7851283899,12,2,320000,320200,原耽读者,上,5996888255,0,2023-10-26 06:32:54
我爱墨香_MXTX,7851283899,12,2,320000,320200,原耽读者,上,5996889913,0,2023-10-26 06:32:51
我爱墨香_MXTX,7851283899,12,2,320000,320200,原耽读者,上,5996886465,0,2023-10-26 06:32:49
我爱墨香_MXTX,7851283899,12,2,320000,320200,原耽读者,上,5996887290,0,2023-10-26 06:32:46
我爱墨香_MXTX,7851283899,12,2,320000,320200,原耽读者,上,5996889055,0,2023-10-26 06:32:43
我爱墨香_MXTX,7851283899,12,2,320000,320200,原耽读者,上,5996886462,0,2023-10-26 06:32:40
我爱墨香_MXTX,7851283899,12,2,320000,320200,原耽读者,上,5996886460,0,2023-10-26 06:32:36
我爱墨香_MXTX,7851283899,12,2,320000,320200,原耽读者,终于遇到道友了！😭😭😭,5996888224,2,2023-10-26 06:30:35
看水逐花流,2027646393,27,1,450000,450100,,风和幡，都随心动，就各自把握吧,5996664042,0,2023-10-25 18:43:48
荒芜宿命论,538849026,0,2,1000000,1007000,一般通过乐子人。,永恒经典,5996420517,1,2023-10-25 00:19:18
TheUnitedStates_,7976657401,28,2,500000,500101,一天中不可能永远是白天，存在即有存在的意义,回[多多耍酷],5996315103,0,2023-10-24 20:59:38
我想静静bai,535182197,22,2,230000,231200,,好有道理,5996082777,5,2023-10-24 14:03:42
Milly陳,1919953975,0,2,370000,370100,,是风动，也是心动[多多大笑],5996033908,1,2023-10-24 11:20:33
想不出来昵称长颈鹿妹妹,303705115,0,2,360000,360100,答应我 顺其自然。,前男友分手后发过这首歌，是什么意思？,5995739162,2,2023-10-23 17:30:26
北乔不是北桥,3404569161,0,0,370000,370300,,晚霞归风，公子，我们该回家了。,5995733072,2,2023-10-23 17:05:03
如遇暗夜繁花,2027742110,33,1,130000,130600,,好像《起风了》,5995644818,2,2023-10-23 11:11:58
好紧张--要发财了,4924533510,25,1,0,100,这个人很懒，暂时没有简介~,每听一问，他俩啥会儿再合作一次？,5995313720,2,2023-10-22 16:23:59
雾凇_ro0g,3479157312,13,2,140000,140800,,我的青玄[流泪],5995295512,0,2023-10-22 15:39:40
同千游,1873715915,0,0,0,100,,表哥太帅了,5995275866,1,2023-10-22 14:33:57
缘瞥,414823855,22,1,110000,110101,,风在10.21晚吹到北京[流泪],5995162317,1,2023-10-22 09:49:00
正版银河,1654597509,0,1,0,100,,卷娘呜呜呜,5995044665,0,2023-10-22 00:17:00
小羊失绵呐,7920731233,19,2,1000000,1000500,等风来，不如追风去.,“不是心动，不是幡动，是仁者心动.” 政治上刚学的[大哭]没想到就用上了。,5994965830,6,2023-10-21 21:58:32
T阿林_lin,8042954231,0,2,410000,411100,酱酱～介素阿林捏，系纯情女中文静社恐内向小女生耶💞,呜呜呜风师娘娘我的意难平,5994911059,1,2023-10-21 20:17:25
T阿林_lin,8042954231,0,2,410000,411100,酱酱～介素阿林捏，系纯情女中文静社恐内向小女生耶💞,我也是呜呜呜呜,5994912811,0,2023-10-21 20:16:37
想肥家的喵酱,3579847512,0,0,620000,620100,,能不能看看这两首歌那个更早😅,5994666051,0,2023-10-21 09:06:02
wonderwallmo,1755194676,0,0,450000,450100,,第一次听这首歌的时候有种想哭的感觉，之后每次听到都想哭,5994410365,4,2023-10-20 19:32:33
屋大维123,284850170,0,1,500000,500112,,句句用典，填词鬼才也,5994322270,3,2023-10-20 15:12:18
一曲肝肠寸断了,387187106,0,0,320000,320500,,失落的,5994287968,1,2023-10-20 13:10:42
白也在此,270672529,33,1,350000,350600,我信缘，也信道，缘与道，不与我。,2023给你点个赞,5994151296,0,2023-10-20 02:02:36
天问_xt,3899045926,23,1,430000,430300,没有风 怎叫风景,是一个女孩子让我知道有银临这个人，后面我把她弄丢了[流泪],5994083868,3,2023-10-19 23:50:06
艾箫z,1709059236,0,2,430000,430700,奈何入戏太深,转眼已经在这里关注你4年299天了,5994078333,1,2023-10-19 23:44:47
固执且偏见-,7938360246,27,1,530000,533100,差一点我就碰到了月亮，可惜天亮了……,你回去告诉掌门师兄，我太白剑法，今日遇孔雀翎，大悲赋战之皆胜。唯独输给一个情字。话音未落只见一口鲜血从口中喷出，弥留之际喃喃道:只愿你安好如初……,5993989609,3,2023-10-19 20:45:23
lkyu_ly,626109783,19,1,230000,230100,,确实，我第一次听是推歌来得，刚听到前奏以为是起风了的变奏版本,5993906112,0,2023-10-19 16:47:19
大不了我还给你五毛,1863268723,0,0,0,100,一个随时可能注销账号的完美主义,听这首歌的第三年,5993831940,1,2023-10-19 12:13:11
青浅啦啦啦46529,3400102861,23,2,1000000,100,,青山会在风的前途里等风,5993585033,0,2023-10-18 21:19:41
全都好说但要先给钱,1775612330,0,0,0,100,一个懒人,聚似飞霜不肯融，散入尘埃各西东,5993553186,4,2023-10-18 20:03:33
o它山之石o,325055438,0,2,0,100,北辰者，不为俗所移，居其所，众星遥向而拱之。,是风动,5993469001,1,2023-10-18 16:07:01
魅笙-头晕嗓子痛虚啦,5172496430,26,2,440000,440300,嘘，你命里还缺个我，快来吧~,风吹情,5993112464,1,2023-10-17 23:17:38
草莓甜甜兎,7880404700,0,0,620000,620800,,风师娘娘年方二八,5993103351,7,2023-10-17 23:02:15
韶华miu,61426951,33,2,450000,450100,不会认真听歌词，就是一个感觉流,这段话好棒,5993091303,0,2023-10-17 22:40:44
韶华miu,61426951,33,2,450000,450100,不会认真听歌词，就是一个感觉流,今天在想事情时，听到这首歌。觉得很棒。,5993088377,1,2023-10-17 22:39:12
深海中的庇护所,1523133226,0,1,0,100,不负自己，便是最低要求。,哇，同感！,5993024899,9,2023-10-17 20:19:48
勿晓_,3417339100,0,0,0,100,努力努力再努力!,谢谢你，这个理解真的很棒,5992972799,83,2023-10-17 18:07:13
天使469,1593646555,28,2,110000,110101,人间垃圾,他们说，知三当三的女生没有妈妈，他们怎么知道我没有的。我用了很多年去平复妈妈不要我的这个事实的。痛到结节都长出来，痛到...,5992756688,2,2023-10-17 10:24:54
淡然的粉色辣椒,1935184178,0,0,0,100,江湖有花无忧  陪在少年左右,是风动~,5992534773,2,2023-10-16 20:51:28
水手怕水啊哈,247437497,0,1,0,100,人生天地 忽如远行,重新改一下呀,5992117238,0,2023-10-16 01:02:09
氢钇__,8654680458,14,1,220000,220100,这啥玩意啊！？,我寻思我也EMO一下,5991849264,2,2023-10-15 15:36:48
氢钇__,8654680458,14,1,220000,220100,这啥玩意啊！？,不知道喜欢这首歌什么…但就是喜欢可能是爱不需要理由吧！……,5991689213,2,2023-10-15 09:53:07
林舒妍-氧气美女下雪天,1501239029,0,2,310000,310101,甜御双修 🎯/温情恋人🏆/猫系女友🏝国家一级🗼钢管舞表演者国家一级空中瑜伽导师🏰🎆  泼出去的水我连盆都不要,“其实早睡两个小时也不会错过什么重要消息”,5991677525,6,2023-10-15 09:23:51
凑不崎豆腐,5170250823,0,0,1000000,100,,好好听,5991654238,1,2023-10-15 07:43:18
大不了我还给你五毛,1863268723,0,0,0,100,一个随时可能注销账号的完美主义,你在我身畔听竹林正摇乱,5991595140,2,2023-10-15 01:11:46
其实吧1906,1813581671,0,2,340000,341700,,啊啊前奏一响就回到过去了，好久了啊,5991424089,4,2023-10-14 20:09:11
传递正能量3_宽容包容大度心量大,1847822190,33,1,430000,430800,海纳百川，有容乃大! 心包太虚! 大度能容，容天下难容之事! 祝福大家智慧充满，身心健康，万事如意! 如果有打扰到您，对不起，请原谅!,心量能大能小，人间的小事不计较，大事情心态好。积极的人像太阳，照到哪里哪里亮；消极的人像月亮，初一十五不一样。你和勤奋的人在一起，你不会懒惰；你和积极的人在一起，你不会消沉；你和大德同行，你会品德高尚；与智者为伍，你能解脱烦恼，积极向上。,5991414718,4,2023-10-14 20:00:56
L江冖湖,468080152,0,1,0,100,希望你最后有个好归宿吧,就这样吧,5991286137,2,2023-10-14 14:05:42
与她一生青梅,1639249934,33,0,110000,110101,,评论区说唯心主义的，只能说学的是教材上的马克思，未懂什么叫唯物，唯心，和马克思哲学,5991238258,0,2023-10-14 11:55:27
steazin的银河星屑,8692688727,15,2,320000,320100,让我再看一眼，从南到北,178的心率指引我——桃元,5990911130,2,2023-10-13 19:44:44
Princess_Charming,542057737,0,0,330000,330100,,哈哈哈,5990849006,0,2023-10-13 16:31:43
玫瑰花开了_珍珠,3922290138,0,0,320000,320800,,非风动，非幡动，仁者心动,5990603416,2,2023-10-13 00:01:16
栗子lizi想吃栗子,480566936,0,2,0,100,～～～,念念不忘，必有回响,5990419458,1,2023-10-12 19:18:41
_山_河远,1558228169,0,2,0,100,别回头看我,刻舟求剑,5990287261,1,2023-10-12 16:59:25
_山_河远,1558228169,0,2,0,100,别回头看我,是我心动,5990288254,1,2023-10-12 16:59:15
美丽的戳戳,416455577,0,1,0,100,,桃：是谁在晃呀  黄子弘凡元：不是我  是风,5990238592,11,2023-10-12 15:54:46
杰哥无敌-,345324163,0,1,320000,321000,,【我见青山多妩媚，料青山、见我应如是】【逆水行舟，不进则退】【刻舟求剑】【临渊羡鱼，不如退而结网】【得鱼忘筌】【以若所为，求若所欲，犹缘木而得鱼也】【茕茕白兔，东奔西顾】【幽忧情不断，风潜竹林乱】【野火烧不尽，春风吹又生】【风雨不动安如山】不乱于心，不困于情B-何欢一生,5989697910,2,2023-10-11 10:24:11
杰哥无敌-,345324163,0,1,320000,321000,,【求之不得，寤寐思服】【圣人忘情，最下不及于情，然则情之所钟，正在我辈】【卓定深沉莫测量，心猿意马罢颠狂】【非风动，非幡动，仁者心动】【青山元不动，白云自去来】【羌笛何须怨杨柳，春风不度玉门关】【长风几万里，吹度玉门关】【年来鞍马困尘埃，赖有青山豁我怀】,5989696030,14,2023-10-11 10:22:14
杰哥无敌-,345324163,0,1,320000,321000,,【曾经沧海难为水，除却巫山不是云】【海枯石烂，沧海桑田】【任凭弱水三千，我只取一瓢饮】【旧时王谢堂前燕，飞入寻常百姓家】【无可奈何花落去，似曾相识燕归来】【人生到处知何似，应似飞鸿踏雪泥。泥上偶然留指爪，鸿飞那复计东西】【今夜扁舟来决汝， 死生从此各西东】【痴人说梦】,5989692553,1,2023-10-11 10:21:38
zhk_thebest,3407729615,0,2,0,100,BOOK📒,调调和晚夜微雨问海棠好像呀[大哭]果然有品位的人连作曲的思路都在一块,5989656101,3,2023-10-11 06:50:45
山雨万思,1992114072,10,2,330000,330200,蛋仔ID:一句长久的歌小红帽  或者小“能″如果是伸手党不要来加我   我什么都没有小菜蛋   鸡蛋混那兔   古言  原耽推荐大家看《炮灰闺女的生存方式》和《二哈和他的白猫师尊》真的都超甜❤更书中互关闺蜜@残翼_梦蝶_准备过年🈵姐姐@蛋仔派对小朱1/1🈵表姐@千石挽歌1/1🈵CP没有  单身万岁,是谁啊,5989458909,0,2023-10-10 19:56:46
etftvybuhujni,8332770192,0,0,0,100,潦草小狗,看到这歌名就想到了,5989343817,0,2023-10-10 13:10:45
cszh600,449649375,20,1,320000,320100,有所必为,因为你愿意这样做,5989334524,1,2023-10-10 12:57:24
wulingChic,543686454,21,0,440000,440100,,心猿意马,5989274256,1,2023-10-10 08:46:11
h花随水走水载花流,1839755368,0,2,130000,130400,,好听,5989174168,1,2023-10-09 23:56:19
艾尔法-_,1548362292,0,2,420000,420100,,故人已非眼前人。年少情深，到底也相看两厌。只蓦然回首，何时那人又在你眼瞳，心猿意马仍同其相拥。却到此刻，是何种思绪呢,5989150149,2,2023-10-09 23:14:37
喜不喜欢修猫咪呀,1529702562,23,2,1000000,1010000,<(｀^´)>,凭什么念念不忘的人要是我,5988793993,2,2023-10-09 00:10:45
不许沮丧,254908987,0,0,0,100,我是在时间的河中偷渡,@梦太晚180412,5988773722,1,2023-10-08 23:46:55
天將明YS,3397994055,21,1,460000,469032,一生奔赴一场大无畏梦境，世人轻慢或艳羡着你。,所以你买了她爷爷的茶？[大哭],5988709784,1,2023-10-08 21:37:53
绛澜ZX,1840018184,0,0,320000,320200,,[流泪],5988461617,0,2023-10-08 14:23:16
逆天小公举day,362538588,27,2,330000,330700,好想爱这个世界,风师大人年方二八风师大人风趣潇洒风师大人善良正直风师大人貌美如花～,5988382166,5,2023-10-08 10:04:17
夏日是个小太阳,1784722362,0,0,0,100,三天前一个女孩加了我，她和我聊音乐，聊文学，聊人生理想。今天，她跟我聊起了她在山里种茶叶命苦的爷爷。,三天前一个女孩加了我，她和我聊音乐，聊文学，聊人生理想。 今天，她跟我聊起了她在山里种茶叶命苦的爷爷。,5988266312,3,2023-10-08 00:00:19
姜箬ya,1313350250,0,2,0,100,我的少年那样朗然，那样温柔果敢，纵容我一生天真浪漫。,嚯嚯嚯，双十一又能见到临姐啦，期待唱是风动[色][色],5987980848,2,2023-10-07 09:34:20
鹤别青山_Y,1669866284,0,2,0,100,,呜呜呜w,5987783358,1,2023-10-06 21:10:40
火山火山彦,1477775724,0,1,610000,610100,今でもあなたはわたしの光～,是喜欢的女孩子分享给我的,5987683662,3,2023-10-06 17:14:37
励志绿了所有攻1,7962828844,34,2,310000,310101,未知全貌，不予置评,wc我终于找到了队伍！！！！！！！,5987219062,0,2023-10-05 20:02:48
真的是犹然,532247020,0,1,0,100,岂有豪情似旧时花开花落两由之,笑晕，没想到这里联动了，还以为只有在a4上联动呢,5987131747,1,2023-10-05 16:38:27
mqqqqqq_,1523662055,19,2,0,100,黄子弘凡,ty[流泪][流泪],5987113835,1,2023-10-05 15:54:53
元宵真香,605771041,21,0,350000,350700,嘎嘎嘎,开头的两句好美(๑•ᴗ•๑)♡,5987103448,4,2023-10-05 15:41:16
氢钇__,8654680458,14,1,220000,220100,这啥玩意啊！？,喜欢的人再见面也还是会心动…,5987090808,1,2023-10-05 15:01:31
Natalie1225888,606905361,0,0,0,100,浪漫至死不渝,总会见到的！,5986697602,1,2023-10-04 20:22:09
彳亍丶_-,3588406073,21,1,140000,140900,,我在初二就听了[鬼脸],5986604113,0,2023-10-04 16:41:54
阿晃儿,1326112794,0,2,360000,360100,,同现场！,5986578606,2,2023-10-04 15:40:30
阿晃儿,1326112794,0,2,360000,360100,,昨天现场听到这首歌，太感动了，第一首就是是风动，可以没有河图合唱，始终有种遗憾，希望有生之年可以现场听合唱,5986577646,2,2023-10-04 15:40:12
尽头无尽头的小屋,1979611855,23,2,0,100,喜欢无拘无束但奈何却处处有制,羡慕了[流泪],5986527077,1,2023-10-04 13:17:30
Natalie1225888,606905361,0,0,0,100,浪漫至死不渝,昨天现场听到了，此生圆满了[流泪][流泪][流泪],5986483914,6,2023-10-04 11:19:52
陈陈心情愉悦,437109078,24,2,420000,420600,www,因为我是胆小鬼,5986388212,1,2023-10-04 03:08:26
小俞至上,8879335232,0,0,0,100,,前奏你都等不了，你还说要等她？,5986373834,1,2023-10-04 01:57:42
1oveit_,2054935657,0,0,0,100,,我服了爸爸原来都看到了[流泪],5986269692,0,2023-10-03 22:43:52
白日低唱,1622550025,0,2,510000,510900,,你们刷空间的看到什么了好好奇👂🏻👂🏻,5986185898,2,2023-10-03 19:51:01
而我靠近雨天,569261201,0,0,0,100,无题的小路里手心 紧握伴着雨,不是幡动 不是风动 是心动,5986179916,1,2023-10-03 19:34:09
云山落暮,8317499969,0,0,0,100,,行路致此，忽已忘言。,5986168790,5,2023-10-03 19:10:42
嫄苒,3870616922,0,0,410000,411300,,喜欢的人再见面还是会心动。,5986077354,4,2023-10-03 15:26:40
白糖之主,4006410794,0,1,420000,420100,,大家现在岂不是就是来刻舟求剑的,5986016370,9,2023-10-03 12:48:06
顾惜吾心,333910607,22,2,440000,440100,人太多大部分是漫无目的地走,今夕何夕,5985969132,3,2023-10-03 10:48:54
玉米小姐不会被炸成爆米花,5137049158,0,0,320000,320100,觉觉万岁！,我天呢，今夕是何年？评论区时间跨度好大,5985655589,6,2023-10-02 19:43:29
Renaissance_lsh,1802782422,0,2,620000,620500,煎熬几十年后带着浪漫去死,好哇你们这帮刷空间的,5985615846,0,2023-10-02 17:56:01
偷听人世间,8327412746,0,0,410000,411600,,是风动，也是心动。,5985545526,3,2023-10-02 15:08:13
霜花抚晓醉轻尘,2143299618,16,2,440000,442000,你的盛年望之可及，我的江海浅淡云添。,不是风动，不是幡动，仁者心动。课本上的例子。唯物主义和唯心主义，刚学完现在满脑子都是。,5985535886,1,2023-10-02 14:31:54
演忘,364643287,0,0,0,100,是心动啊。,难道逆水行舟的执念是你刻在船舷的那一剑。,5985348470,1,2023-10-02 02:28:12
烤地瓜ovo,134080101,0,0,0,100,荣耀永远属于星尘十字军！,小时候看刻舟求剑，觉得这个人好傻，他难道不知道剑在中央掉下了水，跑到江边是找不到的？直到有一天我回到曾经一起走过的地方才明白，在岁月的长河里，多少人一次次的返回某个节点，想找寻失去的东西，但是只能站在船边徘徊。失去的东西永远不会回来。故地重游，本就是刻舟求剑,5985190799,1963,2023-10-01 21:10:43
无解昭昭,2099855775,0,2,1000000,1010000,,“我这一生，从被百姓嫌弃憎恨到如今即将客死他乡，天下无解，命数无解，情爱无解。我曾多么希望你能永远站在我这边，可我无数次被你敬重的皇帝当棋子摆布，你始终无动于衷！在你心里，我就如此轻入鸿毛……”,5985122344,2,2023-10-01 18:58:28
小安希不丧,1908395475,17,2,230000,230200,故人之死固然是痛的，但比故人之死更痛的，是故人之变。,“真和假又有什么区别？如露亦如电，应作如是观。全凭心而动罢了。”,5985062078,2,2023-10-01 16:25:25
bb小饼lucky,2093066580,0,2,410000,411300,,双玄，死局，无解,5985011277,1,2023-10-01 14:26:57
踩死蚂蚁-,1770107170,0,0,0,100,“也许爱就在洱海边”,好哇你们这帮刷空间的,5984913615,0,2023-10-01 10:35:51
晨风流云-,1766582148,0,1,0,100,当地颇为英俊的买可乐职业选手，,聚似飞霜不肯融，散如尘埃各西东。,5984916885,2,2023-10-01 10:33:51
择芫,1506889427,0,2,510000,510100,兴趣很杂，雷点不多，你喜欢的是我雷点我会尊重的，所以希望你也是。关于歌听得很杂/是二次元圈子六年的人了/是花少北激吹/阴阳怪气团粉/更多的再说吧…,好哇你们这帮刷空间的,5984689229,0,2023-09-30 21:58:56
故神明一直注视却不再垂怜,273312241,0,2,0,100,没有花可以让蝴蝶停泊。而易于钟情的人，是酒量不好的贪杯者。,以前看刻舟求剑觉得这个人好傻，他难道不知道剑在中央掉下了水，跑到江边是找不到了吗？现在才明白，多少人一次次返回某个节点想找寻失去的东西，但是只能站在船边徘徊，失去的东西永远不会回来。故地重游本身就是刻舟求剑。——转自qq空间,5984666329,6,2023-09-30 21:20:56
嫄苒,3870616922,0,0,410000,411300,,初见是惊鸿一瞥，相逢是始料未及。铁马是你冰河也是你。,5984596602,4,2023-09-30 19:04:17
疾驰残影,60236533,29,1,420000,420100,全民K歌 歌单达人，，古风、流行、电音、爱唱歌音乐创作以及舞曲相关，,前奏真的好像拜无忧[大哭][憨笑],5984515220,1,2023-09-30 15:34:38
昂笪,3327038352,16,2,650000,650200,无,主观唯心主义,5984498588,0,2023-09-30 14:54:39
醉作筹,1378231240,0,0,0,100,雨早就停了。,故地重游本就是刻舟求剑,5984368110,17,2023-09-30 09:48:20
鹭洲知里,8692675249,0,0,350000,350500,,无属性的,5984219284,0,2023-09-29 23:47:47
团团两米八,382213733,0,2,210000,210800,,有人婚礼用吗,5984214696,1,2023-09-29 23:42:57
魅笙-头晕嗓子痛虚啦,5172496430,26,2,440000,440300,嘘，你命里还缺个我，快来吧~,留不住的人，骨子里有风。,5984110133,2,2023-09-29 20:24:12
清有云烟,8734662358,0,0,0,100,,😭😭😭 风师我的意难平！！！,5984079089,0,2023-09-29 19:21:16
你是我愿潜游的那片海,1378538980,23,2,330000,330100,请往前走，不要在此停留。明天一定要更好更好。不社交。,好哇你们这帮刷空间的,5984077757,0,2023-09-29 19:10:55
殘簷天天開心,3869935959,17,2,370000,370100,下辈子想变成花 矫情 难伺候 不高兴了就死掉,什么意思,5984002536,0,2023-09-29 16:18:03
三少爷-Lynn,508196696,0,1,0,100,陌上花开，可缓缓归矣,无缘，,5983994187,1,2023-09-29 15:54:50
满树繁花为你开,588587133,0,2,410000,410100,🎐,好哇你们这帮刷空间的,5983753259,0,2023-09-29 06:18:20
成否足东,1401753588,0,2,0,100,达咩,突然想把听过的国语歌列成歌单听，刚好就随机到了！＞＜,5983574218,0,2023-09-28 23:33:02
霍格沃兹优秀肄业生,3918052633,0,1,500000,500101,浊酒渡孤魂,刻舟求剑，逆水行舟,5983435514,1,2023-09-28 18:57:28
霍格沃兹优秀肄业生,3918052633,0,1,500000,500101,浊酒渡孤魂,因为刻舟求剑不可得，所以逆水行舟,5983435324,7,2023-09-28 18:54:47
岁兮晏兮,108356802,0,2,0,100,曾经沧海难为水，除却巫山不是云。,是我刻舟求剑，缘木求鱼,5983411107,1,2023-09-28 18:06:18
薇筱染,1602252826,0,2,0,100,回忆是两万里的海  下次不要遇见你了,以为衔泥归来旧堂前，是我似曾相识的那一面。,5983408876,3,2023-09-28 17:55:09
薇筱染,1602252826,0,2,0,100,回忆是两万里的海  下次不要遇见你了,我是你途中 有青山撞入怀，不动声色见你如是才自在。,5983405488,3,2023-09-28 17:54:57
藏辛,295405173,0,2,650000,650100,,本来都要切歌了，河图的声音一响起故事感就来了[多多难过],5983389493,1,2023-09-28 17:06:55
MAO阿MAO呀,413340669,0,2,430000,430700,,风吹幡动,5983384463,1,2023-09-28 16:48:19
湘寒寒,490742890,0,0,0,100,,好哇你们这帮刷空间的,5983369158,0,2023-09-28 15:49:40
秒针失格,1529456131,20,2,510000,511500,,发生什么了[惶恐],5983372760,0,2023-09-28 15:48:43
萤风晚烛,1680243859,0,2,330000,330400,在你身后，护你周全。,我被拉回来听了……,5983345711,2,2023-09-28 14:33:02
唯君入梦频_,544313253,21,2,0,100,此生再不归太行。,刻舟求剑。,5983314945,3,2023-09-28 12:49:50
喜不喜欢修猫咪呀,1529702562,23,2,1000000,1010000,<(｀^´)>,什么?,5983252574,1,2023-09-28 09:26:05
喜不喜欢修猫咪呀,1529702562,23,2,1000000,1010000,<(｀^´)>,什么QQ空间,5983251512,0,2023-09-28 09:25:29
喜不喜欢修猫咪呀,1529702562,23,2,1000000,1010000,<(｀^´)>,什么QQ空间,5983252554,0,2023-09-28 09:25:11
喜不喜欢修猫咪呀,1529702562,23,2,1000000,1010000,<(｀^´)>,能不能给我看看,5983255277,0,2023-09-28 09:23:23
喜不喜欢修猫咪呀,1529702562,23,2,1000000,1010000,<(｀^´)>,什么刷空间的???,5983251438,0,2023-09-28 09:23:15
zhan147_VtAa,31993359,27,1,330000,330100,,卧槽，现在播放页面都有广告了！,5983184768,4,2023-09-28 01:11:26
Peter_Einstein,576190227,0,0,220000,220200,,所以是风动还是幡动呢,5983167637,1,2023-09-28 00:48:07
Fribble-C,505331038,0,2,610000,610100,脑袋放空,好哇你们这帮刷空间的,5983082368,1,2023-09-27 22:50:57
親吻游魚,483210755,0,0,0,100,皮革马利翁，阿芙洛狄忒是不存在的。,好哇你们这帮刷空间的,5983071082,4,2023-09-27 22:25:01
Masterand,1878059604,0,1,370000,370900,无,唯心主义[西西机智],5983057960,1,2023-09-27 22:00:56
天將明YS,3397994055,21,1,460000,469032,一生奔赴一场大无畏梦境，世人轻慢或艳羡着你。,这是啥情况啊,5983017331,0,2023-09-27 21:28:57
卧花醉酒,1517076692,16,0,350000,350100,我想和你一起走遍海角天涯，在无数个春夏秋冬,今天翻政治书看到这个了，真的好有韵味的一句话,5983016426,1,2023-09-27 21:27:26
阳光果粒丞-,273304599,0,2,0,100,🌈,好哇你们这帮刷qq空间的,5983018770,8,2023-09-27 21:27:09
靈能青年旅店,3259268310,0,2,0,100,阿Q精神代代传,难道逆水行舟的执念是你刻在船舷的那一剑。,5982984623,12,2023-09-27 20:19:17
靈能青年旅店,3259268310,0,2,0,100,阿Q精神代代传,好哇你们这帮刷空间的,5982985520,3,2023-09-27 20:17:57
哢春声a,552774897,19,2,130000,130200,“小猫也有他的心事吗”,难道逆水行舟的执念，是你刻在船舷的那一剑。[流泪],5982856642,21,2023-09-27 17:00:56
阿鱼与厌离,304110266,0,0,0,100,世间最温柔的风。,……这么巧，我刚好失去了一位很好很好的人，我辜负他很多。现在也已经没脸去找他，这会继续给他造成伤害的吧。可是我好想念好想念他，我故地重游千万遍，找不到当时在我身侧的人……我好后悔……我好想念。所谓“刻舟求剑”，又怎么能求得早已失去的呢？,5982834141,4,2023-09-27 15:31:13
云村村民162842670187190,1451473374,0,0,210000,210200,,这个曲调好像秦时明月有一部的插曲，特别像！！,5982829686,0,2023-09-27 15:24:36
环城西路__,4052321420,0,2,420000,420100,就借这月光,好哇你们这帮刷空间的,5982825205,6,2023-09-27 14:56:30
绯墨浅,1827058188,25,2,110000,110101,你正在看一个帅哥的微博,我服了爸爸，从空间转到微博又来网易云,5982761948,9,2023-09-27 10:57:00
绯墨浅,1827058188,25,2,110000,110101,你正在看一个帅哥的微博,刻舟求剑卧槽,5982760299,6,2023-09-27 10:54:09
弈晏为定,1346134997,22,2,620000,620100,摆脱冷气，向上走！,刻舟求剑……我们都在刻舟求剑,5982759214,6,2023-09-27 10:51:08
陆南渊,1661011971,19,1,440000,440400,don't forget me…,不是风动，不是幡动，仁者心动,5982745961,2,2023-09-27 09:55:46
陆南渊,1661011971,19,1,440000,440400,don't forget me…,刻舟求剑,5982745915,2,2023-09-27 09:54:43
棠也,1489671942,0,0,640000,640500,寻找月亮,从前没听懂，现在仍旧没懂。但“难道逆水行舟的执念，是你刻在船舷的那一剑。”,5982673231,36,2023-09-27 01:38:40
匿了0134,1763738451,0,2,310000,310101,我的生活漫无目的，我的时间停滞不前,我服了爸爸都看到这个了[流泪][流泪][流泪],5982671168,8,2023-09-27 01:32:59
雾尽明澈,575280667,19,2,320000,320100,有人花底祝长生。,“多少人一次次返回某个节点想找寻失去的东西，但是只能站在船边徘徊，失去的东西永远不会回来。故地重游本身就是刻舟求剑。”🥹,5982665137,316,2023-09-27 01:07:34
雾尽明澈,575280667,19,2,320000,320100,有人花底祝长生。,好哇你们这帮刷空间的,5982665084,3,2023-09-27 01:06:24
因为我看到了你,536263399,0,0,0,100,要不然你怎么会沉下来看见我呢,难道逆水行舟的执念 是你刻在船舷的那一剑,5982649726,41,2023-09-27 00:37:51
泠易清,1324751218,21,1,220000,220600,愿你我从不缺乏从头再来的勇气。,难道逆水行舟的执念 是你刻在船舷的那一剑,5982642985,6,2023-09-27 00:17:01
邻家小玉儿吖,1744954990,0,2,0,100,心有明月昭昭，千里赴迢迢,不是风动，不是幡动，仁者心动,5982629905,4,2023-09-26 23:59:35
_微之微之,1733383843,0,2,1000000,1000100,,刻舟求剑,5982624606,2,2023-09-26 23:55:27
不怕事的水果摊扛把子,375087738,0,1,370000,370800,,难道逆水行舟的执念是你刻在船舷的那一剑。,5982621273,6,2023-09-26 23:45:53
繁星归烬,514326969,0,0,440000,440100,,空间来的,5982609302,3,2023-09-26 23:24:49
-子亦,1559081861,0,2,0,100,我自热爱中来,笑（）,5982602644,2,2023-09-26 23:15:56
照烧鸡排犯,1876826020,0,0,0,100,,好哇你们这帮刷空间的,5982595083,80,2023-09-26 22:55:21
赶赶赶赶le,403297704,0,0,0,100,Stay positive.,难道逆水行舟的执念是你刻在船舷的那一剑。,5982569359,5,2023-09-26 22:10:17
不务正业的某人,1411836565,0,0,1000000,1003000,,刻舟求剑,5982567840,2,2023-09-26 21:56:57
北门伦毗沙厨,1607844763,0,2,0,100,♡世界一の王子様を深く愛しておられる♡♡王子様だけのお姫様♡,刻舟求剑,5982556722,2,2023-09-26 21:49:05
米咖li,396042421,0,1,440000,440100,,初中的时候听，现在都大一了,5982534250,1,2023-09-26 20:49:08
好想养一只橘猫啊,323377111,0,2,0,100,,空间来的，刻舟求剑，这么多年我终于懂这首歌了[流泪][流泪][流泪][流泪][流泪],5982467864,147,2023-09-26 18:07:09
顾顾东,368783839,0,0,0,100,,难道逆水行舟的执念是你刻在船舷的那一剑。,5982448315,12,2023-09-26 17:12:18
林墨桐__,1691721280,23,2,420000,420100,,好听哇,5982447320,1,2023-09-26 17:11:31
txz隐耀,477144850,22,2,340000,340300,,难道逆水行舟的执念是你刻在船舷的那一剑。,5982443065,19,2023-09-26 17:06:25
鲨鱼池_lac,3294405373,0,2,1000000,1010000,🦈,难道逆水行舟的执念是你刻在船舷的那一剑。,5982428448,233,2023-09-26 16:11:43
人心昼夜转,8827051121,0,0,500000,500101,,最爱的歌，空间又来听,5982424643,1,2023-09-26 16:04:32
汐幽_,1620819579,0,0,0,100,在网抑云发疯是一件很正常的事情吧！,乐的，空间来的,5982415995,2,2023-09-26 15:20:54
欧阳洛昕Oylxin,3385299706,0,2,0,100,,qq空间爬来,5982404638,7,2023-09-26 14:48:55
接班人l,601343351,0,1,410000,410100,,难道逆水行舟的执念是你刻在船舷的那一剑。,5982390420,96,2023-09-26 13:53:14
成否足东,1401753588,0,2,0,100,达咩,我刻舟求剑的执念，只不过是船舷那一剑,5982373195,14,2023-09-26 13:00:30
喜不喜欢修猫咪呀,1529702562,23,2,1000000,1010000,<(｀^´)>,心狠至此,5982250109,1,2023-09-26 02:07:54
东方花间,1375283687,0,2,610000,610100,一生研墨，不染丹心,还有黑格尔，看一次怀疑人生一次,5982105897,0,2023-09-25 21:06:55
GregggK,72891533,0,2,440000,440100,满腔的热血已经沸腾要为真理而斗争,这么多年了，还是要听河图和银临大大的歌[多多调皮],5982096318,3,2023-09-25 20:48:31
一点点甜哇,1695255019,23,2,130000,130100,,今日打卡～,5982032797,1,2023-09-25 17:43:08
Cx330灾厄,2114819376,0,0,1000000,1010000,When I was young and frivolous， who do you think I can get used to?,lsp版：好😈‼️爽⚡️💕🙀 啊🔞 📣 啊💗 👹 啊👽 👏 好😈‼️爽⚡️💕🙀 啊🔞 📣 啊💗 👹 啊👽 👏 好😈‼️爽⚡️💕🙀 啊🔞 📣 啊💗 👹 啊👽 👏好😈‼️爽⚡️💕🙀 啊🔞 📣 啊💗 👹 啊,5981992907,3,2023-09-25 15:22:27
风无温度,7883863936,0,0,360000,360100,,真的我哭死了,5981625539,0,2023-09-24 20:56:33
锦鲤是余,8612618388,0,0,0,100,,我刚看完这本小说，巨好看[多多大哭],5981589065,0,2023-09-24 19:58:55
锦鲤是余,8612618388,0,0,0,100,,拜托，这是《女将星》里女主的台词,5981587207,0,2023-09-24 19:57:22
meraki-metanoia,268987040,0,2,0,100,Miscedence＆Psyche,永远为兰极恋心动！*★,5981544818,4,2023-09-24 18:51:58
八代亜紀不复出唱歌不改名,310709195,33,2,1000000,1010000,八代亜紀是我的幸运老饼干，演歌好，演歌妙，听演歌有奇效。Viva Viva Enka!,好听,5981362011,1,2023-09-24 14:46:24
Wonderstruck影子,413647578,6,1,1000000,1010000,Shut my eyes to the songs that play.,副歌部分和张信哲的焚情很像。,5981256479,0,2023-09-24 11:25:03
无人之歌,78243999,31,2,310000,310101,,多谢兄台[拜],5981061000,0,2023-09-24 00:00:53
Clara_psyber,4927159568,0,0,1000000,100,,这首真好听啊，词也浪漫，曲也浪漫。,5980317791,5,2023-09-22 18:31:22
桃桃乌龙蜂蜜茶,350637969,25,2,110000,110101,光而不耀，静水流深,起风了前奏怎么跟这首有点像,5979976302,0,2023-09-21 21:25:12
去做可恶的梦,1889256664,0,1,0,100,如此，便够了.,夜雨青灯，还是在寻以前的歌,5979713341,3,2023-09-21 01:14:09
A王海18055598854,3226288327,0,1,340000,340500,,无聊,5979569839,2,2023-09-20 20:06:01
冷光暖意,500065931,23,1,310000,310101,,还在听吗,5979504602,3,2023-09-20 16:23:35
云村村民168159548049845,8512445963,0,0,0,100,,我卸载了我们相遇的软件。在你最近听歌里听到了这首歌，偷偷听你的听歌排行很久了，像躲在角落的老鼠。今天突然明白了。我本性不合适独占欲的爱。我原谅自己了，原谅一切了。从一开始，我对爱的追求定义便是和我冲突的。,5979407830,26,2023-09-20 10:11:30
Graceful-宁,8535397576,0,0,0,100,各自努力 我们顶峰相见.,不是风动，不是帆动，仁者心动,5979218251,2,2023-09-19 21:32:24
阿豪0826,507869531,22,1,340000,340800,你热爱音乐，古典的交响乐，现代的摇滚乐，温文尔雅的歌剧清唱剧，粗犷豪放的民谣村歌，乃至悠婉凄长的叫卖，孤零萧瑟的风声，温馨闲适的节日的音讯，你都听得心醉神迷，听得怆然而沉寂，听出激越和威壮，听到玄缈与空冥，你真幸运，生存之神秘注入你的心中使你永不安规守矩。,秋天尚好，你也同样,5979202638,0,2023-09-19 20:54:27
饼南_OLN,1724525689,0,2,440000,440100,,依旧心动[爱心],5979202973,1,2023-09-19 20:45:59
木苏里我的神,1373487176,0,2,320000,320500,“人闲车马慢，路遥星亦辞。”,又一年啦！秋天快乐呀！,5979027384,0,2023-09-19 10:20:37
快乐大概是要用吸管喝的,8275541540,0,2,0,100,,不是风动，不是幡动，仁者心动。,5978884629,4,2023-09-18 23:05:34
人间路遥马急_有人爱你多年,5033609264,21,2,440000,440100,无人与我立黄昏，无人问我粥可温。,不是，这有什么好争的呀？大家不都是听歌的吗[多多捂脸]每个人有每个人的感触，不算ky吧,5978862389,2,2023-09-18 22:21:55
Favilla-,417995548,23,2,320000,320200,死是一件不必急于求成的事情。,青山元不动，白云自去来。,5978771255,3,2023-09-18 18:35:33
Dear_Veraa,1932190239,21,2,110000,110101,我怀疑人们的生活有所掩饰,前奏好听,5978767572,1,2023-09-18 18:26:44
用户35425252219,396937636,0,2,340000,340700,风生水起,唯心主义还是唯物主义呢？,5978682478,4,2023-09-18 13:53:32
澪洛_yIcR,1822840421,0,1,0,100,人生乏味啊～,考古队来啦,5978540057,2,2023-09-18 01:28:00
青柠味的懒猫,1880862009,1,2,620000,620100,你是年少的欢喜，倒过来也是,是心动❤️,5978430098,1,2023-09-17 22:01:44
岁聿暮,5111074909,0,0,110000,110101,为者常成，行者常至,这里也能看到戒色内容[强],5978359361,2,2023-09-17 19:47:59
Soft矮人国国王_jES3,8535756585,0,0,0,100,,这首歌是无属性吗?还是说他是指定的，就是某部小说或者某部电视剧的主题曲啊?[呆],5978222740,1,2023-09-17 13:58:33
末后号角,1574746301,19,2,370000,371000,清风吹歌入空去，歌曲自绕行云飞。,一样,5978154370,0,2023-09-17 11:32:12
梦想成为小林,2100063609,15,2,320000,320200,轻舟已过万重山,我知道这个问题很经典啊，但是我那一刻的感觉就像她听过这首歌,5978111800,0,2023-09-17 09:41:47
圣霖霖Q,4054621132,14,1,350000,350500,,这首真的好好听，这么多年了一直听不厌,5978097062,10,2023-09-17 09:02:42
哆啦A左,640840976,0,2,410000,410100,,我也是，一直觉得这个歌特别适合天官,5978019448,0,2023-09-17 01:55:14
谷青卿,2046530774,0,0,530000,532500,,聚似飞霜不肯融 散如尘埃各西东，痴人说着梦 都道情之所钟，我在你此岸 立风雨安如山，不动于心见你如是才无憾。[心碎],5977951995,3,2023-09-16 23:54:39
suzumeins,8242242032,0,2,0,100,The world，the uspoken，the invincible，all stars,www双玄啊意难平，全是黑水那句扇子坏了，风过水亦起涟漪,5977931753,0,2023-09-16 23:20:32
夏遇彦,8805446505,17,2,1000000,100,我没病,死去的哲学突然攻击我,5977858542,2,2023-09-16 21:15:15
羿鸿_C,1469336357,0,1,530000,530100,,试试去享受自己的所有情绪，试试感受自己，感受自己的喜怒哀乐，如果太难受了，出去走走试试,5977806179,0,2023-09-16 19:24:50
ONE苏杨,8020184368,0,0,0,100,🎀美丽的皮囊和有趣的灵魂我都有无法被简单的一句话所定义 各位自行解锁来自山东外表冷若冰霜 内在狂热不羁的天蝎姑娘☀9点  ~ 嗓子冒烟   🌙21点~嗓子冒烟下午随缘加班契合的灵魂不期而遇粉团6级➕群 8级➕v主播不易～白嫖滚,生活，一半是美，一半是发现。用心喜欢，用心坚持，每一份努力都值得尊重。,5977732475,1,2023-09-16 16:25:07
黎粥稔,5187651281,14,2,430000,431200,遇你 如春水映梨花,李相夷不是天下第一吗 天下第一怎么会死[多多大哭][多多大哭],5977577132,2,2023-09-16 09:04:20
青青子衿京墨幽吟,269311000,0,1,0,100,究研表明，人看在字时，会动自字将排好。信不你读重一下段这话，会就发现全字都乱是的,前奏和《拜无忧》无比相似，一看原来都是灰原穷作曲[多多大哭],5977512191,2,2023-09-16 02:21:37
成瘾者康复中心,1652647742,0,2,1000000,1004200,,我第一次听以为是“轮回难道就不痛”,5977428245,4,2023-09-15 23:13:37
虞祭音,3885519662,15,2,370000,370300,随欲而安，愿预成念。,重生之女将星，我天，我看过，说实话特别好看,5977364732,0,2023-09-15 21:25:30
A-J-Crowley,94665814,0,0,0,100,canta per me ne addio.,轮回难道就不同？,5977333385,1,2023-09-15 20:08:56
光年之记,123725273,0,0,340000,340500,陌上花开 不问归期,啊对对对,5977277011,0,2023-09-15 17:31:52
超级爱魈,1465462467,0,0,0,100,天天开心,是风动还是幡动      是我心动,5975624385,2,2023-09-15 05:28:45
云村村民165246054089126,7855760391,0,0,230000,230100,,“故人是谁？”“姑苏林黛玉。”,5977054704,148,2023-09-15 01:32:39
陌上风华--喵,1730381428,21,2,610000,610100,执一手风华，谱万千情唱,想起一句话：如果生活不如你意 ，我如你意。 倘若好运不在你身边 ，我在你身边。,5977004919,1,2023-09-14 23:47:42
周敦素,1710426506,0,0,210000,210100,,离开你之后，我的生活是午后一点的阳光满室，是灰暗窗格里被掀开的一抹浅蓝天空，轻快，生机盎然。,5976789627,2,2023-09-14 13:37:55
黄柏塘,279925639,27,1,500000,500101,愿你眉头舒展,心起了涟漪,5976750682,2,2023-09-14 11:13:57
伯阳a,5204656140,0,1,340000,341800,,邪淫破命破身破运，一生不遂心意，望及早回头，坚心戒色，多行善事。愿你健康快乐。,5976395848,1,2023-09-13 13:08:31
T1987HM,1447081100,0,1,230000,230300,,一,5976356019,0,2023-09-13 10:42:29
诗与岁月同歌er,327249032,0,1,320000,320400,,物是人非,5976326794,1,2023-09-13 08:11:55
装进罐子,608931137,24,2,370000,370500,,什么时候能再听一遍,5975843393,1,2023-09-11 23:36:34
葱花盐姜鱼,383083286,20,2,360000,360100,只解千山唤行客，谁知身是未归魂,初中听到大学,5975759583,14,2023-09-11 20:54:10
l_ly1,120834832,28,1,370000,371300,zz,我忘了是因为哪个女孩关注的河图了,5975452586,2,2023-09-11 09:53:18
2emt,1948099051,16,1,0,100,不过些许风霜罢了,风来，心悸动；风停，相珍惜；风去，唯叹息,5975153870,8,2023-09-10 17:15:37
简茸soft艹耳,8501302285,0,0,0,100,,是不是天官啊,5975138272,0,2023-09-10 16:46:18
既是故人-,7983518599,12,2,330000,330100,碧海青天，晴空万里，我屋后的油菜开得鲜艳，门前的杜鹃红得一塌糊涂，我可以出海，可以上山，家中有存银，床下养条狗，这日子有何不好？我为何要恨你？你若非要找个人恨你，李相夷恨你，但李相夷当真已经死了很久了。,西的没戳,5974918036,2,2023-09-10 06:11:28
legdend_,1856908398,17,1,510000,511000,,额原句是“时有风吹幡动，一僧曰风动，一僧曰幡动，议论不已，慧能进曰：‘不是风动，不是幡动，仁者心动。’”这是个很经典的哲学问题，稍微有点文学功底的人都知道这个论题，所以你学姐可能没听过这首歌,5974841494,6,2023-09-10 00:28:06
梦想成为小林,2100063609,15,2,320000,320200,轻舟已过万重山,哇好有感觉,5974732022,0,2023-09-09 21:31:20
梦想成为小林,2100063609,15,2,320000,320200,轻舟已过万重山,高中开学第一课我们政治老师ppt放高三学姐对政治的看法，说政治是浪漫的，那个学姐就说了这个，不是风动，不是幡动，是仁者心动，唯心主义，可把我激动坏了，那个学姐一定知道这首歌,5974729214,1,2023-09-09 21:29:38
卜贝壳,5111739167,0,2,340000,340100,,奚行疆放手吧,5974603461,3,2023-09-09 17:04:13
是还休鸭,409424180,0,1,370000,370400,,我不览青山，青山自来寻我,5974572472,1,2023-09-09 15:42:36
喝牛奶的安慕希,1449279818,0,2,0,100,,拜无忧,5974548143,0,2023-09-09 14:29:35
oun_vL,1422559176,19,2,440000,442000,任君凭栏 我栖春山,理智可以控制自己不进入一段感情，但控制不了自己不产生一种感情,5974545153,3,2023-09-09 14:23:21
l-_-l无聊,5160576356,0,0,0,100,去你妈的，老子就要发疯（╯－＿－）╯╧╧,我感觉好像《起风了》[流泪],5974545815,0,2023-09-09 14:17:22
卿卿榕树,3318400553,17,2,620000,620100,,是我对你心动,5974364800,1,2023-09-09 02:11:52
酒精可以证明,478048704,0,0,0,100,永远转身后再落泪,前奏好耳熟啊，能想起了很多年前的事[流泪]天哪，又好像不是这首歌，能解答一下吗,5974344735,0,2023-09-09 01:07:07
帐号已注销,8097774776,无,无,无,无,无,是风动还是幡动仁者心动,5974158535,3,2023-09-08 19:25:14
你别皱眉ouo,1769808062,0,1,0,100,💒,好喜欢好喜欢！,5974109106,1,2023-09-08 17:01:43
分享冷门优质曲,323729297,0,0,130000,130500,,古风圈两位大佬终于合作了,5974068963,1,2023-09-08 14:55:51
朱一龙未来可期啊,574009646,0,0,0,100,,是风~,5974064627,1,2023-09-08 14:49:37
嗇獄,3246502312,0,0,0,100,,好家伙好家伙2017,5973977286,1,2023-09-08 10:01:41
周-九,1394565864,0,2,130000,130500,,“你头发乱了”“乱了吗？”“是我乱了”,5973267979,2,2023-09-06 18:57:37
克莱因蓝的澜,362111253,27,2,310000,310109,怕目光夹杂爱意 ，所以我不敢看你。,同感,5973143026,0,2023-09-06 10:43:42
木易muzi,1549439741,22,2,510000,510100,,唯心主义,5973142960,1,2023-09-06 10:42:08
初老阿拉蕾,121224829,37,1,340000,340300,初老阿拉蕾,前奏怎么感觉就是《起风了》的前奏变奏,5972989660,3,2023-09-05 23:05:59
嫁衣似火灼我,1644626152,0,1,310000,310101,,是仁者心动,5972902182,2,2023-09-05 19:29:08
不敢看观音z,1496351163,22,2,340000,340600,世人万千种，浮云莫去求。,抱歉抱歉，我怎么乍一听，有好几句好像沈腾[尴尬],5972736057,1,2023-09-05 09:53:05
不愿其烦,17460160,30,1,420000,420100,电视剧麻雀bgm小号吹的纯音乐是哪一首,灰原穷yyds,5972041214,2,2023-09-03 21:59:37
慕慕慕染,1357258892,19,2,330000,330100,建安饮流霞。,这么多年终于让我代到了哦呵呵呵……嬴光一对璧人我已说倦👍棋本身与悟棋之人，他说你回来了就吹一阵风告诉我，风动潮生，看天地亦未变,5971789586,1,2023-09-03 11:01:54
狙殺月亮-,8549308238,0,0,320000,320500,轻舟已过万重山.,除却巫山不是云终有弱水替沧海，再无相思寄巫山。,5971733275,1,2023-09-03 07:55:02
槐槐___,5141481221,0,2,320000,320100,VTB  术力口 动漫 INFP,我真的哭了感觉能代刃恒（如果觉得ky可删）,5971391073,1,2023-09-02 16:30:42
此间别出心裁,8009717366,0,0,0,100,,有人相爱，有人看海，有人七科成绩五门挂彩,5971258061,3,2023-09-02 11:28:27
逸云草,1732516811,0,1,370000,371000,,你果然就是李相夷！,5971203639,2,2023-09-02 09:08:58
辣辣的手撕牛肉干,417332575,0,2,350000,350600,、,你来救我的那一刻起，我就决心要将这一辈子为你燃尽。,5971092995,2,2023-09-02 00:45:34
小薛子嗷,1643711727,0,0,0,100,我见诸君多有病，料诸君见我应如是,可能是看到了风这个字就想到了书中的风师吧,5970853547,1,2023-09-01 18:49:59
啰嗦A梦,1288734004,17,2,430000,431000,,居然看到了女将星！！,5970432070,4,2023-08-31 23:10:19
烟霞客-,578350590,22,2,610000,610700,永远追随自己,真的是好久之前了呢,5970384814,4,2023-08-31 21:34:47
帐号已注销,8760451889,无,无,无,无,无,“当真？”沈旧亭眸子明亮，似装下整个春色。“当，真”,5970378191,1,2023-08-31 21:25:14
帐号已注销,8760451889,无,无,无,无,无,沈旧亭低眸，桌上香炉升起几缕青烟，被窗外寒风吹散，他凑近，将他的衣物裹紧了些，随即转身准备离去。“我信你。”时回握住他的手腕“但是，最后一次。”,5970380782,1,2023-08-31 21:24:33
帐号已注销,8760451889,无,无,无,无,无,“易尽，绝无半点虚言。”“沈旧亭。”时回轻飘飘丢出一句话，“切勿再骗吾，可好？”沈旧亭心里一紧，三年前他扯了谎，那人记了三年，如今，他也遭到报应了，的确，换了旁人，也定是不信他。,5970375727,1,2023-08-31 21:24:00
帐号已注销,8760451889,无,无,无,无,无,大雪压红梅，若与两相归。时回火光同心玉，旧亭深处是故人。“易尽，我心悦与你，早在很久就心悦与你了。”沈旧亭握住手中的玉笛，有些紧张。墨汁渲染纸张，模糊了原本的字，却依旧硬着头皮继续写，字却越来越歪，终于，他搁笔。时回望向他，“阿亭，莫要再扯谎。”沈旧亭一时乱了阵脚,5970376193,2,2023-08-31 21:22:47
yeraooo,2134797422,0,0,450000,450200,,哇，我一直以为是女孩子！,5970245383,1,2023-08-31 15:26:51
路途难,3269587631,0,0,0,100,无,政治必修四第21页😭😭😭,5970176517,1,2023-08-31 11:59:29
雨陌玄灵,1515970241,0,2,330000,330200,见字如晤,安如心初,5969938340,2,2023-08-30 22:06:42
-誓言zz,8523818678,0,0,0,100,,我知天高任鸟飞 也知话说三遍淡如水.,5969894250,6,2023-08-30 20:42:34
上天揽月--,8594384511,0,2,0,100,,嘿嘿谢谢夸奖[可爱],5969784834,0,2023-08-30 16:01:04
鹭洲知里,8692675249,0,0,350000,350500,,这个好像不是专门为谁写的歌 联想到很正常的,5969575571,2,2023-08-30 02:01:01
鹭洲知里,8692675249,0,0,350000,350500,,那只是你的刻板印象而已[亲亲],5969573755,0,2023-08-30 01:40:12
阿拂诶,2111930242,0,2,0,100,未完待续,！你是个好好的人,5969478568,0,2023-08-29 22:44:50
iCnc_Lib,565169679,0,0,0,100,月色尤其温柔人间皆是浪漫,是风动,5969435920,2,2023-08-29 21:22:43
wxjcrystal,516250022,0,0,440000,440100,在放弃之前，我尽的不仅仅是我最大的努力,是河图呀,5969214586,1,2023-08-29 12:04:46
枫之岄,46250583,0,2,0,100,我知道世界残酷，可我会慢慢学着像你一样，星星笑眼，落满春光,@满月桃子l 是风动，是心动，再心定，然后无数次的心动，都只是你，只会是你🫡,5969205555,1,2023-08-29 11:42:46
梦柠2369,4874931299,0,2,610000,611000,,不行，看到你这个评论，我是真的要笑了。我发的评论好像也就是感叹了一下吧，并没有说什么这是谁谁笔下的什么什么哦，强加的罪名我们可不认哦～[呲牙],5968910838,1,2023-08-28 20:19:22
梦柠2369,4874931299,0,2,610000,611000,,我确实不知道它是什么意思呀，所以我没有说呀，但是某个人连这个词的意思都没理解就拿出来显摆，该说不说是真的……而且我好像没有说他是专门为我的光写的歌吧，我不过就是把我的想法说了出来，我也没有到处杠别人呀。每个人都有发表评论的自由，怎么着，我发个评论碍着您老人家了[呲牙],5968909270,1,2023-08-28 20:16:52
珍珠贝贝-,5112403904,0,2,220000,220100,好好活着,令人心动的前奏,5968873042,2,2023-08-28 18:49:22
再骂噶你腰子,8624796853,0,2,0,100,,真有素质啊,5968635538,0,2023-08-28 13:38:52
梦柠2369,4874931299,0,2,610000,611000,,拜托，我就提了一下，说了我的真实想法，怎么就ky了，嘴巴放干净点[可爱],5968582582,0,2023-08-28 11:20:12
加七jiaqi_VLdo,1789145000,18,2,440000,441300,,第一次听到这首歌还是在小破站剪天若有情的视频看见的 我当时深为震惊十多年前还有这样的骨科 而且还很好磕 间奏那里哥哥拿枪指着弟弟的头那莫名戳人 郑伊健真的很帅啊！,5968343890,3,2023-08-27 21:46:24
慕瑞秋,503254790,33,2,0,100,鱼跃此时海，花开彼岸天,哲学原理，运动和静止[大笑],5968332365,1,2023-08-27 21:28:53
悲伤的玉米排骨汤-_-,8021178792,19,2,610000,610100,,[流泪][流泪][流泪],5967929873,0,2023-08-27 00:07:27
横云断山_,8661923190,0,0,0,100,,君若无定云妾若不动山云行出山易山逐云去难,5967757776,0,2023-08-26 18:36:11
fulns,439103877,0,0,0,100,'Mx   me,绝对运动和相对静止，主观唯心主义,5967702738,2,2023-08-26 16:17:54
Favilla-,417995548,23,2,320000,320200,死是一件不必急于求成的事情。,无论你是因为哪部剧来的 会因为这首歌联想到哪个人哪个故事 这里都欢迎你们 因为这就是经典的魅力,5967633089,34,2023-08-26 13:20:19
西兰花_one,8263322526,33,2,130000,130400,,啊啊啊，好喜欢听，突然就想起了风师[多多大哭],5967571427,6,2023-08-26 10:46:20
珂姊,1476671905,0,2,510000,510100,,开头伴奏，就是心动的感觉,5967444101,9,2023-08-26 00:41:17
星来醒不来,593276031,20,2,330000,330300,足够清醒才不会重蹈覆辙。,挺符合刻板印象的,5967362197,0,2023-08-25 22:29:00
小龙小龙kKzk,618752544,0,2,450000,450100,,是心动啊,5967328120,1,2023-08-25 21:25:45
Rye-Lover,3957357786,2,2,320000,320100,且将新火试新茶 诗酒趁年华.,有那种我一袭白衣在青山中的钟楼上为你祈祷，在万千世俗中只为你心动的感觉,5967169359,3,2023-08-25 15:28:26
鹭洲知里,8692675249,0,0,350000,350500,,我就是想到了啊,5966966738,0,2023-08-25 10:15:13
鹭洲知里,8692675249,0,0,350000,350500,,所以我联想到了就发出来了 有什么关系吗？该不会你不让评论吧？,5966953685,5,2023-08-25 10:14:47
hyegikk,1732040873,24,2,440000,440100,梦想是做一个无忧无虑的快乐沙雕,桃元仙品,5966718754,5,2023-08-24 22:15:34
晴娴一夏,116124618,0,0,500000,500101,如果一直恋恋不舍，那永远也看不见晴天。,灰原穷也有参与的作品；真的很不错[多多耍酷][多多耍酷]；,5966690689,1,2023-08-24 21:35:36
天茗青岚,4996660787,0,0,320000,320200,男同远离我,有必要吗[多多笑哭],5966510477,0,2023-08-24 16:01:21
上天揽月--,8594384511,0,2,0,100,,不用谢，他们可能是误会了什么，你不要放在心上,5966504810,0,2023-08-24 15:40:05
桑景娇,8718418867,16,2,330000,330700,,簪星[多多可怜],5966470847,2,2023-08-24 14:16:26
凡妮莎的自白,135874340,0,2,0,100,Nous vous souhaitons un bon week-end à toutes et à tous!,“是风动还是幡动？”“是我心动。”,5966332656,10,2023-08-24 08:38:42
叶子逸,345927516,0,2,0,100,喜欢林友树,一边写作业一边听……听成了是奋斗，是奋斗……我还在想河图现在路线这么励志了吗[大哭],5966128197,5,2023-08-23 21:40:25
夜月明桥,257903093,0,1,0,100,,求不得就偏宠，心猿意马就相拥，当年我听到这句的时候，就觉得它堪比红玫瑰最经典的那句得不到的永远在骚动，被偏爱的都有恃无恐。,5965861585,3,2023-08-23 11:16:36
楚子航的家,1888742965,0,2,410000,410100,,月牙儿，我想你了,5965816941,2,2023-08-23 09:05:29
暖风_u,1703928169,0,0,0,100,,前奏和中间部分的那段古筝真的好好好听啊[好听哭了],5965724633,2,2023-08-23 01:13:36
诗趣,491414019,0,2,340000,340100,怀瑾握瑜,24考研路过,5965567593,0,2023-08-22 20:54:39
神识不灭,439486096,0,1,330000,330100,,很好听,5965388315,1,2023-08-22 14:09:14
科伦汀hurricane,1915172835,19,0,0,100,飓风归来，看旧世界土崩瓦解！,绷，给前对象唱过，嗯，当着很多人的面唱过，那时候我还没告诉他，我喜欢他,5965190697,2,2023-08-22 02:51:55
望望vs木木,279780798,28,2,0,100,山中何事？松花酿酒，春水煎茶。,[大笑][大笑][大笑]同是莲络人~,5965189125,1,2023-08-22 02:34:44
望望vs木木,279780798,28,2,0,100,山中何事？松花酿酒，春水煎茶。,莲花楼官抖视频。李莲花一身蓝衣服暴露身份开大救方多病那个视频里的bgm,5965187657,0,2023-08-22 02:33:37
难为情_zo,8675380193,13,2,0,100,你看起来像在笑但眼睛里似乎有一片湖泊.,你确实挺累的 我容易委屈敏感爱哭 老是质疑这个质疑那个 总会因为一些零零碎碎的事情吵架 不开心的时候什么话都不想说 还老是让你去猜我的心思 吵架了只奢望你来安慰我 哄我 让你爱上这么糟糕的我 太为难你了,5965128466,1,2023-08-22 00:25:01
潇尘傲玉,1832870470,23,2,110000,110101,携一身傲骨如玉，潇然策马踏尘去,风吹幡动，不离风、不离幡、不离心。若离风则幡不曾动，若离幡则不见风动，若离心则不知何为动。,5964841457,5,2023-08-21 15:28:31
我欲成风cxm,500322531,26,2,430000,430100,,我爱你，但是我选择放过自己,5964803566,2,2023-08-21 13:55:10
回到真实,7797295198,0,0,0,100,,不是风动,5964258659,1,2023-08-20 12:12:46
子啾啾,356685061,0,2,320000,320100,,我见青山多妩媚 料青山见我应如是,5964208326,3,2023-08-20 09:57:23
凤尾鱼油辣椒,1927159720,0,0,0,100,🎈,好像,5964076527,1,2023-08-20 00:26:07
凤尾鱼油辣椒,1927159720,0,0,0,100,🎈,是的我已经发现了,5964077463,1,2023-08-20 00:25:58
Pissy-1,3247938223,0,0,0,100,我与我 周旋久,不知道你有没有听过拜无忧，这两首前奏有点像,5964072700,0,2023-08-20 00:18:36
凤尾鱼油辣椒,1927159720,0,0,0,100,🎈,前奏好熟悉,5964044473,0,2023-08-19 23:34:23
虫儿-一,8042544939,0,0,0,100,,算了算了，得不到就偏宠，心猿意马就相拥,5963972321,1,2023-08-19 21:26:26
小火锅Hina,517295517,25,0,410000,410100,一个平平无奇的人🎵,无法复制的经典,5963834612,6,2023-08-19 16:11:11
TwTlv,1443318234,19,2,110000,110101,never go out of style!,在哪？没听到过？,5963765565,0,2023-08-19 13:25:52
aa贩售云朵,8087208758,16,2,0,100,喜欢所有 不只晚风,知道我为什么喜欢旧歌重听吗？因为我想回到那个夏天 即使是闷热的天气也会因为你的出现而感到美好无比,5963718810,4,2023-08-19 11:19:09
星辰lh520,3289972612,0,2,430000,430100,甜美系芦苇一枚,相柳[流泪],5963491859,0,2023-08-18 22:59:36
楚子航的家,1888742965,0,2,410000,410100,,我好爱你啊，无情，我的月牙儿,5963077450,5,2023-08-18 08:48:11
星愿琦,4014450092,23,2,430000,430600,中华复兴之路任重而道远,之前就很喜欢这首歌，刚听的时候脑子里就有一句话“情不知所起一往而深”，爱慕之意藏于风中，大风中我瞧见她飞舞的发丝，想捋一捋，却不敢下手，我真的[流泪],5962963086,20,2023-08-18 01:51:53
弦外刻,1428958184,0,1,0,100,白一,[多多笑哭][多多笑哭]完全听不腻……,5962920581,0,2023-08-18 01:27:58
丹华先生,271740300,27,2,360000,360500,取道花丛懒回顾，半缘修道半缘君,我刚刚！也是这么想的！！！,5962779962,0,2023-08-17 23:41:37
岁岁平安006,7923667386,0,2,810000,810100,,虽然但是，这首歌和风师没关系吧……,5962702289,23,2023-08-17 21:49:12
不如就春风,1548918539,22,2,370000,371600,陪自己长大,临子我不能没有你啊,5962699148,2,2023-08-17 21:40:04
s流萤r,1742271096,17,2,410000,411200,“身在无间，心在桃源”,虐死了[流泪],5962660476,0,2023-08-17 20:40:29
s流萤r,1742271096,17,2,410000,411200,“身在无间，心在桃源”,哭死[流泪],5962659619,0,2023-08-17 20:40:20
s流萤r,1742271096,17,2,410000,411200,“身在无间，心在桃源”,我也是[流泪],5962663225,0,2023-08-17 20:40:00
s流萤r,1742271096,17,2,410000,411200,“身在无间，心在桃源”,我也是[流泪],5962663159,0,2023-08-17 20:39:23
s流萤r,1742271096,17,2,410000,411200,“身在无间，心在桃源”,我也想到了这个[流泪],5962658660,1,2023-08-17 20:39:04
s流萤r,1742271096,17,2,410000,411200,“身在无间，心在桃源”,第一次听是因为风师娘娘[流泪],5962662150,1,2023-08-17 20:38:30
岁岁平安006,7923667386,0,2,810000,810100,,政治课本,5962617528,0,2023-08-17 19:11:22
Serendipity墨香,1644163211,0,2,340000,341500,,风师大人天纵奇才，风师大人风趣潇洒，风师大人善良正直，风师大人年方二八.[呲牙][呲牙],5962585277,2,2023-08-17 17:56:39
tuorusite,273456182,0,0,510000,510100,,笑出声哈哈哈隔,5962524936,0,2023-08-17 15:47:18
绛澜ZX,1840018184,0,0,320000,320200,,--别晃了--我没晃，是风,5962485555,15,2023-08-17 14:21:57
既是故人-,7983518599,12,2,330000,330100,碧海青天，晴空万里，我屋后的油菜开得鲜艳，门前的杜鹃红得一塌糊涂，我可以出海，可以上山，家中有存银，床下养条狗，这日子有何不好？我为何要恨你？你若非要找个人恨你，李相夷恨你，但李相夷当真已经死了很久了。,本来以为只有我是因为莲花楼来的[奸笑],5962391186,3,2023-08-17 10:32:28
既是故人-,7983518599,12,2,330000,330100,碧海青天，晴空万里，我屋后的油菜开得鲜艳，门前的杜鹃红得一塌糊涂，我可以出海，可以上山，家中有存银，床下养条狗，这日子有何不好？我为何要恨你？你若非要找个人恨你，李相夷恨你，但李相夷当真已经死了很久了。,是莲花楼片花BGM！终于找到了！日推万岁～,5962387716,11,2023-08-17 10:31:13
灵音芯,1911123800,0,0,370000,371000,喜欢听歌，喜欢唱歌～,可可爱,5962380739,1,2023-08-17 10:03:45
呜啦啦拉233,368338129,0,1,330000,330100,,风动罢了,5962350587,2,2023-08-17 08:45:29
望望vs木木,279780798,28,2,0,100,山中何事？松花酿酒，春水煎茶。,看了莲花楼官方抖音给李莲花配的bgm特意来听的,5962239175,5,2023-08-17 00:18:03
瑾色如弦微咸海风,7821099108,16,2,440000,440600,（超爱原耽+古风）同学眼中的高中仙女一枚~但自卑敏感孤独，求被呵护~,银临的每一首歌总是能戳中我的心，这首歌是无意听到的啦~现在只想单曲循环,5962016709,2,2023-08-16 17:45:44
LuSheep744,1410026660,23,2,150000,150700,,六年啦！,5962014432,2,2023-08-16 17:39:02
望望vs木木,279780798,28,2,0,100,山中何事？松花酿酒，春水煎茶。,我也是,5962008629,0,2023-08-16 17:28:25
Sariel昙,3271851768,0,2,0,100,“我会始终与你同行”,我想我是时代的接班人，应坚信唯物主义，但我有那么一刻是唯心主义,5962004946,4,2023-08-16 17:15:26
roluolu,1873519173,18,2,0,100,在阳光下，我们都是追光者,风动时，我看见了你的身影,5961594664,3,2023-08-16 03:05:22
荨莨_,394323490,22,1,440000,440300,簪花带酒,六年了,5961487468,2,2023-08-15 23:20:42
无为亦无妄,5189662020,25,0,410000,411300,,风动即可,5961424964,2,2023-08-15 21:36:50
卿夏_iXUo,627502878,25,2,440000,440100,,师青玄真的太意难平了[流泪][流泪][流泪],5961373401,2,2023-08-15 20:02:41
美女美女美女嘿嘿嘿嘿嘿嘿,8527030005,0,2,610000,610900,,每次听都会觉得心痛，风师和贺玄真的虐死我了！！,5961331431,1,2023-08-15 18:33:19
谢吱儿,1958576098,0,1,0,100,要来点响彻云端的东西，把人从闭合的创伤里震出来。,这都是五年前的歌了啊...,5961262357,6,2023-08-15 15:59:11
chaserwithmarkren,3246977449,20,1,0,100,。,多愁公子,5961194333,1,2023-08-15 13:29:56
一乐知时,6368014794,0,1,0,100,,真的超好听啊👍,5961071914,2,2023-08-15 08:02:13
风师大人名动天下,1796768046,0,2,120000,120101,,…？,5961008005,6,2023-08-15 01:41:27
小丞要快点长大,3278769811,0,2,0,100,范丞丞,她的箭术是他教的，她身上流着他的血，她相伴的人是他救的，她日后归隐的地方也是他找的。世上再无他，却也处处有他,5961004801,1,2023-08-15 01:31:23
丙辰冬Jurim,1369770600,0,2,510000,510100,,听了六年了还是特别喜欢😭,5960661262,6,2023-08-14 14:11:12
chaserwithmarkren,3246977449,20,1,0,100,。,变故灭相夷，碧茶拂莲花。,5960368116,10,2023-08-13 23:09:36
陪我可可爱爱陪我奇奇怪怪,3294808451,0,2,510000,511700,在我荒芜的心上，在我细细碎碎的梦里,罢了罢了，经营好自己，至于其余的就随它去吧,5959792587,1,2023-08-12 22:27:10
太子殿下kk,8689648270,0,2,0,100,,虐死我,5959763567,0,2023-08-12 21:38:11
太子殿下kk,8689648270,0,2,0,100,,是风动，还是幡动管它呢心猿意马就相拥心动也罢,5959760363,3,2023-08-12 21:29:03
Oliver的妹妹奥利奥,123436965,0,0,0,100,网易云 越改版 越难用 快倒闭,是风动还是幡动轮回难道就不同我是你途中有青山撞入怀这两句好听到爆,5959570305,5,2023-08-12 14:11:12
在你身边为你千千万万遍,3375083571,0,2,370000,371700,,还在听，净化心灵。,5959384424,1,2023-08-12 02:43:01
_洛洛洛洛洛_,434235882,21,0,410000,410100,,2023年8月11日 我还在听,5959271473,1,2023-08-11 22:55:32
山中医美女研究生,494722114,22,0,370000,371200,,超爱,5959202554,1,2023-08-11 20:55:14
念陌与纤,6485591062,13,2,350000,350500,,抱抱,5958618531,1,2023-08-11 11:28:46
小橙小橙OranG,113379572,23,1,1000000,1010000,哈喽，我是OranG小橙，很高兴认识你 欢迎找我聊天分享生活的趣事哦,我是这么分句的我是你， 有青山撞入怀青山是困难 入怀是接纳我的理解是你我为一体 走向未来一定会有无数风雨险阻 接纳困难 没有什么好怕的,5958545329,1,2023-08-11 08:09:17
小狗圆舞曲_,109893897,27,2,1000000,1010000,,听到这首歌就会想到我的陈檀[多多难过],5958105860,2,2023-08-10 18:06:09
丞丞汁配顾飞飞,7835749213,18,2,510000,511000,,学哲学的时候遇到了激动了一节课，还到处和他们说[多多捂脸],5958040567,1,2023-08-10 15:52:09
小汤圆_2cBr,8672069332,0,0,0,100,,找到组织,5957934455,7,2023-08-10 11:39:37
千禧吧叭叭叭,3363195424,0,0,370000,370300,鲸,你不懂我独自熬过多少个难熬的夜，流过多少没人看见的泪水！更没人知道我白天还要收拾整理好一夜的疲惫和崩溃仍然艰难的面对打压，孤立，围剿，针对！如履薄冰，艰难的过活！四年，没有一天真正开心过，见证了最卑劣，虚伪的嘴脸！令人作呕的一切！,5957839236,3,2023-08-10 05:36:31
御姐不想流泪,8551170846,0,2,110000,110101,3031383766,蹲个现实对象 渣男勿扰,5957688316,1,2023-08-09 22:36:08
看结局怎样咯,3283007734,0,2,130000,130300,,好久之前收藏的歌 日推真懂我,5957666123,2,2023-08-09 21:58:07
时光请停下你的脚步,1726495086,21,1,340000,341200,我不后悔，可是我也很迷茫,好有才华[心心],5957532638,0,2023-08-09 17:22:32
谢景煊,2021084493,15,1,0,100,DWMWYQ，WZSRZDDN，KYGLYJCD,呜呜呜，为什么呀，为什么相柳不是男主，呜呜呜,5957513700,0,2023-08-09 16:41:39
道不明1806,1500397296,0,2,0,100,钱进。,轮回难道就不同,5957516817,1,2023-08-09 16:39:46
念竹林,7964303403,0,1,0,100,“Death is just another great adventure″,非风动，非幡动，仁者心动。,5957474377,2,2023-08-09 15:04:24
bbven,1956566187,33,2,360000,361100,追风赶月莫停留,那闪闪发光的姑娘谁啊,5957466919,1,2023-08-09 14:39:42
滕玉意v,1761266931,0,0,0,100,常不涉不知其优秀,拜无忧,5957394569,0,2023-08-09 11:52:00
粉霓菟,3251229123,19,2,0,100,那些有你的过往，困为美好所以残忍,你们没觉得这个前奏很耳熟？,5957393472,0,2023-08-09 11:47:35
温的n次方,3307154692,16,2,340000,340100,,主观唯心主义！,5957077211,1,2023-08-08 20:59:55
Ambition-1X,1550361561,22,2,230000,231000,破云,考研政治DNA动了，主观唯心主义,5957042635,1,2023-08-08 19:58:59
Ambition-1X,1550361561,22,2,230000,231000,破云,政治马原学到这了，是风动帆动的,5957043477,9,2023-08-08 19:57:56
八度开张,322258782,25,1,350000,350500,八度开张,，,5957016149,0,2023-08-08 18:56:30
有人知是荔枝来,7922637617,16,0,130000,130500,,不是风动，不是幡动，仁者心动。,5956992338,3,2023-08-08 18:08:29
我的异次元恋人,3531127675,19,2,130000,130100,我爱你,我哭死双玄必是死局,5956968235,0,2023-08-08 17:12:39
-你和猫和我-,1422010459,19,1,410000,410700,等风来不如追风去,放到现在，这首歌依然能打,5956889310,5,2023-08-08 14:19:32
拉瑞儿E,1542031097,0,2,0,100,,啊啊啊啊啊我是来听歌的，不是来哭的[流泪][流泪][流泪],5956850502,0,2023-08-08 12:51:32
浪荡公子的反抗,1366892440,0,2,320000,320700,知所从来，思所将往,轮回难道就不同,5956839464,1,2023-08-08 12:24:09
阿豪0826,507869531,22,1,340000,340800,你热爱音乐，古典的交响乐，现代的摇滚乐，温文尔雅的歌剧清唱剧，粗犷豪放的民谣村歌，乃至悠婉凄长的叫卖，孤零萧瑟的风声，温馨闲适的节日的音讯，你都听得心醉神迷，听得怆然而沉寂，听出激越和威壮，听到玄缈与空冥，你真幸运，生存之神秘注入你的心中使你永不安规守矩。,我在，小太阳,5956642375,0,2023-08-08 00:29:34
星星蔺星星,284444682,0,0,370000,371100,,同,5956553507,0,2023-08-07 22:15:24
你的头发染上了星光的颜色,1794225486,0,2,0,100,,是空气,5956498697,1,2023-08-07 20:41:07
AMG-G63-G,1538203859,21,2,370000,370400,都要好好的，❤,主观唯心,5956459063,3,2023-08-07 19:42:56
云村村民167118973884787,8190928382,0,0,0,100,,你有事？,5956182903,1,2023-08-07 16:46:26
粉蒸小太阳,599775223,21,2,410000,411300,,惊喜ฅฅ*,5955957106,1,2023-08-07 09:24:07
安芋头99,1583457371,0,2,370000,370200,why you been acting like a stranger,好听,5955730571,1,2023-08-06 22:00:35
梦柠2369,4874931299,0,2,610000,611000,,我的风师娘娘啊，我脑子里面第一个想到的就是风师娘娘,5955700840,22,2023-08-06 20:58:05
仅仅是慕寒,3259852861,17,2,130000,130900,,夺命十三枪第二枪，相思（）,5955614761,0,2023-08-06 17:40:44
多多_th1V,3974333681,19,2,370000,371500,,一听这个歌 满脑子都是相柳,5955587355,0,2023-08-06 16:40:14
寻找你的兔子_,508345224,0,2,1000000,1007700,“这一生 你只能遇见我一次 劝你三思”,是心动,5955540487,2,2023-08-06 15:14:55
AUTUMn1015,421292056,0,2,310000,310108,,武侠感max,5955532181,2,2023-08-06 15:01:12
shy-及时雨,8444086779,0,0,0,100,,真的我中毒了在这也能看到小柳子救命 我现在看到这个名字就想哭,5955516973,1,2023-08-06 14:21:28
落花本是身外客,428041549,0,0,0,100,莫道功名需百战，愿效水滴洞石穿。莫道征途路漫漫，愿效江水去不还。,这不想起了90年代那会幼儿园的课本:高高山上一条藤，藤条上面挂铜铃，风吹藤动铜铃动，风停藤停铜铃停,5955479690,1,2023-08-06 12:58:17
帐号已注销,1808736989,无,无,无,无,无,少君倾酒，黑水沉舟，血海深仇 ，不死不休,5955403908,14,2023-08-06 09:33:23
望望vs木木,279780798,28,2,0,100,山中何事？松花酿酒，春水煎茶。,看了莲花楼官方抖音给李莲花配的背景音乐来的,5955244568,3,2023-08-05 23:36:31
阿巴不懂,7792438054,0,1,320000,320400,,这歌让我想起来《天官赐福》里面的风师娘娘[流泪][流泪],5955080682,5,2023-08-05 18:21:58
予梦钰,1515549912,23,2,610000,610100,自先沉稳，而后爱人。,是我心动,5955063115,2,2023-08-05 17:37:54
用户8047009810,8047009810,0,0,1000000,100,,一直以为是“侵如野火纷然，震若千钧雷声绽”,5954915106,2,2023-08-05 11:25:42
Mm_橘子,1569444472,24,2,440000,440100,清醒的悲观主义者,我觉得这首歌好适合相柳啊[流泪][流泪],5954654691,19,2023-08-04 22:19:31
时日可期,7993536710,12,0,420000,420900,,为什么一听到〝是风动，还是幡动〞就想到了风师娘娘啊,5954521218,17,2023-08-04 17:45:18
旧巷子里面的猫,358770253,29,1,500000,500101,冷冷清清的风风火火,终有若水替沧海，再把相思寄巫山,5954508618,1,2023-08-04 17:22:54
正版糖糖_,313993307,17,2,0,100,,哈哈哈好可爱，是风动,5954418449,2,2023-08-04 14:01:34
晴阿空,5207158538,0,0,130000,130100,本人热爱文学和读小说❤古风❤️汉服的小姐姐一枚，喜欢聊天，猫控，喜欢闲暇之余伴着夕阳晨曦读书看小说，❤️二次元，学画画和ps，玩乐器，平常有时还学学乐器调音，写东西做橙光游戏（详情欢迎家人们点击主播的b站号柠檬不萌2538），唱歌是绝对五音不全的，还请家人们多指教哦,那一年你瞬间成了你学校半年的新闻对吗[多多大笑],5954395061,0,2023-08-04 13:03:29
Vicnysy,89767287,0,2,1000000,1004400,,凡夫俗子的戏本最适合冷眼旁观，不易入戏太深。忘我、才见天下。,5954256299,3,2023-08-04 07:41:54
陌笙久月,645830151,21,2,520000,520400,我们身在井隅，却心向璀璨✨,“是谁在动啊？”“不是我，是风”是我心动。,5954139645,4,2023-08-04 00:14:37
紫夜陌寒,497843364,0,1,310000,310101,,没人是从101过来的吗[大笑],5954108894,1,2023-08-03 23:32:24
季媮呓,3882010198,0,2,500000,500101,,这必定是死局,5954085947,2,2023-08-03 22:57:07
季媮呓,3882010198,0,2,500000,500101,,风师娘娘那个时候可是一撒就撒十万功德的,5954082680,26,2023-08-03 22:56:53
季媮呓,3882010198,0,2,500000,500101,,可惜了,5954081634,1,2023-08-03 22:55:36
鲸落_KvPA,8705301420,0,0,0,100,,我也只能穿着校服活在你的青春里,5953974481,2,2023-08-03 20:06:28
鲸落_KvPA,8705301420,0,0,0,100,,所谓浪漫，就是没有后来。,5953977110,1,2023-08-03 20:05:55
我要当面亲吻周树人,1815053462,5,1,0,100,人固有一死 或死于电路 或死于函数,不是风动，不是幡动，仁者心动,5953977095,1,2023-08-03 20:05:45
鲸落_KvPA,8705301420,0,0,0,100,,不乱于心，不困于情。不畏将来，不念过往。如此，安好。,5953973636,1,2023-08-03 20:05:33
鲸落_KvPA,8705301420,0,0,0,100,,你没有如期归来，而这正是离别的意义。,5953976274,2,2023-08-03 20:05:06
鲸落_KvPA,8705301420,0,0,0,100,,时间不是解药，但解药在时间里。,5953974346,11,2023-08-03 20:04:46
鲸落_KvPA,8705301420,0,0,0,100,,于人海中遇见你，又将你归还于人海之中。,5953976211,1,2023-08-03 20:04:25
楚子航的家,1888742965,0,2,410000,410100,,无情，月牙儿，我爱你啊啊啊啊,5953905818,2,2023-08-03 17:37:15
季元泱,3224465072,22,2,1000000,1010000,盛夏一光年，长忆勿相忘。,6,5953518719,1,2023-08-03 05:23:06
季元泱,3224465072,22,2,1000000,1010000,盛夏一光年，长忆勿相忘。,六年了，是我心动,5953521928,1,2023-08-03 05:21:54
海枯爱九菜盒子,1380761165,18,2,320000,320600,九菜永远留在了2020年那个夏天12月份yyds，永恒的回忆,是风动啊啊好听惨了[蛋仔大哭],5953429221,3,2023-08-03 00:09:59
云烟台下楼满春,1416516454,18,2,330000,330200,,现在听还是很有感觉[亲],5953319245,2,2023-08-02 21:18:41
小lan酱啊,1566386767,0,2,0,100,,写的太棒了[流泪],5953241308,1,2023-08-02 18:49:49
阿巫77777,5019857909,0,0,350000,350100,,主观唯心主义,5953041599,0,2023-08-02 11:18:09
凤凰明王的狗,4908445573,0,0,430000,430100,,😨😭,5953040478,8,2023-08-02 11:13:44
uni_一只黑土土,1857886397,0,2,1000000,1005500,人生不摆烂，快乐少一半,omg这层居然都在讨论政治学习,5953033320,0,2023-08-02 10:54:19
时含境,8738727186,0,2,0,100,古风如茶，满城盈花,是风动 还是幡动 轮回难道就不同 “风师扇 ~风来！” 你是我身外 化白云任去来    一旦经风，纵是死水也翻涌   贺玄恨他不得 爱他亦不得 可惜 世间再无一挥手就是十万功德的风师娘娘 可惜 双玄注定是死局,5952662793,3,2023-08-01 18:30:08
續航xx,3303547610,0,0,1000000,1007700,Only you I love you,代姬屋藏郊[流泪],5952506008,2,2023-08-01 12:59:46
鹭洲知里,8692675249,0,0,350000,350500,,风师娘娘年方二八. 风师娘娘貌美如花. 风师娘娘英俊潇洒. 风师大人正直善良. 风师大人天纵奇才. 风师大人朗目星德.风师大人无处为家...,5952475782,176,2023-08-01 11:52:18
0鬏公子0,428849564,23,1,210000,210200,,这开头的时候怎么跟高桥优的那个ヤキモチ这么像啊[多多捂脸][多多捂脸][多多捂脸],5952444196,1,2023-08-01 10:48:14
路过的x世界BB,3223175762,0,1,0,100,企鹅:2300720024,这个歌曲前奏不就是高桥优的ヤキモチ吗？！,5952446056,0,2023-08-01 10:47:44
橄榄丶树,485879679,0,0,330000,330200,,这歌中间有一段跟射雕英雄传片头曲好像,5952391512,0,2023-08-01 08:29:08
-想见你-H,1516364668,0,2,310000,310101,人山人海里你又能记我多久,听过最好听的古风歌,5952311955,1,2023-08-01 01:32:26
Gaeul_ty,530510448,17,2,340000,340400,SEVENTEEN,“不是我，是风”,5952262433,5,2023-08-01 00:15:04
云村村民163808869697991,6330469166,0,0,410000,411500,,′丶＊pih,5951550415,0,2023-07-30 21:26:06
弦外刻,1428958184,0,1,0,100,白一,怎么了[好听哭了][好听哭了][好听哭了],5951522930,1,2023-07-30 20:31:19
墨逸红尘,437169901,0,1,0,100,,保持平静 等待死亡 是我对人生最好的答案。,5951465287,3,2023-07-30 18:32:36
云萍灯火接天照,7845891716,0,2,350000,350200,,好的,5951324176,0,2023-07-30 13:21:50
ulae4_70xt,8715988563,0,0,0,100,,天天看他们吵，自己喜欢的书莫名其妙就被带上，真的感觉，哎，别扭死了，算了不说了我也是真的累了，以后也不管了,5951307984,0,2023-07-30 12:44:22
ulae4_70xt,8715988563,0,0,0,100,,那抱歉了，我理解的ky好像跟你理解的不太一样，我会删评论的,5951304546,1,2023-07-30 12:41:40
懒羊羊最喜欢谁,1788860472,0,0,0,100,少年意气不言败,我哭[流泪][流泪][流泪],5951182803,2,2023-07-30 05:44:41
濯沢,7956261786,0,1,0,100,,前奏像拜无忧是真的，因为就一套作曲编曲，而拜无忧是8年前的歌，这首歌是6年前的。,5951037245,2,2023-07-29 23:16:30
濯沢,7956261786,0,1,0,100,,这么久了，6年了，我从小学到了大学……,5951039861,1,2023-07-29 23:15:21
Royallyy,1928084366,19,2,1000000,1000500,说吧，说你最爱我,可以是风动可以是幡动，一定不能是心动。,5950808384,13,2023-07-29 15:56:21
你需要一杯意式特浓,4899617845,0,0,0,100,,是啊，感觉相柳真的很贴合这首歌,5950797606,2,2023-07-29 15:31:53
August-TuT,2125457587,0,2,0,100,平芜尽处是春山。,听马原课讲到唯心主义一下子就想到这个歌了,5950657497,3,2023-07-29 09:58:48
August-TuT,2125457587,0,2,0,100,平芜尽处是春山。,主观唯心主义[多多捂脸],5950659088,0,2023-07-29 09:55:22
Ciatoeatend9,1531189524,20,0,0,100,,桃元吗！,5950414576,4,2023-07-28 22:00:58
和平分手1808,1574900696,0,1,360000,360100,,我反复听了几遍，感觉就是太像了节奏,5950355958,0,2023-07-28 20:17:23
和平分手1808,1574900696,0,1,360000,360100,,为什么感觉前奏像起风了？,5950354073,0,2023-07-28 20:15:19
巡洋舰睡着了,431817979,0,2,440000,440100,巡洋舰舰长,是心率178时要叫你的名字，是摇晃的吊桥，是峡谷上的风，是纵身一跃，是礼物，是送别，是心动。,5950232317,15,2023-07-28 17:35:19
云萍灯火接天照,7845891716,0,2,350000,350200,,拜托，这首歌又不是什么同人曲，我问你哪来的关系？？为什么跟你们说话很累。,5950107932,2,2023-07-28 13:31:51
今晚要早睡o-o,1455368940,0,1,340000,340400,,我的夭柳啊,5949851799,6,2023-07-28 01:18:01
小黄小黄小h,469788916,0,2,440000,440400,,心动过。,5949797115,1,2023-07-28 00:17:55
大C耶,1650296521,0,2,0,100,风是自由的，我也是,我的相柳[多多难过][多多难过][多多难过],5949743265,7,2023-07-27 23:23:41
银色山雾,64013701,0,0,0,100,,很喜欢,5949714179,1,2023-07-27 22:38:12
鈊刧,3246079538,0,2,140000,141000,,🎀🎀,5949664380,1,2023-07-27 21:21:07
chaserwithmarkren,3246977449,20,1,0,100,。,身边的是我的好朋友殷郊[流感],5949634650,5,2023-07-27 20:33:51
绝世娇,1658624474,0,2,500000,500101,,这首歌跟女将星适配度极高！,5949475595,1,2023-07-27 14:56:17
知南_one,8618417594,0,2,0,100,愿你们今年所有的遗憾都是来年惊喜的铺垫 如果要走 希望以后我们想起彼此的时候都是美好的回忆,安全感来于满格的手机电和与日俱增的余额."没有回应的主动让人尴尬难堪又自厌",5949349976,2,2023-07-27 10:38:19
我不要途中下車,1696416622,0,0,0,100,僕らの領空。,是风动，还是幡动，轮回难道就不同。,5949267089,4,2023-07-27 04:38:50
丨何以歌,8474272268,0,0,0,100,你的名字永刻地底，我的灵魂向死而生.,双玄，死局。,5949118421,4,2023-07-26 22:59:08
丨何以歌,8474272268,0,0,0,100,你的名字永刻地底，我的灵魂向死而生.,“花城，借钱。”“干什么。”“扇子，坏了。”“太子殿下，本师……我是个凡人了，我没有法力啊！！”“你的扇子，接着。”,5949121923,5,2023-07-26 22:58:57
丨何以歌,8474272268,0,0,0,100,你的名字永刻地底，我的灵魂向死而生.,“明兄，相信我，女装法力更强！”“我不，我就要跟着你”“开心吗”“风师大人又散了十万功德！”“太子殿下好啊”“哥，我不想当神仙了”“让帝君贬我下凡吧，随便编个罪名，什么都好”“明……贺玄，求你杀了我 放了我哥吧”“哈哈，太子殿下，没认出我吧！”“黑水，没对我怎么样……”,5949120901,24,2023-07-26 22:57:33
丨何以歌,8474272268,0,0,0,100,你的名字永刻地底，我的灵魂向死而生.,还可以楼中楼中楼,5949113668,2,2023-07-26 22:52:25
树屿shuyu,392794384,25,2,500000,500101,,i古言不听是风动真的很失败🥲,5948584192,8,2023-07-26 08:27:58
只因飞雪飘过,613986232,0,1,1000000,1003100,都是我干的。,真的是这样，风过了只剩下自己一个人在失落,5948575562,0,2023-07-26 08:01:10
哀樂無鳴,1429387491,25,2,510000,510100,,不知不觉，从第一次听到这首歌到现在已经六年了，但每次听依旧惊艳,5948442693,17,2023-07-25 23:42:17
浪子情义皆在,493400664,28,1,440000,440100,,轻车去，影无踪，扶桑花开待故人沉香烬，吟浅月，行舟落简终相见,5948426645,5,2023-07-25 23:18:48
chaserwithmarkren,3246977449,20,1,0,100,。,今天看了封神…真的很羡慕姬发和殷郊…救太子多次于水火的小狗,5948416850,2,2023-07-25 22:56:59
反比例真是看不懂,8220623411,0,1,0,100,,书友?,5948411694,1,2023-07-25 22:55:34
幽灵captain,401233363,22,1,520000,522400,I think， therefore I am.,感觉起风了跟这首歌有点点像，可能是幻听[大笑],5948305357,2,2023-07-25 19:45:43
云村村民161965559715196,4989393755,0,0,360000,360100,,望秋听雨——桥花花桥月空明前桃花庵，天散秋洪诺一决。峦风雨中醉仙亭，淡湖望海清华苑。看尽世间三千情，不知何时遇涟源。簇花桥上桥花簇，红尘俗世俗尘红。（有没有大佬能看出来我这首“诗”在写什么？）,5948212520,3,2023-07-25 16:31:30
知笖,3881359844,0,2,130000,131100,,大家都会好起来,5948121271,1,2023-07-25 13:16:23
一斗提拉米苏,1617039361,22,1,510000,511600,有趣的灵魂终会相遇😜,青山元不动，白云自去来,5948068929,4,2023-07-25 11:30:01
Appennino-Felicia,7903322769,15,2,340000,340100,僕は僕の味方でいようよ,“痴人说着梦，都道情之所钟”,5948036734,1,2023-07-25 10:22:16
ZYY123亿,1784167799,0,1,0,100,,我用执着烧死了所有的幼稚和任性 那片荒野慢慢长出了理智冷漠和清醒,5948005133,3,2023-07-25 09:06:22
图大我是最烈的人,1351535420,0,2,440000,445100,,这首感觉要火,5947953023,2,2023-07-25 03:48:40
真给你担丢脸,1410836202,0,2,130000,130200,,风师娘娘年芳二八，风师娘娘貌美如花，风师娘娘无处为家,5947775387,6,2023-07-24 22:00:07
云村村民165431460728711,7887088515,0,0,0,100,,哦,5947640094,0,2023-07-24 17:36:19
小姐姐我恨死你了,1468716789,14,2,370000,371100,,歌词太牛了,5947591217,3,2023-07-24 15:50:48
小圆blue,1414767868,0,2,0,100,,政治必修四,5947499045,0,2023-07-24 12:24:19
点mio,425311811,0,2,0,100,燃我一生，照你归路再无风雪,相看两不厌，只有敬亭山,5947181856,2,2023-07-23 21:47:52
ahhh啊哈哈,5185195610,23,0,530000,530100,,哇！17年，我那时候应该在物理课上打瞌睡哈哈,5947180793,0,2023-07-23 21:45:17
幽白黑乌云,286295634,0,2,0,100,词作。完整词作作品见歌单，主页显示不全，只关注私信的话其实很多歌也不会发私信的_(:з」∠)_,不过我发这条评论时是高中学政治必修四的时候[多多笑哭],5947174580,0,2023-07-23 21:41:56
月亮失约iy,557304523,0,2,1000000,1005500,我们无法判断一个瞬间的价值，直到它成为回忆。,我也 听完那节课就来听这首歌了！,5947047625,0,2023-07-23 17:43:36
ahhh啊哈哈,5185195610,23,0,530000,530100,,我也是刚刚听徐涛老师举例就想起这首歌回来听的！,5947033426,1,2023-07-23 17:13:10
亦拂华,1543560109,0,0,0,100,风吻过我的发梢，我的眼角淌下一颗泪来。,卧槽，禾晏！,5946778969,0,2023-07-23 04:27:54
九门小佛爷,5208493734,33,2,430000,430100,,主观唯心,5946497420,0,2023-07-22 18:52:05
舒血薇,1874449487,20,1,500000,500101,你守在渡口与我隔水望，有雪花落在肩头和发上…,空耳鉴？,5946486390,3,2023-07-22 18:28:16
清梦星河河,293751550,0,1,0,100,后来也有许多思念想把夏天带走。,风缘？！,5946477085,0,2023-07-22 18:02:45
帐号已注销,7984349373,无,无,无,无,无,是风动 还是幡动 轮回难道就不同。,5946450905,2,2023-07-22 17:04:02
帐号已注销,7984349373,无,无,无,无,无,遇见你时神对我说了四个字在劫难逃,5946451796,5,2023-07-22 17:02:29
舒血薇,1874449487,20,1,500000,500101,你守在渡口与我隔水望，有雪花落在肩头和发上…,不是还有一首吗，那个天峰似雪和那个传刀,5946343290,1,2023-07-22 13:01:35
舒血薇,1874449487,20,1,500000,500101,你守在渡口与我隔水望，有雪花落在肩头和发上…,河图忙着钓鱼，你去抢他鱼竿吧,5946344203,1,2023-07-22 13:00:56
海陆交界,77429681,0,0,1000000,1000500,,经年幻梦终成真。,5946196053,1,2023-07-22 03:56:17
vulnerable_species,337197802,0,0,0,100,KFC大战麦当当，最后蜜雪冰城笑了,很难说得出，你是我的心上人，一生只遇见一次的人,5946153709,1,2023-07-22 01:19:54
好紧张--要发财了,4924533510,25,1,0,100,这个人很懒，暂时没有简介~,问：河图和银临啥时候合作一首新歌？,5946136534,1,2023-07-22 00:42:30
好紧张--要发财了,4924533510,25,1,0,100,这个人很懒，暂时没有简介~,好久没听河图和银临的歌了呢~~,5946133678,2,2023-07-22 00:41:16
阿多尼斯式的孤独,1345609986,0,0,0,100,时光是风，自死亡的方向吹来。往昔的日子是座坟，但其中没有尸体。,阳光刚刚好，湖岸树影婆娑，小桥流水碧波，好一片静谧的栖息地。抖落一场黑夜的雨，你从黎明走来。,5946003217,4,2023-07-21 21:21:34
予你北山岸边等风来,4003566755,0,2,0,100,我知道 今后我的爱和时间都与你有关,曾经沧海难为水 除却巫山不是云取次花丛懒回顾 半缘修道半缘君,5945903853,1,2023-07-21 18:01:49
今晚无月无风星河高挂,580557141,0,2,0,100,,好好听,5945892823,1,2023-07-21 17:42:50
佯屿_,1551185067,25,2,650000,650100,,我幻想的白月光演员演绎白月光大将军终于要变为现实了   所有美好的愿望都在一点一点变为现实💗,5945876707,1,2023-07-21 17:16:18
点点十二w,2116273755,33,0,340000,340100,,突然就想到了女将星禾晏和肖珏,5945858592,2,2023-07-21 16:38:46
坐在你的坟头调戏zhang,5205151286,0,2,0,100,,23了[多多大哭],5945835128,0,2023-07-21 15:45:56
享受孤独哇啊,454380041,0,1,0,100,入骨相思君知否,“此生，我只会娶帝梓元，哪怕我对别的女子动了心”,5945722093,1,2023-07-21 11:51:24
咪路酱的酱,4946642192,0,0,0,100,,盛夏白瓷梅子汤，碎冰碰壁当啷响。,5945579911,2,2023-07-21 02:35:10
慕栀枫,413421938,3,2,350000,350500,,要命[流泪][流泪][流泪],5945477281,2,2023-07-20 23:22:55
慕栀枫,413421938,3,2,350000,350500,,学了马哲真的很难直视这首歌了,5945478190,1,2023-07-20 23:22:46
花城谢怜_yyds,8252307833,11,2,350000,350500,,风师娘娘......,5945384517,2,2023-07-20 20:47:57
荟还是欣,3311539024,0,2,0,100,,举报了么么,5945166699,0,2023-07-20 17:10:40
荟还是欣,3311539024,0,2,0,100,,你有本事吗？在网络上瞎说，咄咄逼人,5945161419,0,2023-07-20 17:01:55
荟还是欣,3311539024,0,2,0,100,,你有本事来杀了我，来杀了我啊,5945165984,0,2023-07-20 17:01:11
SpeciaItn,8664543650,0,0,0,100,怎奈松风明月三千里，天不许归期“尘不到，冬至了”“好像桑田碧海，物是人非，这山间的青松流云却还是当年的那些，亘古恒常，从未变过”“尘不到，为什么这里的月亮总是不圆”“吾承吾主之意，镇守松云境内，祈盼千年，终得大开山门。今以素衣长礼，迎故人归家”尘不到，时时自有春风扫“旧时书册里说青鸟，神禽也，书信传思慕”“闻时别回头，我看着你走”“天道，不公平”“雪人，我来讨茶”“雪人，我来接你回家”,我也是！,5945111866,2,2023-07-20 14:57:30
Signification_,305716099,0,0,0,100,承君之意.,知道错了还ky你就说你是不是找抽,5945073322,0,2023-07-20 13:38:23
荟还是欣,3311539024,0,2,0,100,,好的宝宝,5945073214,0,2023-07-20 13:36:46
荟还是欣,3311539024,0,2,0,100,,我听个歌说一下听这个歌想起来的事情怎么着你了,5945074907,0,2023-07-20 13:36:35
云萍灯火接天照,7845891716,0,2,350000,350200,,你们丹姐不要太离谱,5945022121,0,2023-07-20 12:31:34
云萍灯火接天照,7845891716,0,2,350000,350200,,这首歌不是古风，你大可以看看穷叔的评论,5945013279,0,2023-07-20 12:28:26
云萍灯火接天照,7845891716,0,2,350000,350200,,ky了,5945019979,0,2023-07-20 12:27:54
熙燃呀,3326708210,18,2,220000,220100,,风师扇，风来,5944877440,1,2023-07-20 10:55:28
神明不藏爱意,1880368172,22,2,0,100,遇见你的时候所有星星都落在我头上,跟晚风微雨问海棠的调子好像，感觉那个像是搬的这个前奏（勿喷,5944851676,0,2023-07-20 09:59:25
左然左然左然myfaith,1538797347,17,0,1000000,1002200,,真的好喜欢呜呜呜呜真的就是那种虽然作词有点看不太懂但是觉得很美！！！,5944803738,3,2023-07-20 07:05:29
LE-ROI,1422106508,23,2,440000,440300,,起风了是抄袭就是不知道是抄袭哪首,5944669910,0,2023-07-19 23:32:39
LE-ROI,1422106508,23,2,440000,440300,,这个前奏咋一听起风了,5944670829,0,2023-07-19 23:32:15
LE-ROI,1422106508,23,2,440000,440300,,就你想的到吧,5944491104,1,2023-07-19 18:05:52
Yun-程魚丶,8182995741,15,2,530000,530100,「可能你會在十三月愛我 而不是今天.」,不懂,5944384212,0,2023-07-19 13:52:16
眰昫,8657531897,14,2,360000,360400,,呃呃呃，任意一位耽美听到这首歌，都会想起风师青玄好吧,5944365574,0,2023-07-19 13:12:09
今天十七号呀,573371566,0,0,530000,530800,,现今毕业几年，突然在今天的日推里又听到了这首歌，我以为已经忘却的记忆又重来，这首歌好像寄托了我大学时光的一部分，每听一次，那些成为过往记忆的情感便翻涌重来。当年我们在宿舍里嘻嘻哈哈的平凡时光，时隔多年后，正中我眉心，当时只道是寻常。,5944361379,0,2023-07-19 12:59:48
云萍灯火接天照,7845891716,0,2,350000,350200,,去百度查,5944304670,0,2023-07-19 11:47:16
眰昫,8657531897,14,2,360000,360400,,ky？是啥,5944165376,0,2023-07-19 10:01:08
阿莉埃蒂--叶夜,115126640,6,0,1000000,1000100,,我上不去肿么办,5944031431,1,2023-07-19 00:19:17
五仁月饼情人,1655073200,0,2,0,100,长命百岁才最好,随机随到，刚听到前奏一秒想起白月光归国这个比喻[惊恐],5943874045,3,2023-07-18 19:40:49
約定_LNWA,1756477088,0,0,130000,130400,,不是风动  不是幡动  仁者心动,5943755606,1,2023-07-18 15:04:09
小鱼干饭团,77466699,0,2,0,100,斯人若彩虹，遇上方知有。,唉，这首歌的主题怎么这么像我最近的这个情况哦！如果真相迟一点来，结局会不会不一样呢？就沉沦吧,5943079442,1,2023-07-17 15:32:34
北辰-备考版,2046001725,0,2,310000,310101,蚍蜉虽小，亦可撼树,起风了比这首歌晚了太多了,5943043712,3,2023-07-17 14:08:22
汶箬,1884891899,0,2,500000,500101,所念皆星河,又想起散落了[流泪][流泪][流泪],5942976443,1,2023-07-17 11:42:46
奥利奥千层夹心,1654019050,20,2,330000,330100,当逐天光，如愿以偿,我是老版教材哦 就是这个名字,5942951149,1,2023-07-17 10:45:51
云萍灯火接天照,7845891716,0,2,350000,350200,,不要ky，容易招黑,5942928491,2,2023-07-17 10:02:42
云萍灯火接天照,7845891716,0,2,350000,350200,,不要ky，容易招黑,5942927605,2,2023-07-17 10:02:20
云萍灯火接天照,7845891716,0,2,350000,350200,,不要ky,5942931073,7,2023-07-17 10:02:06
云萍灯火接天照,7845891716,0,2,350000,350200,,不要ky，容易招黑,5942926598,2,2023-07-17 10:01:40
云萍灯火接天照,7845891716,0,2,350000,350200,,不要ky，容易招黑,5942927453,1,2023-07-17 10:00:43
泅冢,481288908,0,2,330000,330300,你说你很孤独，就像很久以前火星照耀十三个州府.,怎么已经六年了,5942887756,2,2023-07-17 08:15:44
鱼愿游,1681698681,33,0,350000,350500,洋洋洒洒痛快,心动,5942476439,2,2023-07-16 19:37:45
Wyiqqii,1934874232,0,0,0,100,,愿我如长风，渡君行万里。,5942382892,2,2023-07-16 16:37:27
逆风轻萤,1862787080,17,2,330000,330100,再被你提起已是连名带姓谎称是友谊却疏远得可以,不是风动 不是幡动 仁者心动,5942220685,6,2023-07-16 11:09:35
oozzooz,3240731973,0,0,0,100,阴暗的爬行,这首歌感觉很适合一些让克己者失礼的爱,5942206491,41,2023-07-16 10:39:47
oozzooz,3240731973,0,0,0,100,阴暗的爬行,是的，只有你。,5942208290,3,2023-07-16 10:38:34
赣镔,1356284486,25,1,440000,440900,,0嘛搂psplzlallmzlllmlolooM.L*9)9?90，0/0/). 9?公,5942199316,0,2023-07-16 10:19:37
尔辈竟不能究物理,3319532138,0,2,120000,120101,,仁者心动,5942010263,1,2023-07-16 00:00:15
万维网_PdGC,1661146334,17,1,410000,411300,,这歌是17年的，应该是起风了像这个,5941753198,4,2023-07-15 15:12:42
月亮睡咯_night,1521208865,0,2,360000,360100,,只有我觉得前奏有点像起风了嘛,5941733995,0,2023-07-15 14:22:32
说山训,3860077088,0,0,0,100,,原来这首也已经这么久了吗,5941625434,2,2023-07-15 10:15:28
搁浅忘忧zf1,8052374829,17,2,0,100,开心,好听,5941548778,1,2023-07-15 04:27:05
阿拂诶,2111930242,0,2,0,100,未完待续,谢谢 你是个好人 评论区一堆莫名其妙的人过来喷我,5941486658,0,2023-07-15 01:06:19
醉入清眠,1536172773,0,2,420000,420200,,呵呵，那你管我干啥[撇嘴],5941337011,0,2023-07-14 20:57:06
陌殃未央,1412011876,0,2,140000,141100,,听徐涛讲到了这part，然后想到了这首歌，优来听听[多多比耶],5941074818,9,2023-07-14 15:40:09
timer-k,1604810442,0,2,110000,110101,,聚似飞霜不肯融散如尘埃各西东，痴人说着梦都道情之所钟。,5940840036,2,2023-07-14 08:28:57
不要被撅,6385764842,0,0,440000,440300,,姐妹还是不要ky啦，会招黑的,5940815794,1,2023-07-14 06:47:46
不要被撅,6385764842,0,0,440000,440300,,虽然我也是钢铁心脏双玄党但是姐妹还是不要ky啦,5940811731,3,2023-07-14 06:45:57
生草十九米高,1695439133,0,1,360000,360700,岸边十九一动不动,好几年了还是好喜欢,5940799477,1,2023-07-14 05:09:02
Signification_,305716099,0,0,0,100,承君之意.,你真好笑哈這樣就威脅了？既然知道自己不對還發出來你能發我就能說 也對哈粉絲都這樣了難怪正主抄襲呢 你們粉絲正主臉皮都是厚厚的哈,5939928026,0,2023-07-12 21:09:20
荟还是欣,3311539024,0,2,0,100,,首先ky是我不对，其次你是在威胁我吗？要是我再ky你是不是能杀死我呢,5939927829,1,2023-07-12 21:07:01
燃林林,4918251279,20,1,610000,610100,,交朋友吗,5939824921,1,2023-07-12 17:31:38
叮咯咙咚琦,1743061816,21,2,220000,220100,,河清海晏[流泪][流泪],5939761285,1,2023-07-12 14:59:11
亦书亦乐,4031117187,0,0,0,100,,主观唯心主义,5939638624,1,2023-07-12 10:30:47
-魚香rou丝-,6284137806,14,2,410000,410300,官人进来坐坐好嘛,“温，温客行。”,5939300116,3,2023-07-11 18:34:47
编剧大M,362167005,0,1,120000,120105,不讲理的编剧,好适合《长安三万里》的适白[流泪][流泪],5938950098,1,2023-07-11 09:20:47
寡墨子,3393358652,16,1,440000,440800,,这首歌先出的🤗,5938945505,6,2023-07-11 09:11:56
寡墨子,3393358652,16,1,440000,440800,,这俩都不沾边,5938945940,1,2023-07-11 09:04:05
学医救不了沙雕ADC,630760355,29,2,350000,350200,我永远喜欢Clearlove(｡･ω･｡),主观唯心主义,5938930361,7,2023-07-11 08:22:14
sunburst__kR1O,3285890413,0,2,440000,440100,,你的对不起算什么东西，这句话我哭死,5938795950,5,2023-07-10 23:33:23
sunburst__kR1O,3285890413,0,2,440000,440100,,找到双玄的组织了,5938794022,1,2023-07-10 23:32:53
sunburst__kR1O,3285890413,0,2,440000,440100,,双玄死去的大刀狠狠地扎进我心脏,5938791469,1,2023-07-10 23:32:23
泠泠一水间,318073356,0,0,0,100,,肖战[爱心],5938626244,0,2023-07-10 17:56:23
r靳译肯,4964637720,0,2,320000,321200,success,听这首歌的时候，看的是《月明千里》现在都忘不掉,5938612979,5,2023-07-10 17:19:49
楼海结生云,548918320,0,2,0,100,我曾在故事中借主角名义独自挥斥也曾故事外借观者口吻宣泄偏执。,我记得起风了好像是先上车后买票的,5938596119,1,2023-07-10 16:37:15
安然不打野,1409036917,34,0,110000,110101,,这和起风了是一个妈妈生的吗,5938488613,0,2023-07-10 12:07:13
爱你灵魂纯粹,1830135638,0,2,0,100,QWQ,“我绝不向弱者拔剑”,5938379843,0,2023-07-10 03:51:31
vulnerable_species,337197802,0,0,0,100,KFC大战麦当当，最后蜜雪冰城笑了,如果风也知道我对他心动，那可否将我的心意传达告诉他，我也对他甚是想念,5938344761,2,2023-07-10 01:19:47
天空中的一抹橙,567565855,23,2,610000,610100,,是风动，亦是心动,5938264990,1,2023-07-09 23:04:34
明月清风_A,287855690,24,0,140000,140100,他强任他强，清风拂山岗。,文学综合,5938156186,0,2023-07-09 19:38:15
兴仔tcl,64667559,0,0,450000,450100,银行的存在只有一个目的：被人抢劫,红楼梦 · 群像 | 全 员 灵 动，就问你还翻拍什么,5937852756,9,2023-07-09 03:34:44
-若即若離花-,1650209031,0,2,500000,500101,若即若離花，如夢如幻月,怎么好多评论都说前奏像起风了，起风了是翻的高桥优2014年的《ヤキモチ》，然后他们两个都有曲谱，说像的可以先自己对比一下再甩明确证据，随便说一句像啊也搞得人摸不着头脑,5937832970,3,2023-07-09 02:12:23
-若即若離花-,1650209031,0,2,500000,500101,若即若離花，如夢如幻月,两个都有曲谱，对比清楚了再出来说吧,5937829289,0,2023-07-09 02:05:43
-若即若離花-,1650209031,0,2,500000,500101,若即若離花，如夢如幻月,起风了翻唱高桥优的《ヤキモチ》有曲谱的，可以自己对比看看再说像不像,5937831105,1,2023-07-09 02:04:03
李常超的太子妃,283634587,27,2,370000,370100,沉迷各种男声男色女声女色以及动漫无法自拔，CN：慕燃,突然愣住,5937052368,1,2023-07-07 18:59:33
nothing_no-no,3272336820,0,0,0,100,大浪拍行都成為漣漪,曾经沧海难为水，除却巫山不是云。,5937022022,2,2023-07-07 17:43:41
